Using pre-set license
Built from '2021.3/release' branch; Version is '2021.3.27f1 (ca3ffb99bcc6) revision 13254651'; Using compiler version '192829333'; Build Type 'Release'
OS: 'Windows 10  (10.0.19045) 64bit Core' Language: 'ru' Physical Memory: 15775 MB
BatchMode: 1, IsHumanControllingUs: 0, StartBugReporterOnCrash: 0, Is64bit: 1, IsPro: 1

COMMAND LINE ARGUMENTS:
C:\Program Files\Unity\Hub\Editor\2021.3.27f1\Editor\Unity.exe
-adb2
-batchMode
-noUpm
-name
AssetImportWorker2
-projectPath
C:/PetProjects/AzurTestTaskTA
-logFile
Logs/AssetImportWorker2.log
-srvPort
58606
Successfully changed project path to: C:/PetProjects/AzurTestTaskTA
C:/PetProjects/AzurTestTaskTA
[UnityMemory] Configuration Parameters - Can be set up in boot.config
    "memorysetup-bucket-allocator-granularity=16"
    "memorysetup-bucket-allocator-bucket-count=8"
    "memorysetup-bucket-allocator-block-size=33554432"
    "memorysetup-bucket-allocator-block-count=8"
    "memorysetup-main-allocator-block-size=16777216"
    "memorysetup-thread-allocator-block-size=16777216"
    "memorysetup-gfx-main-allocator-block-size=16777216"
    "memorysetup-gfx-thread-allocator-block-size=16777216"
    "memorysetup-cache-allocator-block-size=4194304"
    "memorysetup-typetree-allocator-block-size=2097152"
    "memorysetup-profiler-bucket-allocator-granularity=16"
    "memorysetup-profiler-bucket-allocator-bucket-count=8"
    "memorysetup-profiler-bucket-allocator-block-size=33554432"
    "memorysetup-profiler-bucket-allocator-block-count=8"
    "memorysetup-profiler-allocator-block-size=16777216"
    "memorysetup-profiler-editor-allocator-block-size=1048576"
    "memorysetup-temp-allocator-size-main=16777216"
    "memorysetup-job-temp-allocator-block-size=2097152"
    "memorysetup-job-temp-allocator-block-size-background=1048576"
    "memorysetup-job-temp-allocator-reduction-small-platforms=262144"
    "memorysetup-temp-allocator-size-background-worker=32768"
    "memorysetup-temp-allocator-size-job-worker=262144"
    "memorysetup-temp-allocator-size-preload-manager=33554432"
    "memorysetup-temp-allocator-size-nav-mesh-worker=65536"
    "memorysetup-temp-allocator-size-audio-worker=65536"
    "memorysetup-temp-allocator-size-cloud-worker=32768"
    "memorysetup-temp-allocator-size-gi-baking-worker=262144"
    "memorysetup-temp-allocator-size-gfx=262144"
Player connection [25924] Host "[IP] 10.0.0.1 [Port] 0 [Flags] 2 [Guid] 2410499905 [EditorId] 2410499905 [Version] 1048832 [Id] WindowsEditor(7,DESKTOP-C6GO51N) [Debug] 1 [PackageName] WindowsEditor [ProjectName] Editor" joined multi-casting on [225.0.0.222:54997]...

Player connection [25924] Host "[IP] 10.0.0.1 [Port] 0 [Flags] 2 [Guid] 2410499905 [EditorId] 2410499905 [Version] 1048832 [Id] WindowsEditor(7,DESKTOP-C6GO51N) [Debug] 1 [PackageName] WindowsEditor [ProjectName] Editor" joined alternative multi-casting on [225.0.0.222:34997]...

Refreshing native plugins compatible for Editor in 62.24 ms, found 3 plugins.
Preloading 0 native plugins for Editor in 0.00 ms.
Initialize engine version: 2021.3.27f1 (ca3ffb99bcc6)
[Subsystems] Discovering subsystems at path C:/Program Files/Unity/Hub/Editor/2021.3.27f1/Editor/Data/Resources/UnitySubsystems
[Subsystems] Discovering subsystems at path C:/PetProjects/AzurTestTaskTA/Assets
GfxDevice: creating device client; threaded=0; jobified=0
Direct3D:
    Version:  Direct3D 11.0 [level 11.1]
    Renderer: AMD Radeon(TM) Graphics (ID=0x1638)
    Vendor:   ATI
    VRAM:     7887 MB
    Driver:   30.0.13016.3
Initialize mono
Mono path[0] = 'C:/Program Files/Unity/Hub/Editor/2021.3.27f1/Editor/Data/Managed'
Mono path[1] = 'C:/Program Files/Unity/Hub/Editor/2021.3.27f1/Editor/Data/MonoBleedingEdge/lib/mono/unityjit-win32'
Mono config path = 'C:/Program Files/Unity/Hub/Editor/2021.3.27f1/Editor/Data/MonoBleedingEdge/etc'
Using monoOptions --debugger-agent=transport=dt_socket,embedding=1,server=y,suspend=n,address=127.0.0.1:56032
Begin MonoManager ReloadAssembly
Registering precompiled unity dll's ...
Register platform support module: C:/Program Files/Unity/Hub/Editor/2021.3.27f1/Editor/Data/PlaybackEngines/WebGLSupport/UnityEditor.WebGL.Extensions.dll
Register platform support module: C:/Program Files/Unity/Hub/Editor/2021.3.27f1/Editor/Data/PlaybackEngines/AndroidPlayer/UnityEditor.Android.Extensions.dll
Register platform support module: C:/Program Files/Unity/Hub/Editor/2021.3.27f1/Editor/Data/PlaybackEngines/iOSSupport/UnityEditor.iOS.Extensions.dll
Register platform support module: C:/Program Files/Unity/Hub/Editor/2021.3.27f1/Editor/Data/PlaybackEngines/WindowsStandaloneSupport/UnityEditor.WindowsStandalone.Extensions.dll
Registered in 0.008216 seconds.
Native extension for WindowsStandalone target not found
[usbmuxd] Start listen thread
[usbmuxd] Listen thread started
Native extension for iOS target not found
Native extension for Android target not found
Native extension for WebGL target not found
Refreshing native plugins compatible for Editor in 61.83 ms, found 3 plugins.
Preloading 0 native plugins for Editor in 0.00 ms.
Mono: successfully reloaded assembly
- Completed reload, in  0.615 seconds
Domain Reload Profiling:
	ReloadAssembly (615ms)
		BeginReloadAssembly (78ms)
			ExecutionOrderSort (0ms)
			DisableScriptedObjects (0ms)
			BackupInstance (0ms)
			ReleaseScriptingObjects (0ms)
			CreateAndSetChildDomain (1ms)
		EndReloadAssembly (446ms)
			LoadAssemblies (76ms)
			RebuildTransferFunctionScriptingTraits (0ms)
			SetupTypeCache (100ms)
			ReleaseScriptCaches (0ms)
			RebuildScriptCaches (25ms)
			SetupLoadedEditorAssemblies (274ms)
				LogAssemblyErrors (0ms)
				InitializePlatformSupportModulesInManaged (88ms)
				SetLoadedEditorAssemblies (0ms)
				RefreshPlugins (62ms)
				BeforeProcessingInitializeOnLoad (1ms)
				ProcessInitializeOnLoadAttributes (79ms)
				ProcessInitializeOnLoadMethodAttributes (43ms)
				AfterProcessingInitializeOnLoad (0ms)
				EditorAssembliesLoaded (0ms)
			ExecutionOrderSort2 (0ms)
			AwakeInstancesAfterBackupRestoration (0ms)
Platform modules already initialized, skipping
Registering precompiled user dll's ...
Registered in 0.003914 seconds.
Begin MonoManager ReloadAssembly
Symbol file LoadedFromMemory doesn't match image C:\PetProjects\AzurTestTaskTA\Library\PackageCache\com.unity.visualscripting@1.8.0\Editor\VisualScripting.Core\Dependencies\YamlDotNet\Unity.VisualScripting.YamlDotNet.dll
Symbol file LoadedFromMemory doesn't match image C:\PetProjects\AzurTestTaskTA\Library\PackageCache\com.unity.visualscripting@1.8.0\Editor\VisualScripting.Core\Dependencies\DotNetZip\Unity.VisualScripting.IonicZip.dll
Native extension for WindowsStandalone target not found
Native extension for iOS target not found
Native extension for Android target not found
Native extension for WebGL target not found
Refreshing native plugins compatible for Editor in 0.57 ms, found 3 plugins.
Preloading 0 native plugins for Editor in 0.00 ms.
Mono: successfully reloaded assembly
- Completed reload, in  5.931 seconds
Domain Reload Profiling:
	ReloadAssembly (5932ms)
		BeginReloadAssembly (113ms)
			ExecutionOrderSort (0ms)
			DisableScriptedObjects (6ms)
			BackupInstance (0ms)
			ReleaseScriptingObjects (0ms)
			CreateAndSetChildDomain (24ms)
		EndReloadAssembly (5651ms)
			LoadAssemblies (4064ms)
			RebuildTransferFunctionScriptingTraits (0ms)
			SetupTypeCache (1110ms)
			ReleaseScriptCaches (1ms)
			RebuildScriptCaches (46ms)
			SetupLoadedEditorAssemblies (393ms)
				LogAssemblyErrors (0ms)
				InitializePlatformSupportModulesInManaged (30ms)
				SetLoadedEditorAssemblies (0ms)
				RefreshPlugins (1ms)
				BeforeProcessingInitializeOnLoad (68ms)
				ProcessInitializeOnLoadAttributes (267ms)
				ProcessInitializeOnLoadMethodAttributes (20ms)
				AfterProcessingInitializeOnLoad (6ms)
				EditorAssembliesLoaded (0ms)
			ExecutionOrderSort2 (0ms)
			AwakeInstancesAfterBackupRestoration (6ms)
Platform modules already initialized, skipping
========================================================================
Worker process is ready to serve import requests
Launched and connected shader compiler UnityShaderCompiler.exe after 0.29 seconds
Refreshing native plugins compatible for Editor in 0.60 ms, found 3 plugins.
Preloading 0 native plugins for Editor in 0.00 ms.
Unloading 3052 Unused Serialized files (Serialized files now loaded: 0)
Unloading 22 unused Assets / (46.3 KB). Loaded Objects now: 3517.
Memory consumption went from 112.1 MB to 112.0 MB.
Total: 3.002700 ms (FindLiveObjects: 0.291300 ms CreateObjectMapping: 0.134100 ms MarkObjects: 2.490800 ms  DeleteObjects: 0.085400 ms)

AssetImportParameters requested are different than current active one (requested -> active):
  custom:video-decoder-ogg-theora: a1e56fd34408186e4bbccfd4996cb3dc -> 
  custom:container-muxer-webm: aa71ff27fc2769a1b78a27578f13a17b -> 
  custom:container-demuxer-webm: 4f35f7cbe854078d1ac9338744f61a02 -> 
  custom:video-encoder-webm-vp8: eb34c28f22e8b96e1ab97ce403110664 -> 
  custom:audio-encoder-webm-vorbis: bf7c407c2cedff20999df2af8eb42d56 -> 
  custom:framework-win-MediaFoundation: 216162199b28c13a410421893ffa2e32 -> 
  custom:container-demuxer-ogg: 62fdf1f143b41e24485cea50d1cbac27 -> 
  custom:video-decoder-webm-vp8: 9c59270c3fd7afecdb556c50c9e8de78 -> 
  custom:audio-decoder-ogg-vorbis: bf7c407c2cedff20999df2af8eb42d56 -> 
========================================================================
Received Import Request.
  Time since last request: 2074799.324440 seconds.
  path: Assets/level.png
  artifactKey: Guid(8969eed408f86904b9741ea8c6889f14) Importer(815301076,1909f56bfc062723c751e8b465ee728b)
Start importing Assets/level.png using Guid(8969eed408f86904b9741ea8c6889f14) Importer(815301076,1909f56bfc062723c751e8b465ee728b)  -> (artifact id: 'f4de2b46cffd1cca95d3436d6e53353e') in 0.400382 seconds 
========================================================================
Received Import Request.
  Time since last request: 568.327797 seconds.
  path: Assets
  artifactKey: Guid(00000000000000001000000000000000) Importer(815301076,1909f56bfc062723c751e8b465ee728b)
Start importing Assets using Guid(00000000000000001000000000000000) Importer(815301076,1909f56bfc062723c751e8b465ee728b)  -> (artifact id: '79842766b460edbeab6a34051e857a80') in 0.010912 seconds 
========================================================================
Received Import Request.
  Time since last request: 18.784043 seconds.
  path: Assets/AzurTestTask
  artifactKey: Guid(bcf072852b9527e4ea2ccce0f92eeafd) Importer(815301076,1909f56bfc062723c751e8b465ee728b)
Start importing Assets/AzurTestTask using Guid(bcf072852b9527e4ea2ccce0f92eeafd) Importer(815301076,1909f56bfc062723c751e8b465ee728b)  -> (artifact id: '5838a505f1dab5cccfe2af850b6febc4') in 0.009191 seconds 
========================================================================
Received Import Request.
  Time since last request: 12.749392 seconds.
  path: Assets/AzurTestTask/Scenes
  artifactKey: Guid(6b02b6a7dc00d004eb0a43f3e0dacbdc) Importer(815301076,1909f56bfc062723c751e8b465ee728b)
Start importing Assets/AzurTestTask/Scenes using Guid(6b02b6a7dc00d004eb0a43f3e0dacbdc) Importer(815301076,1909f56bfc062723c751e8b465ee728b)  -> (artifact id: '6b9200dec69a808bf3674868858aa70f') in 0.011263 seconds 
========================================================================
Received Import Request.
  Time since last request: 0.850332 seconds.
  path: Assets/AzurTestTask/Scenes/SampleScene.unity
  artifactKey: Guid(9fc0d4010bbf28b4594072e72b8655ab) Importer(815301076,1909f56bfc062723c751e8b465ee728b)
Start importing Assets/AzurTestTask/Scenes/SampleScene.unity using Guid(9fc0d4010bbf28b4594072e72b8655ab) Importer(815301076,1909f56bfc062723c751e8b465ee728b)  -> (artifact id: 'e55ccaa32d8e5c1de03c07a5412c8c3c') in 0.009381 seconds 
========================================================================
Received Import Request.
  Time since last request: 5.674314 seconds.
  path: Assets/AzurTestTask/Scenes/MainScene.unity
  artifactKey: Guid(9fc0d4010bbf28b4594072e72b8655ab) Importer(815301076,1909f56bfc062723c751e8b465ee728b)
Start importing Assets/AzurTestTask/Scenes/MainScene.unity using Guid(9fc0d4010bbf28b4594072e72b8655ab) Importer(815301076,1909f56bfc062723c751e8b465ee728b)  -> (artifact id: 'c46a3c8cd777ef06ef45b6860d2a7338') in 0.009270 seconds 
========================================================================
Received Import Request.
  Time since last request: 9.534849 seconds.
  path: Assets/AzurTestTask/Prefabs
  artifactKey: Guid(50ae2b67ea3cacb4d8ff70dd7d3bc895) Importer(815301076,1909f56bfc062723c751e8b465ee728b)
Start importing Assets/AzurTestTask/Prefabs using Guid(50ae2b67ea3cacb4d8ff70dd7d3bc895) Importer(815301076,1909f56bfc062723c751e8b465ee728b)  -> (artifact id: '42181cad5787255391b38eb342a3a73b') in 0.009102 seconds 
========================================================================
Received Import Request.
  Time since last request: 6.262076 seconds.
  path: Assets/AzurTestTask/Sprites
  artifactKey: Guid(72a1478c9f0cacb4ea86d15f48eee755) Importer(815301076,1909f56bfc062723c751e8b465ee728b)
Start importing Assets/AzurTestTask/Sprites using Guid(72a1478c9f0cacb4ea86d15f48eee755) Importer(815301076,1909f56bfc062723c751e8b465ee728b)  -> (artifact id: 'f93ed0fa9e7bca76bdbf264f479c5cd4') in 0.008405 seconds 
========================================================================
Received Import Request.
  Time since last request: 11.815907 seconds.
  path: Assets/AzurTestTask/Scripts
  artifactKey: Guid(936215d0b5dbfb743a8ad58b68ef0bcb) Importer(815301076,1909f56bfc062723c751e8b465ee728b)
Start importing Assets/AzurTestTask/Scripts using Guid(936215d0b5dbfb743a8ad58b68ef0bcb) Importer(815301076,1909f56bfc062723c751e8b465ee728b)  -> (artifact id: 'b5652a6e617eeaa6a4293fe101361af1') in 0.008722 seconds 
========================================================================
Received Import Request.
  Time since last request: 88.841767 seconds.
  path: Assets/AzurTestTask/Sprites/Ladder.png
  artifactKey: Guid(8cdc47c3d3440a54e83ee96f480c1f28) Importer(815301076,1909f56bfc062723c751e8b465ee728b)
Start importing Assets/AzurTestTask/Sprites/Ladder.png using Guid(8cdc47c3d3440a54e83ee96f480c1f28) Importer(815301076,1909f56bfc062723c751e8b465ee728b)  -> (artifact id: 'ca8daf5f6123a3ebb0fccca65ca1e8f8') in 0.014234 seconds 
========================================================================
Received Import Request.
  Time since last request: 2.303996 seconds.
  path: Assets/AzurTestTask/Sprites/cloud.png
  artifactKey: Guid(d8c1c73f4315b9c4baa24f6fc70c45b7) Importer(815301076,1909f56bfc062723c751e8b465ee728b)
Start importing Assets/AzurTestTask/Sprites/cloud.png using Guid(d8c1c73f4315b9c4baa24f6fc70c45b7) Importer(815301076,1909f56bfc062723c751e8b465ee728b)  -> (artifact id: '1a64c5da21abe6544ffd13729055daa0') in 0.016460 seconds 
========================================================================
Received Import Request.
  Time since last request: 12.241292 seconds.
  path: Assets/AzurTestTask/Sprites/door1_arch.png
  artifactKey: Guid(6c71387d7e13bb04dbcd1deefb41d665) Importer(815301076,1909f56bfc062723c751e8b465ee728b)
Start importing Assets/AzurTestTask/Sprites/door1_arch.png using Guid(6c71387d7e13bb04dbcd1deefb41d665) Importer(815301076,1909f56bfc062723c751e8b465ee728b)  -> (artifact id: '342de206be42ad8f1dbd62ada2e69831') in 0.013623 seconds 
========================================================================
Received Import Request.
  Time since last request: 14.342898 seconds.
  path: Assets/AzurTestTask/Sprites/cloud.png
  artifactKey: Guid(d8c1c73f4315b9c4baa24f6fc70c45b7) Importer(815301076,1909f56bfc062723c751e8b465ee728b)
Start importing Assets/AzurTestTask/Sprites/cloud.png using Guid(d8c1c73f4315b9c4baa24f6fc70c45b7) Importer(815301076,1909f56bfc062723c751e8b465ee728b)  -> (artifact id: '45e727a2b5e696a87d2ea69ebbbca8d6') in 0.366789 seconds 
========================================================================
Received Import Request.
  Time since last request: 3.095239 seconds.
  path: Assets/AzurTestTask/Sprites/barrels_outline.png
  artifactKey: Guid(0d4cbb72115c526449ab5e38c03d5bbf) Importer(815301076,1909f56bfc062723c751e8b465ee728b)
Start importing Assets/AzurTestTask/Sprites/barrels_outline.png using Guid(0d4cbb72115c526449ab5e38c03d5bbf) Importer(815301076,1909f56bfc062723c751e8b465ee728b)  -> (artifact id: 'd55987b3b42f4d889dab10187a537aff') in 0.019705 seconds 
========================================================================
Received Import Request.
  Time since last request: 1.021485 seconds.
  path: Assets/AzurTestTask/Sprites/barrels.png
  artifactKey: Guid(cd12324e5e31c9d4c831488a90932451) Importer(815301076,1909f56bfc062723c751e8b465ee728b)
Start importing Assets/AzurTestTask/Sprites/barrels.png using Guid(cd12324e5e31c9d4c831488a90932451) Importer(815301076,1909f56bfc062723c751e8b465ee728b)  -> (artifact id: '152f24e1c9873d9b2300e09550747761') in 0.017691 seconds 
========================================================================
Received Import Request.
  Time since last request: 4.059315 seconds.
  path: Assets/AzurTestTask/Sprites/barrels_shadow.png
  artifactKey: Guid(85092bcdb12c8dd49928d375404a0aaa) Importer(815301076,1909f56bfc062723c751e8b465ee728b)
Start importing Assets/AzurTestTask/Sprites/barrels_shadow.png using Guid(85092bcdb12c8dd49928d375404a0aaa) Importer(815301076,1909f56bfc062723c751e8b465ee728b)  -> (artifact id: 'e389804f3f6faa299df4e2b279e9c3e2') in 0.023485 seconds 
========================================================================
Received Import Request.
  Time since last request: 11.317429 seconds.
  path: Assets/AzurTestTask/Sprites/door1_arch.png
  artifactKey: Guid(6c71387d7e13bb04dbcd1deefb41d665) Importer(815301076,1909f56bfc062723c751e8b465ee728b)
Start importing Assets/AzurTestTask/Sprites/door1_arch.png using Guid(6c71387d7e13bb04dbcd1deefb41d665) Importer(815301076,1909f56bfc062723c751e8b465ee728b)  -> (artifact id: 'd7b10999e8df275bffc4fea7fcdbf8ef') in 0.022056 seconds 
========================================================================
Received Import Request.
  Time since last request: 2.781129 seconds.
  path: Assets/AzurTestTask/Sprites/door1_closed.png
  artifactKey: Guid(af1810d908dc78449a3e216031a43ffa) Importer(815301076,1909f56bfc062723c751e8b465ee728b)
Start importing Assets/AzurTestTask/Sprites/door1_closed.png using Guid(af1810d908dc78449a3e216031a43ffa) Importer(815301076,1909f56bfc062723c751e8b465ee728b)  -> (artifact id: '7c193c54cc2464875205abd04f95b241') in 0.020260 seconds 
========================================================================
Received Import Request.
  Time since last request: 2.312516 seconds.
  path: Assets/AzurTestTask/Sprites/door1_open.png
  artifactKey: Guid(e869b8b11a67e0b428a8a92a534340fd) Importer(815301076,1909f56bfc062723c751e8b465ee728b)
Start importing Assets/AzurTestTask/Sprites/door1_open.png using Guid(e869b8b11a67e0b428a8a92a534340fd) Importer(815301076,1909f56bfc062723c751e8b465ee728b)  -> (artifact id: '9d5f08406d979772e557e4e64d48b35d') in 0.018061 seconds 
========================================================================
Received Import Request.
  Time since last request: 1.034987 seconds.
  path: Assets/AzurTestTask/Sprites/door2_arch.png
  artifactKey: Guid(71e1436987e2b4448a4a7d9aad6a0593) Importer(815301076,1909f56bfc062723c751e8b465ee728b)
Start importing Assets/AzurTestTask/Sprites/door2_arch.png using Guid(71e1436987e2b4448a4a7d9aad6a0593) Importer(815301076,1909f56bfc062723c751e8b465ee728b)  -> (artifact id: '07f002af643e6f5efe061936ba334c35') in 0.022427 seconds 
========================================================================
Received Import Request.
  Time since last request: 0.872040 seconds.
  path: Assets/AzurTestTask/Sprites/door3_arch.png
  artifactKey: Guid(7b473f2ac96b00f479b6f02075e1cd83) Importer(815301076,1909f56bfc062723c751e8b465ee728b)
Start importing Assets/AzurTestTask/Sprites/door3_arch.png using Guid(7b473f2ac96b00f479b6f02075e1cd83) Importer(815301076,1909f56bfc062723c751e8b465ee728b)  -> (artifact id: 'fcbdd408cd9d9f2a169152ddd7757a79') in 0.022720 seconds 
========================================================================
Received Import Request.
  Time since last request: 0.520060 seconds.
  path: Assets/AzurTestTask/Sprites/fire.png
  artifactKey: Guid(c77ad56e97d2db04fb202395fb66087e) Importer(815301076,1909f56bfc062723c751e8b465ee728b)
Start importing Assets/AzurTestTask/Sprites/fire.png using Guid(c77ad56e97d2db04fb202395fb66087e) Importer(815301076,1909f56bfc062723c751e8b465ee728b)  -> (artifact id: '1278b22614bd86120d67d1b5a8e08260') in 0.031259 seconds 
========================================================================
Received Import Request.
  Time since last request: 2.978368 seconds.
  path: Assets/AzurTestTask/Sprites/fireplace.png
  artifactKey: Guid(1ae017473d6bfe947a2fa82b893bbbd8) Importer(815301076,1909f56bfc062723c751e8b465ee728b)
Start importing Assets/AzurTestTask/Sprites/fireplace.png using Guid(1ae017473d6bfe947a2fa82b893bbbd8) Importer(815301076,1909f56bfc062723c751e8b465ee728b)  -> (artifact id: '5b3df286c9a2582263b8a12aea376162') in 0.018531 seconds 
========================================================================
Received Import Request.
  Time since last request: 0.682356 seconds.
  path: Assets/AzurTestTask/Sprites/Ladder.png
  artifactKey: Guid(8cdc47c3d3440a54e83ee96f480c1f28) Importer(815301076,1909f56bfc062723c751e8b465ee728b)
Start importing Assets/AzurTestTask/Sprites/Ladder.png using Guid(8cdc47c3d3440a54e83ee96f480c1f28) Importer(815301076,1909f56bfc062723c751e8b465ee728b)  -> (artifact id: 'eebed9cdc2302177f94d34aaaf6522cc') in 0.064415 seconds 
========================================================================
Received Import Request.
  Time since last request: 3.785162 seconds.
  path: Assets/AzurTestTask/Sprites/level.png
  artifactKey: Guid(e27a1698c6d268240b9d89f6a6a507e9) Importer(815301076,1909f56bfc062723c751e8b465ee728b)
Start importing Assets/AzurTestTask/Sprites/level.png using Guid(e27a1698c6d268240b9d89f6a6a507e9) Importer(815301076,1909f56bfc062723c751e8b465ee728b)  -> (artifact id: 'f31fcb2e98e52ff649fa091d839c4150') in 0.286620 seconds 
========================================================================
Received Import Request.
  Time since last request: 0.851920 seconds.
  path: Assets/AzurTestTask/Sprites/light.png
  artifactKey: Guid(3254b948c82c6274bbdb785485bfd662) Importer(815301076,1909f56bfc062723c751e8b465ee728b)
Start importing Assets/AzurTestTask/Sprites/light.png using Guid(3254b948c82c6274bbdb785485bfd662) Importer(815301076,1909f56bfc062723c751e8b465ee728b)  -> (artifact id: 'a9e4751c82b7c39aac6ee5825f881352') in 0.019405 seconds 
========================================================================
Received Import Request.
  Time since last request: 8.535591 seconds.
  path: Assets/AzurTestTask/Sprites/smoke.png
  artifactKey: Guid(c77bd059a6526844f8d89134a51df512) Importer(815301076,1909f56bfc062723c751e8b465ee728b)
Start importing Assets/AzurTestTask/Sprites/smoke.png using Guid(c77bd059a6526844f8d89134a51df512) Importer(815301076,1909f56bfc062723c751e8b465ee728b)  -> (artifact id: '7ae9a9d11c68974408c9aa15860e47e0') in 0.064310 seconds 
========================================================================
Received Import Request.
  Time since last request: 0.658324 seconds.
  path: Assets/AzurTestTask/Sprites/smoke_1.png
  artifactKey: Guid(320da64be5f33b64d92bff789aef2ee8) Importer(815301076,1909f56bfc062723c751e8b465ee728b)
Start importing Assets/AzurTestTask/Sprites/smoke_1.png using Guid(320da64be5f33b64d92bff789aef2ee8) Importer(815301076,1909f56bfc062723c751e8b465ee728b)  -> (artifact id: 'af52fad5f97f11e129abe50dbfa6ae41') in 0.033907 seconds 
========================================================================
Received Import Request.
  Time since last request: 3.458671 seconds.
  path: Assets/AzurTestTask/Sprites/smoke_2.png
  artifactKey: Guid(47b9f00b6e0149e4091c7f5d9e8fcf5a) Importer(815301076,1909f56bfc062723c751e8b465ee728b)
Start importing Assets/AzurTestTask/Sprites/smoke_2.png using Guid(47b9f00b6e0149e4091c7f5d9e8fcf5a) Importer(815301076,1909f56bfc062723c751e8b465ee728b)  -> (artifact id: 'cd3bb0857cd874be8a9514253f4e43d2') in 0.029302 seconds 
========================================================================
Received Import Request.
  Time since last request: 6.076811 seconds.
  path: Assets/AzurTestTask/Sprites/smoke_3.png
  artifactKey: Guid(eb3443a6fb6d48d42ae623f357e7b5e0) Importer(815301076,1909f56bfc062723c751e8b465ee728b)
Start importing Assets/AzurTestTask/Sprites/smoke_3.png using Guid(eb3443a6fb6d48d42ae623f357e7b5e0) Importer(815301076,1909f56bfc062723c751e8b465ee728b)  -> (artifact id: '015f6ab13a3d9c253333d45a85c8b0db') in 0.030154 seconds 
========================================================================
Received Import Request.
  Time since last request: 1.562842 seconds.
  path: Assets/AzurTestTask/Sprites/spider1.png
  artifactKey: Guid(99477cbcd25cb9e4eaf7303e7fd264be) Importer(815301076,1909f56bfc062723c751e8b465ee728b)
Start importing Assets/AzurTestTask/Sprites/spider1.png using Guid(99477cbcd25cb9e4eaf7303e7fd264be) Importer(815301076,1909f56bfc062723c751e8b465ee728b)  -> (artifact id: '2fe6fddb53d9de55a658ce5e70d55312') in 0.023803 seconds 
========================================================================
Received Import Request.
  Time since last request: 1.688927 seconds.
  path: Assets/AzurTestTask/Sprites/Spider2.png
  artifactKey: Guid(f8a04cf529a405c4a9bd67cf24e9f7a5) Importer(815301076,1909f56bfc062723c751e8b465ee728b)
Start importing Assets/AzurTestTask/Sprites/Spider2.png using Guid(f8a04cf529a405c4a9bd67cf24e9f7a5) Importer(815301076,1909f56bfc062723c751e8b465ee728b)  -> (artifact id: '89de1becfa6d15b5e391cf5d806bbc10') in 0.016148 seconds 
========================================================================
Received Import Request.
  Time since last request: 307.264134 seconds.
  path: Assets/AzurTestTask/Sprites/level.png
  artifactKey: Guid(e27a1698c6d268240b9d89f6a6a507e9) Importer(815301076,1909f56bfc062723c751e8b465ee728b)
Start importing Assets/AzurTestTask/Sprites/level.png using Guid(e27a1698c6d268240b9d89f6a6a507e9) Importer(815301076,1909f56bfc062723c751e8b465ee728b)  -> (artifact id: 'd47c74fd9be0b1ce6f6a24ed1d76450e') in 0.262216 seconds 
========================================================================
Received Import Request.
  Time since last request: 131.202553 seconds.
  path: Assets/AzurTestTask/Sprites/level.png
  artifactKey: Guid(e27a1698c6d268240b9d89f6a6a507e9) Importer(815301076,1909f56bfc062723c751e8b465ee728b)
Start importing Assets/AzurTestTask/Sprites/level.png using Guid(e27a1698c6d268240b9d89f6a6a507e9) Importer(815301076,1909f56bfc062723c751e8b465ee728b)  -> (artifact id: '2ebf446c861f36e409f34af798ae36c3') in 0.658494 seconds 
========================================================================
Received Import Request.
  Time since last request: 118.929718 seconds.
  path: Assets/AzurTestTask/Sprites/level.png
  artifactKey: Guid(e27a1698c6d268240b9d89f6a6a507e9) Importer(815301076,1909f56bfc062723c751e8b465ee728b)
Start importing Assets/AzurTestTask/Sprites/level.png using Guid(e27a1698c6d268240b9d89f6a6a507e9) Importer(815301076,1909f56bfc062723c751e8b465ee728b)  -> (artifact id: 'a8692a9bc926880c351b48581eadac8d') in 0.650863 seconds 
========================================================================
Received Import Request.
  Time since last request: 13.955211 seconds.
  path: Assets/AzurTestTask/Sprites/level.png
  artifactKey: Guid(e27a1698c6d268240b9d89f6a6a507e9) Importer(815301076,1909f56bfc062723c751e8b465ee728b)
Start importing Assets/AzurTestTask/Sprites/level.png using Guid(e27a1698c6d268240b9d89f6a6a507e9) Importer(815301076,1909f56bfc062723c751e8b465ee728b)  -> (artifact id: '51efc05487e12ee5dcfe56d47c4803bb') in 0.496014 seconds 
========================================================================
Received Import Request.
  Time since last request: 15.331628 seconds.
  path: Assets/AzurTestTask/Sprites/level.png
  artifactKey: Guid(e27a1698c6d268240b9d89f6a6a507e9) Importer(815301076,1909f56bfc062723c751e8b465ee728b)
Start importing Assets/AzurTestTask/Sprites/level.png using Guid(e27a1698c6d268240b9d89f6a6a507e9) Importer(815301076,1909f56bfc062723c751e8b465ee728b)  -> (artifact id: '129c58f2e791de5d211824968eeab146') in 0.493241 seconds 
========================================================================
Received Prepare
Refreshing native plugins compatible for Editor in 4.31 ms, found 3 plugins.
Preloading 0 native plugins for Editor in 0.00 ms.
Unloading 15 Unused Serialized files (Serialized files now loaded: 0)
Unloading 15 unused Assets / (21.9 KB). Loaded Objects now: 3580.
Memory consumption went from 50.8 MB to 50.8 MB.
Total: 4.575900 ms (FindLiveObjects: 0.284900 ms CreateObjectMapping: 0.116400 ms MarkObjects: 4.135300 ms  DeleteObjects: 0.038100 ms)

AssetImportParameters requested are different than current active one (requested -> active):
  custom:video-decoder-ogg-theora: a1e56fd34408186e4bbccfd4996cb3dc -> 
  custom:container-muxer-webm: aa71ff27fc2769a1b78a27578f13a17b -> 
  custom:container-demuxer-webm: 4f35f7cbe854078d1ac9338744f61a02 -> 
  custom:video-encoder-webm-vp8: eb34c28f22e8b96e1ab97ce403110664 -> 
  custom:audio-encoder-webm-vorbis: bf7c407c2cedff20999df2af8eb42d56 -> 
  custom:framework-win-MediaFoundation: 216162199b28c13a410421893ffa2e32 -> 
  custom:container-demuxer-ogg: 62fdf1f143b41e24485cea50d1cbac27 -> 
  custom:video-decoder-webm-vp8: 9c59270c3fd7afecdb556c50c9e8de78 -> 
  custom:audio-decoder-ogg-vorbis: bf7c407c2cedff20999df2af8eb42d56 -> 
========================================================================
Received Prepare
Refreshing native plugins compatible for Editor in 3.02 ms, found 3 plugins.
Preloading 0 native plugins for Editor in 0.00 ms.
Unloading 15 Unused Serialized files (Serialized files now loaded: 0)
Unloading 15 unused Assets / (21.9 KB). Loaded Objects now: 3580.
Memory consumption went from 50.8 MB to 50.8 MB.
Total: 3.171600 ms (FindLiveObjects: 0.251600 ms CreateObjectMapping: 0.087400 ms MarkObjects: 2.804200 ms  DeleteObjects: 0.027500 ms)

AssetImportParameters requested are different than current active one (requested -> active):
  custom:video-decoder-ogg-theora: a1e56fd34408186e4bbccfd4996cb3dc -> 
  custom:container-muxer-webm: aa71ff27fc2769a1b78a27578f13a17b -> 
  custom:container-demuxer-webm: 4f35f7cbe854078d1ac9338744f61a02 -> 
  custom:video-encoder-webm-vp8: eb34c28f22e8b96e1ab97ce403110664 -> 
  custom:audio-encoder-webm-vorbis: bf7c407c2cedff20999df2af8eb42d56 -> 
  custom:framework-win-MediaFoundation: 216162199b28c13a410421893ffa2e32 -> 
  custom:container-demuxer-ogg: 62fdf1f143b41e24485cea50d1cbac27 -> 
  custom:video-decoder-webm-vp8: 9c59270c3fd7afecdb556c50c9e8de78 -> 
  custom:audio-decoder-ogg-vorbis: bf7c407c2cedff20999df2af8eb42d56 -> 
========================================================================
Received Import Request.
  Time since last request: 51.929401 seconds.
  path: Assets/AzurTestTask/Sprites/level.png
  artifactKey: Guid(e27a1698c6d268240b9d89f6a6a507e9) Importer(815301076,1909f56bfc062723c751e8b465ee728b)
Start importing Assets/AzurTestTask/Sprites/level.png using Guid(e27a1698c6d268240b9d89f6a6a507e9) Importer(815301076,1909f56bfc062723c751e8b465ee728b)  -> (artifact id: 'aa771bfbf302b1bd8906bbed7d2f485b') in 0.857996 seconds 
========================================================================
Received Prepare
Registering precompiled user dll's ...
Registered in 0.004467 seconds.
Begin MonoManager ReloadAssembly
Symbol file LoadedFromMemory doesn't match image C:\PetProjects\AzurTestTaskTA\Library\PackageCache\com.unity.visualscripting@1.8.0\Editor\VisualScripting.Core\Dependencies\YamlDotNet\Unity.VisualScripting.YamlDotNet.dll
Symbol file LoadedFromMemory doesn't match image C:\PetProjects\AzurTestTaskTA\Library\PackageCache\com.unity.visualscripting@1.8.0\Editor\VisualScripting.Core\Dependencies\DotNetZip\Unity.VisualScripting.IonicZip.dll
Native extension for WindowsStandalone target not found
Native extension for iOS target not found
Native extension for Android target not found
Native extension for WebGL target not found
Refreshing native plugins compatible for Editor in 0.61 ms, found 3 plugins.
Preloading 0 native plugins for Editor in 0.00 ms.
Mono: successfully reloaded assembly
- Completed reload, in  0.909 seconds
Domain Reload Profiling:
	ReloadAssembly (910ms)
		BeginReloadAssembly (136ms)
			ExecutionOrderSort (0ms)
			DisableScriptedObjects (5ms)
			BackupInstance (0ms)
			ReleaseScriptingObjects (0ms)
			CreateAndSetChildDomain (37ms)
		EndReloadAssembly (692ms)
			LoadAssemblies (81ms)
			RebuildTransferFunctionScriptingTraits (0ms)
			SetupTypeCache (262ms)
			ReleaseScriptCaches (1ms)
			RebuildScriptCaches (34ms)
			SetupLoadedEditorAssemblies (280ms)
				LogAssemblyErrors (0ms)
				InitializePlatformSupportModulesInManaged (33ms)
				SetLoadedEditorAssemblies (0ms)
				RefreshPlugins (1ms)
				BeforeProcessingInitializeOnLoad (51ms)
				ProcessInitializeOnLoadAttributes (165ms)
				ProcessInitializeOnLoadMethodAttributes (22ms)
				AfterProcessingInitializeOnLoad (6ms)
				EditorAssembliesLoaded (0ms)
			ExecutionOrderSort2 (0ms)
			AwakeInstancesAfterBackupRestoration (5ms)
Platform modules already initialized, skipping
Refreshing native plugins compatible for Editor in 1.55 ms, found 3 plugins.
Preloading 0 native plugins for Editor in 0.00 ms.
Unloading 3044 Unused Serialized files (Serialized files now loaded: 0)
Unloading 15 unused Assets / (22.0 KB). Loaded Objects now: 3582.
Memory consumption went from 111.6 MB to 111.6 MB.
Total: 3.871900 ms (FindLiveObjects: 0.377900 ms CreateObjectMapping: 0.193500 ms MarkObjects: 3.273200 ms  DeleteObjects: 0.026100 ms)

AssetImportParameters requested are different than current active one (requested -> active):
  custom:video-decoder-ogg-theora: a1e56fd34408186e4bbccfd4996cb3dc -> 
  custom:container-muxer-webm: aa71ff27fc2769a1b78a27578f13a17b -> 
  custom:container-demuxer-webm: 4f35f7cbe854078d1ac9338744f61a02 -> 
  custom:video-encoder-webm-vp8: eb34c28f22e8b96e1ab97ce403110664 -> 
  custom:audio-encoder-webm-vorbis: bf7c407c2cedff20999df2af8eb42d56 -> 
  custom:framework-win-MediaFoundation: 216162199b28c13a410421893ffa2e32 -> 
  custom:container-demuxer-ogg: 62fdf1f143b41e24485cea50d1cbac27 -> 
  custom:video-decoder-webm-vp8: 9c59270c3fd7afecdb556c50c9e8de78 -> 
  custom:audio-decoder-ogg-vorbis: bf7c407c2cedff20999df2af8eb42d56 -> 
========================================================================
Received Import Request.
  Time since last request: 60.078862 seconds.
  path: Assets/AzurTestTask/Sprites/level.png
  artifactKey: Guid(e27a1698c6d268240b9d89f6a6a507e9) Importer(815301076,1909f56bfc062723c751e8b465ee728b)
Start importing Assets/AzurTestTask/Sprites/level.png using Guid(e27a1698c6d268240b9d89f6a6a507e9) Importer(815301076,1909f56bfc062723c751e8b465ee728b)  -> (artifact id: 'fbc4b935110469dbd2eb22bfcaedcc36') in 0.596875 seconds 
========================================================================
Received Import Request.
  Time since last request: 314.273720 seconds.
  path: Assets/AzurTestTask/Sprites/fireplace.png
  artifactKey: Guid(1ae017473d6bfe947a2fa82b893bbbd8) Importer(815301076,1909f56bfc062723c751e8b465ee728b)
Start importing Assets/AzurTestTask/Sprites/fireplace.png using Guid(1ae017473d6bfe947a2fa82b893bbbd8) Importer(815301076,1909f56bfc062723c751e8b465ee728b)  -> (artifact id: 'a3cf995c42f6c94eb714463614df57b4') in 0.023215 seconds 
========================================================================
Received Import Request.
  Time since last request: 160.684172 seconds.
  path: Assets/TextMesh Pro/Resources/Fonts & Materials/LiberationSans SDF.asset
  artifactKey: Guid(8f586378b4e144a9851e7b34d9b748ee) Importer(815301076,1909f56bfc062723c751e8b465ee728b)
Start importing Assets/TextMesh Pro/Resources/Fonts & Materials/LiberationSans SDF.asset using Guid(8f586378b4e144a9851e7b34d9b748ee) Importer(815301076,1909f56bfc062723c751e8b465ee728b)  -> (artifact id: '75fb58fb5c4bb90caa3e11af5f213394') in 0.157149 seconds 
========================================================================
Received Import Request.
  Time since last request: 367.677700 seconds.
  path: Assets/TextMesh Pro
  artifactKey: Guid(f54d1bd14bd3ca042bd867b519fee8cc) Importer(815301076,1909f56bfc062723c751e8b465ee728b)
Start importing Assets/TextMesh Pro using Guid(f54d1bd14bd3ca042bd867b519fee8cc) Importer(815301076,1909f56bfc062723c751e8b465ee728b)  -> (artifact id: 'f5648c5ef36b7beab651a001a8d08867') in 0.009853 seconds 
========================================================================
Received Import Request.
  Time since last request: 18.828338 seconds.
  path: Assets/AzurTestTask/Orc
  artifactKey: Guid(c663f31753603974d94ae0e8275dd4d0) Importer(815301076,1909f56bfc062723c751e8b465ee728b)
Start importing Assets/AzurTestTask/Orc using Guid(c663f31753603974d94ae0e8275dd4d0) Importer(815301076,1909f56bfc062723c751e8b465ee728b)  -> (artifact id: '7dd1b612eb50798a1bbdf5f84475688a') in 0.009372 seconds 
========================================================================
Received Import Request.
  Time since last request: 26.158656 seconds.
  path: Assets/AzurTestTask/Orc/Orc.fbx
  artifactKey: Guid(fb9ad6c1189c1c4419ee6f3312a7afbc) Importer(815301076,1909f56bfc062723c751e8b465ee728b)
Start importing Assets/AzurTestTask/Orc/Orc.fbx using Guid(fb9ad6c1189c1c4419ee6f3312a7afbc) Importer(815301076,1909f56bfc062723c751e8b465ee728b)  -> (artifact id: 'efbaebddb77724edbc513319ab2bc779') in 0.338781 seconds 
========================================================================
Received Import Request.
  Time since last request: 4.764584 seconds.
  path: Assets/AzurTestTask/Orc/Orc_Orc_Albedo.png
  artifactKey: Guid(f42edd9675f886544bbdaa7f4d364c11) Importer(815301076,1909f56bfc062723c751e8b465ee728b)
Start importing Assets/AzurTestTask/Orc/Orc_Orc_Albedo.png using Guid(f42edd9675f886544bbdaa7f4d364c11) Importer(815301076,1909f56bfc062723c751e8b465ee728b)  -> (artifact id: '1630002c9fa05d6b1068b22d7f159f20') in 0.020468 seconds 
========================================================================
Received Import Request.
  Time since last request: 1352.666907 seconds.
  path: Assets/AzurTestTask/Orc/Orc_Orc_Albedo.png
  artifactKey: Guid(f42edd9675f886544bbdaa7f4d364c11) Importer(815301076,1909f56bfc062723c751e8b465ee728b)
Start importing Assets/AzurTestTask/Orc/Orc_Orc_Albedo.png using Guid(f42edd9675f886544bbdaa7f4d364c11) Importer(815301076,1909f56bfc062723c751e8b465ee728b)  -> (artifact id: '94561d372d1b454eb99a36183b4015aa') in 0.023065 seconds 
========================================================================
Received Import Request.
  Time since last request: 154.785750 seconds.
  path: Assets/AzurTestTask/Orc/Orc.fbx
  artifactKey: Guid(fb9ad6c1189c1c4419ee6f3312a7afbc) Importer(815301076,1909f56bfc062723c751e8b465ee728b)
Start importing Assets/AzurTestTask/Orc/Orc.fbx using Guid(fb9ad6c1189c1c4419ee6f3312a7afbc) Importer(815301076,1909f56bfc062723c751e8b465ee728b)  -> (artifact id: '1b8614a0e1df8fa038a29d275b9e1e89') in 0.148323 seconds 
========================================================================
Received Import Request.
  Time since last request: 3826.501154 seconds.
  path: Assets/AzurTestTask/Orc/Orc.fbx
  artifactKey: Guid(fb9ad6c1189c1c4419ee6f3312a7afbc) Importer(815301076,1909f56bfc062723c751e8b465ee728b)
Start importing Assets/AzurTestTask/Orc/Orc.fbx using Guid(fb9ad6c1189c1c4419ee6f3312a7afbc) Importer(815301076,1909f56bfc062723c751e8b465ee728b)  -> (artifact id: '323dd3acdcd5d4c9b8099b7f95499b42') in 0.074378 seconds 
========================================================================
Received Import Request.
  Time since last request: 312.321933 seconds.
  path: Assets/AzurTestTask/Orc/Orc.fbx
  artifactKey: Guid(fb9ad6c1189c1c4419ee6f3312a7afbc) Importer(815301076,1909f56bfc062723c751e8b465ee728b)
Start importing Assets/AzurTestTask/Orc/Orc.fbx using Guid(fb9ad6c1189c1c4419ee6f3312a7afbc) Importer(815301076,1909f56bfc062723c751e8b465ee728b)  -> (artifact id: '79ff0b8d079fa0c3d32c18d49a6bab3a') in 0.038183 seconds 
========================================================================
Received Import Request.
  Time since last request: 318.982633 seconds.
  path: Assets/AzurTestTask/Orc/Orc.fbx
  artifactKey: Guid(fb9ad6c1189c1c4419ee6f3312a7afbc) Importer(815301076,1909f56bfc062723c751e8b465ee728b)
Start importing Assets/AzurTestTask/Orc/Orc.fbx using Guid(fb9ad6c1189c1c4419ee6f3312a7afbc) Importer(815301076,1909f56bfc062723c751e8b465ee728b)  -> (artifact id: '0f8ea4aa5d2911769e9639e7d8bceeb9') in 0.030519 seconds 
========================================================================
Received Import Request.
  Time since last request: 19.751442 seconds.
  path: Assets/AzurTestTask/Orc/Orc.fbx
  artifactKey: Guid(fb9ad6c1189c1c4419ee6f3312a7afbc) Importer(815301076,1909f56bfc062723c751e8b465ee728b)
Start importing Assets/AzurTestTask/Orc/Orc.fbx using Guid(fb9ad6c1189c1c4419ee6f3312a7afbc) Importer(815301076,1909f56bfc062723c751e8b465ee728b)  -> (artifact id: '1d994511dc589563a6cc631a486757e1') in 0.030224 seconds 
========================================================================
Received Import Request.
  Time since last request: 18.529918 seconds.
  path: Assets/AzurTestTask/Orc/Materials
  artifactKey: Guid(50b0df37b16dc4b489a611e232a203bf) Importer(815301076,1909f56bfc062723c751e8b465ee728b)
Start importing Assets/AzurTestTask/Orc/Materials using Guid(50b0df37b16dc4b489a611e232a203bf) Importer(815301076,1909f56bfc062723c751e8b465ee728b)  -> (artifact id: '3612540f542f445ad053ccc26c1e62e3') in 0.009747 seconds 
========================================================================
Received Import Request.
  Time since last request: 79.626912 seconds.
  path: Assets/AzurTestTask/Orc/Orc_Orc_Albedo.png
  artifactKey: Guid(f42edd9675f886544bbdaa7f4d364c11) Importer(815301076,1909f56bfc062723c751e8b465ee728b)
Start importing Assets/AzurTestTask/Orc/Orc_Orc_Albedo.png using Guid(f42edd9675f886544bbdaa7f4d364c11) Importer(815301076,1909f56bfc062723c751e8b465ee728b)  -> (artifact id: 'f5f8f51c78bbbe91dede515ff3c0313b') in 0.019188 seconds 
========================================================================
Received Import Request.
  Time since last request: 161.316866 seconds.
  path: Assets/AzurTestTask/Orc/Orc_Orc_Albedo.png
  artifactKey: Guid(f42edd9675f886544bbdaa7f4d364c11) Importer(815301076,1909f56bfc062723c751e8b465ee728b)
Start importing Assets/AzurTestTask/Orc/Orc_Orc_Albedo.png using Guid(f42edd9675f886544bbdaa7f4d364c11) Importer(815301076,1909f56bfc062723c751e8b465ee728b)  -> (artifact id: '721e379cc85b9142aa4d065965077687') in 0.014890 seconds 
========================================================================
Received Import Request.
  Time since last request: 6.030427 seconds.
  path: Assets/AzurTestTask/Orc/Orc_Orc_Albedo.png
  artifactKey: Guid(f42edd9675f886544bbdaa7f4d364c11) Importer(815301076,1909f56bfc062723c751e8b465ee728b)
Start importing Assets/AzurTestTask/Orc/Orc_Orc_Albedo.png using Guid(f42edd9675f886544bbdaa7f4d364c11) Importer(815301076,1909f56bfc062723c751e8b465ee728b)  -> (artifact id: 'b98025f61339fa61f886d80b4dda65fb') in 0.016745 seconds 
========================================================================
Received Prepare
Refreshing native plugins compatible for Editor in 63.40 ms, found 3 plugins.
Preloading 0 native plugins for Editor in 0.00 ms.
Unloading 28 Unused Serialized files (Serialized files now loaded: 0)
Unloading 27 unused Assets / (0.6 MB). Loaded Objects now: 3628.
Memory consumption went from 66.6 MB to 65.9 MB.
Total: 31.032800 ms (FindLiveObjects: 0.303100 ms CreateObjectMapping: 0.133500 ms MarkObjects: 30.235700 ms  DeleteObjects: 0.358600 ms)

AssetImportParameters requested are different than current active one (requested -> active):
  colorSpace: 0 -> 1
  custom:video-decoder-ogg-theora: a1e56fd34408186e4bbccfd4996cb3dc -> 
  custom:container-muxer-webm: aa71ff27fc2769a1b78a27578f13a17b -> 
  custom:container-demuxer-webm: 4f35f7cbe854078d1ac9338744f61a02 -> 
  custom:video-encoder-webm-vp8: eb34c28f22e8b96e1ab97ce403110664 -> 
  custom:audio-encoder-webm-vorbis: bf7c407c2cedff20999df2af8eb42d56 -> 
  custom:framework-win-MediaFoundation: 216162199b28c13a410421893ffa2e32 -> 
  custom:container-demuxer-ogg: 62fdf1f143b41e24485cea50d1cbac27 -> 
  custom:video-decoder-webm-vp8: 9c59270c3fd7afecdb556c50c9e8de78 -> 
  custom:graphics/active-color-space: 02000000000000000000000000000000 -> 03000000000000000000000000000000
  custom:audio-decoder-ogg-vorbis: bf7c407c2cedff20999df2af8eb42d56 -> 
========================================================================
Received Import Request.
  Time since last request: 139.483610 seconds.
  path: Assets/AzurTestTask/Orc/Orc_Orc_Albedo.png
  artifactKey: Guid(f42edd9675f886544bbdaa7f4d364c11) Importer(815301076,1909f56bfc062723c751e8b465ee728b)
Start importing Assets/AzurTestTask/Orc/Orc_Orc_Albedo.png using Guid(f42edd9675f886544bbdaa7f4d364c11) Importer(815301076,1909f56bfc062723c751e8b465ee728b)  -> (artifact id: '701e1b5422f4944db7cf90d9a6491da2') in 0.018970 seconds 
========================================================================
Received Import Request.
  Time since last request: 96.765491 seconds.
  path: Assets/AzurTestTask/Orc/Orc_Orc_Albedo.png
  artifactKey: Guid(f42edd9675f886544bbdaa7f4d364c11) Importer(815301076,1909f56bfc062723c751e8b465ee728b)
Start importing Assets/AzurTestTask/Orc/Orc_Orc_Albedo.png using Guid(f42edd9675f886544bbdaa7f4d364c11) Importer(815301076,1909f56bfc062723c751e8b465ee728b)  -> (artifact id: '59347f9b0f40ce7b453f588a8dec7ff2') in 0.015662 seconds 
========================================================================
Received Import Request.
  Time since last request: 680.371680 seconds.
  path: Assets/AzurTestTask/Sprites/level.png
  artifactKey: Guid(e27a1698c6d268240b9d89f6a6a507e9) Importer(815301076,1909f56bfc062723c751e8b465ee728b)
Start importing Assets/AzurTestTask/Sprites/level.png using Guid(e27a1698c6d268240b9d89f6a6a507e9) Importer(815301076,1909f56bfc062723c751e8b465ee728b)  -> (artifact id: '53c1584bf7160b7c24e293637adb83d1') in 2.003549 seconds 
========================================================================
Received Import Request.
  Time since last request: 362.051579 seconds.
  path: Assets/AzurTestTask/Orc/Materials/Orc_Orc_Albedo.mat
  artifactKey: Guid(6e04458389211f541ae8b1f3d4666157) Importer(815301076,1909f56bfc062723c751e8b465ee728b)
Start importing Assets/AzurTestTask/Orc/Materials/Orc_Orc_Albedo.mat using Guid(6e04458389211f541ae8b1f3d4666157) Importer(815301076,1909f56bfc062723c751e8b465ee728b)  -> (artifact id: '8499d2eb6c33dc67bcac1036ccd790bf') in 0.045922 seconds 
========================================================================
Received Import Request.
  Time since last request: 0.069403 seconds.
  path: Assets/TextMesh Pro/Fonts/LiberationSans.ttf
  artifactKey: Guid(e3265ab4bf004d28a9537516768c1c75) Importer(815301076,1909f56bfc062723c751e8b465ee728b)
Start importing Assets/TextMesh Pro/Fonts/LiberationSans.ttf using Guid(e3265ab4bf004d28a9537516768c1c75) Importer(815301076,1909f56bfc062723c751e8b465ee728b)  -> (artifact id: '5f3113df9c64817575ac1b2596df0c09') in 0.047778 seconds 
========================================================================
Received Import Request.
  Time since last request: 0.000023 seconds.
  path: Assets/TextMesh Pro/Resources/Fonts & Materials/LiberationSans SDF - Outline.mat
  artifactKey: Guid(79459efec17a4d00a321bdcc27bbc385) Importer(815301076,1909f56bfc062723c751e8b465ee728b)
Start importing Assets/TextMesh Pro/Resources/Fonts & Materials/LiberationSans SDF - Outline.mat using Guid(79459efec17a4d00a321bdcc27bbc385) Importer(815301076,1909f56bfc062723c751e8b465ee728b)  -> (artifact id: '0976c428185f8924058649138c6e5ab1') in 0.078583 seconds 
========================================================================
Received Import Request.
  Time since last request: 0.000021 seconds.
  path: Assets/TextMesh Pro/Resources/Fonts & Materials/LiberationSans SDF - Fallback.asset
  artifactKey: Guid(2e498d1c8094910479dc3e1b768306a4) Importer(815301076,1909f56bfc062723c751e8b465ee728b)
Start importing Assets/TextMesh Pro/Resources/Fonts & Materials/LiberationSans SDF - Fallback.asset using Guid(2e498d1c8094910479dc3e1b768306a4) Importer(815301076,1909f56bfc062723c751e8b465ee728b)  -> (artifact id: '96ca1935d83fcd71638e13a0275ea570') in 0.037669 seconds 
========================================================================
Received Import Request.
  Time since last request: 76.413754 seconds.
  path: Assets/AzurTestTask/Sprites/Ladder.png
  artifactKey: Guid(8cdc47c3d3440a54e83ee96f480c1f28) Importer(815301076,1909f56bfc062723c751e8b465ee728b)
Start importing Assets/AzurTestTask/Sprites/Ladder.png using Guid(8cdc47c3d3440a54e83ee96f480c1f28) Importer(815301076,1909f56bfc062723c751e8b465ee728b)  -> (artifact id: '6ad47b1673b68c6b6a0e54b635e2b5ba') in 0.186461 seconds 
========================================================================
Received Import Request.
  Time since last request: 29.172154 seconds.
  path: Assets/AzurTestTask/Sprites/level.png
  artifactKey: Guid(e27a1698c6d268240b9d89f6a6a507e9) Importer(815301076,1909f56bfc062723c751e8b465ee728b)
Start importing Assets/AzurTestTask/Sprites/level.png using Guid(e27a1698c6d268240b9d89f6a6a507e9) Importer(815301076,1909f56bfc062723c751e8b465ee728b)  -> (artifact id: 'cba58bacaad80cb6da8ef87c2042f41b') in 0.675474 seconds 
========================================================================
Received Import Request.
  Time since last request: 3.916427 seconds.
  path: Assets/AzurTestTask/Sprites/level.png
  artifactKey: Guid(e27a1698c6d268240b9d89f6a6a507e9) Importer(815301076,1909f56bfc062723c751e8b465ee728b)
Start importing Assets/AzurTestTask/Sprites/level.png using Guid(e27a1698c6d268240b9d89f6a6a507e9) Importer(815301076,1909f56bfc062723c751e8b465ee728b)  -> (artifact id: '7937fdc5e1d8d3085fff209ce402b942') in 0.594463 seconds 
========================================================================
Received Import Request.
  Time since last request: 41.812446 seconds.
  path: Assets/AzurTestTask/Sprites/level.png
  artifactKey: Guid(e27a1698c6d268240b9d89f6a6a507e9) Importer(815301076,1909f56bfc062723c751e8b465ee728b)
Start importing Assets/AzurTestTask/Sprites/level.png using Guid(e27a1698c6d268240b9d89f6a6a507e9) Importer(815301076,1909f56bfc062723c751e8b465ee728b)  -> (artifact id: 'b1d3f728ba9dfec351b7c880280de6f9') in 0.599112 seconds 
========================================================================
Received Import Request.
  Time since last request: 3741.156842 seconds.
  path: Assets/AzurTestTask/Sprites/barrels_outline.png
  artifactKey: Guid(0d4cbb72115c526449ab5e38c03d5bbf) Importer(815301076,1909f56bfc062723c751e8b465ee728b)
Start importing Assets/AzurTestTask/Sprites/barrels_outline.png using Guid(0d4cbb72115c526449ab5e38c03d5bbf) Importer(815301076,1909f56bfc062723c751e8b465ee728b)  -> (artifact id: '95784292f29a1572581ac1ce1d00632d') in 0.119648 seconds 
========================================================================
Received Import Request.
  Time since last request: 0.526747 seconds.
  path: Assets/AzurTestTask/Sprites/cloud.png
  artifactKey: Guid(d8c1c73f4315b9c4baa24f6fc70c45b7) Importer(815301076,1909f56bfc062723c751e8b465ee728b)
Start importing Assets/AzurTestTask/Sprites/cloud.png using Guid(d8c1c73f4315b9c4baa24f6fc70c45b7) Importer(815301076,1909f56bfc062723c751e8b465ee728b)  -> (artifact id: 'd7080bcd5221a240249c2209789cac65') in 0.809312 seconds 
========================================================================
Received Import Request.
  Time since last request: 23.628906 seconds.
  path: Assets/AzurTestTask/Sprites/cloud.png
  artifactKey: Guid(d8c1c73f4315b9c4baa24f6fc70c45b7) Importer(815301076,1909f56bfc062723c751e8b465ee728b)
Start importing Assets/AzurTestTask/Sprites/cloud.png using Guid(d8c1c73f4315b9c4baa24f6fc70c45b7) Importer(815301076,1909f56bfc062723c751e8b465ee728b)  -> (artifact id: '6d3430cc9074d9bf812af4969965eac8') in 0.351291 seconds 
========================================================================
Received Import Request.
  Time since last request: 261.975441 seconds.
  path: Assets/AzurTestTask/Sprites/smoke.png
  artifactKey: Guid(c77bd059a6526844f8d89134a51df512) Importer(815301076,1909f56bfc062723c751e8b465ee728b)
Start importing Assets/AzurTestTask/Sprites/smoke.png using Guid(c77bd059a6526844f8d89134a51df512) Importer(815301076,1909f56bfc062723c751e8b465ee728b)  -> (artifact id: '38b610e605a996c1d6ff6da51a9e6224') in 0.205381 seconds 
========================================================================
Received Import Request.
  Time since last request: 648.702682 seconds.
  path: Assets/AzurTestTask/Sprites/door2_arch.png
  artifactKey: Guid(71e1436987e2b4448a4a7d9aad6a0593) Importer(815301076,1909f56bfc062723c751e8b465ee728b)
Start importing Assets/AzurTestTask/Sprites/door2_arch.png using Guid(71e1436987e2b4448a4a7d9aad6a0593) Importer(815301076,1909f56bfc062723c751e8b465ee728b)  -> (artifact id: 'b52de30b8263e8eb07e86c6bcabe2d1f') in 0.037992 seconds 
========================================================================
Received Import Request.
  Time since last request: 0.992186 seconds.
  path: Assets/AzurTestTask/Sprites/door3_arch.png
  artifactKey: Guid(7b473f2ac96b00f479b6f02075e1cd83) Importer(815301076,1909f56bfc062723c751e8b465ee728b)
Start importing Assets/AzurTestTask/Sprites/door3_arch.png using Guid(7b473f2ac96b00f479b6f02075e1cd83) Importer(815301076,1909f56bfc062723c751e8b465ee728b)  -> (artifact id: 'f614ccf6cbb0dce922fc6232a9b857e6') in 0.032454 seconds 
========================================================================
Received Import Request.
  Time since last request: 9.300259 seconds.
  path: Assets/AzurTestTask/Sprites/door1_closed.png
  artifactKey: Guid(af1810d908dc78449a3e216031a43ffa) Importer(815301076,1909f56bfc062723c751e8b465ee728b)
Start importing Assets/AzurTestTask/Sprites/door1_closed.png using Guid(af1810d908dc78449a3e216031a43ffa) Importer(815301076,1909f56bfc062723c751e8b465ee728b)  -> (artifact id: '05efcb4143bd85e50b1fed0fcfe87266') in 0.019463 seconds 
========================================================================
Received Import Request.
  Time since last request: 1.109750 seconds.
  path: Assets/AzurTestTask/Sprites/door1_open.png
  artifactKey: Guid(e869b8b11a67e0b428a8a92a534340fd) Importer(815301076,1909f56bfc062723c751e8b465ee728b)
Start importing Assets/AzurTestTask/Sprites/door1_open.png using Guid(e869b8b11a67e0b428a8a92a534340fd) Importer(815301076,1909f56bfc062723c751e8b465ee728b)  -> (artifact id: '30a4c1117182865713a92b687f88c5a7') in 0.021166 seconds 
========================================================================
Received Import Request.
  Time since last request: 102.873629 seconds.
  path: ProjectSettings/TagManager.asset
  artifactKey: Guid(00000000000000003000000000000000) Importer(815301076,1909f56bfc062723c751e8b465ee728b)
Start importing ProjectSettings/TagManager.asset using Guid(00000000000000003000000000000000) Importer(815301076,1909f56bfc062723c751e8b465ee728b)  -> (artifact id: '5f74b9f0782f3ffe8a654b2b60a9f33c') in 0.018000 seconds 
========================================================================
Received Import Request.
  Time since last request: 182.887628 seconds.
  path: Assets/AzurTestTask/Prefabs/door1_arch.prefab
  artifactKey: Guid(d2fcb0a5f53cac246bdd0979b799a9ca) Importer(815301076,1909f56bfc062723c751e8b465ee728b)
Start importing Assets/AzurTestTask/Prefabs/door1_arch.prefab using Guid(d2fcb0a5f53cac246bdd0979b799a9ca) Importer(815301076,1909f56bfc062723c751e8b465ee728b)  -> (artifact id: '80234c216b6e976ee530560a7f48443b') in 0.070597 seconds 
========================================================================
Received Import Request.
  Time since last request: 87.406145 seconds.
  path: Assets/AzurTestTask/Sprites/door1_arch.png
  artifactKey: Guid(6c71387d7e13bb04dbcd1deefb41d665) Importer(815301076,1909f56bfc062723c751e8b465ee728b)
Start importing Assets/AzurTestTask/Sprites/door1_arch.png using Guid(6c71387d7e13bb04dbcd1deefb41d665) Importer(815301076,1909f56bfc062723c751e8b465ee728b)  -> (artifact id: '74353600ad9e701ea8531dc031a7b701') in 0.023036 seconds 
========================================================================
Received Import Request.
  Time since last request: 235.122715 seconds.
  path: Assets/AzurTestTask/Prefabs/door2_arch.prefab
  artifactKey: Guid(6d3048fe3d5b03845ab0a499059cd475) Importer(815301076,1909f56bfc062723c751e8b465ee728b)
Start importing Assets/AzurTestTask/Prefabs/door2_arch.prefab using Guid(6d3048fe3d5b03845ab0a499059cd475) Importer(815301076,1909f56bfc062723c751e8b465ee728b)  -> (artifact id: 'ed904898b528d0ee6034c48cdd6caba3') in 0.017167 seconds 
========================================================================
Received Import Request.
  Time since last request: 203.041112 seconds.
  path: Assets/AzurTestTask/Prefabs/door3_arch.prefab
  artifactKey: Guid(da50bc952f1795b43a8a14b66afd75de) Importer(815301076,1909f56bfc062723c751e8b465ee728b)
Start importing Assets/AzurTestTask/Prefabs/door3_arch.prefab using Guid(da50bc952f1795b43a8a14b66afd75de) Importer(815301076,1909f56bfc062723c751e8b465ee728b)  -> (artifact id: 'e8de054df7a060b8675ecf09f5970429') in 0.027634 seconds 
========================================================================
Received Import Request.
  Time since last request: 119.662954 seconds.
  path: Assets/AzurTestTask/Sprites/fire.png
  artifactKey: Guid(c77ad56e97d2db04fb202395fb66087e) Importer(815301076,1909f56bfc062723c751e8b465ee728b)
Start importing Assets/AzurTestTask/Sprites/fire.png using Guid(c77ad56e97d2db04fb202395fb66087e) Importer(815301076,1909f56bfc062723c751e8b465ee728b)  -> (artifact id: '71aa59b9d00ff0746827c37611f905a1') in 0.049597 seconds 
========================================================================
Received Import Request.
  Time since last request: 605.150989 seconds.
  path: Assets/AzurTestTask/Prefabs/Door_1_Closed.prefab
  artifactKey: Guid(d2fcb0a5f53cac246bdd0979b799a9ca) Importer(815301076,1909f56bfc062723c751e8b465ee728b)
Start importing Assets/AzurTestTask/Prefabs/Door_1_Closed.prefab using Guid(d2fcb0a5f53cac246bdd0979b799a9ca) Importer(815301076,1909f56bfc062723c751e8b465ee728b)  -> (artifact id: '1efd956e05f1bece2ce4f5fd154e690e') in 0.016661 seconds 
========================================================================
Received Import Request.
  Time since last request: 5.080834 seconds.
  path: Assets/AzurTestTask/Prefabs/Door_1.prefab
  artifactKey: Guid(d2fcb0a5f53cac246bdd0979b799a9ca) Importer(815301076,1909f56bfc062723c751e8b465ee728b)
Start importing Assets/AzurTestTask/Prefabs/Door_1.prefab using Guid(d2fcb0a5f53cac246bdd0979b799a9ca) Importer(815301076,1909f56bfc062723c751e8b465ee728b)  -> (artifact id: '75c7985ba5be22af6069cee7552e8983') in 0.018974 seconds 
========================================================================
Received Import Request.
  Time since last request: 1.163901 seconds.
  path: Assets/AzurTestTask/Prefabs/Door_2_Closed.prefab
  artifactKey: Guid(6d3048fe3d5b03845ab0a499059cd475) Importer(815301076,1909f56bfc062723c751e8b465ee728b)
Start importing Assets/AzurTestTask/Prefabs/Door_2_Closed.prefab using Guid(6d3048fe3d5b03845ab0a499059cd475) Importer(815301076,1909f56bfc062723c751e8b465ee728b)  -> (artifact id: '87e7210b6d25d21d51f47e9a0aa3af45') in 0.017516 seconds 
========================================================================
Received Import Request.
  Time since last request: 3.542582 seconds.
  path: Assets/AzurTestTask/Prefabs/Door_2.prefab
  artifactKey: Guid(6d3048fe3d5b03845ab0a499059cd475) Importer(815301076,1909f56bfc062723c751e8b465ee728b)
Start importing Assets/AzurTestTask/Prefabs/Door_2.prefab using Guid(6d3048fe3d5b03845ab0a499059cd475) Importer(815301076,1909f56bfc062723c751e8b465ee728b)  -> (artifact id: 'b3d200064a18e1fc13ea78c5aea863e1') in 0.015482 seconds 
========================================================================
Received Import Request.
  Time since last request: 2.185119 seconds.
  path: Assets/AzurTestTask/Prefabs/Door_3_Closed.prefab
  artifactKey: Guid(da50bc952f1795b43a8a14b66afd75de) Importer(815301076,1909f56bfc062723c751e8b465ee728b)
Start importing Assets/AzurTestTask/Prefabs/Door_3_Closed.prefab using Guid(da50bc952f1795b43a8a14b66afd75de) Importer(815301076,1909f56bfc062723c751e8b465ee728b)  -> (artifact id: '439505f4c19fed4e9e7d52deff61dab2') in 0.014587 seconds 
========================================================================
Received Import Request.
  Time since last request: 2.440752 seconds.
  path: Assets/AzurTestTask/Prefabs/Door_3.prefab
  artifactKey: Guid(da50bc952f1795b43a8a14b66afd75de) Importer(815301076,1909f56bfc062723c751e8b465ee728b)
Start importing Assets/AzurTestTask/Prefabs/Door_3.prefab using Guid(da50bc952f1795b43a8a14b66afd75de) Importer(815301076,1909f56bfc062723c751e8b465ee728b)  -> (artifact id: 'a246205add20af86b9c21cea5f35bbe0') in 0.015257 seconds 
========================================================================
Received Import Request.
  Time since last request: 17212.777478 seconds.
  path: Assets/AzurTestTask/Prefabs/spider1.prefab
  artifactKey: Guid(0a2543ded0d6df34586729d40977c270) Importer(815301076,1909f56bfc062723c751e8b465ee728b)
Start importing Assets/AzurTestTask/Prefabs/spider1.prefab using Guid(0a2543ded0d6df34586729d40977c270) Importer(815301076,1909f56bfc062723c751e8b465ee728b)  -> (artifact id: 'ef6646c32796db30e59f7591cf477d79') in 0.061672 seconds 
========================================================================
Received Import Request.
  Time since last request: 4.695514 seconds.
  path: Assets/AzurTestTask/Prefabs/Spider.prefab
  artifactKey: Guid(0a2543ded0d6df34586729d40977c270) Importer(815301076,1909f56bfc062723c751e8b465ee728b)
Start importing Assets/AzurTestTask/Prefabs/Spider.prefab using Guid(0a2543ded0d6df34586729d40977c270) Importer(815301076,1909f56bfc062723c751e8b465ee728b)  -> (artifact id: '3f81ed6723fa9bcc0bfb0d93ea7df336') in 0.027635 seconds 
========================================================================
Received Import Request.
  Time since last request: 29.366608 seconds.
  path: Assets/AzurTestTask/Prefabs/Door_3.prefab
  artifactKey: Guid(da50bc952f1795b43a8a14b66afd75de) Importer(815301076,1909f56bfc062723c751e8b465ee728b)
Start importing Assets/AzurTestTask/Prefabs/Door_3.prefab using Guid(da50bc952f1795b43a8a14b66afd75de) Importer(815301076,1909f56bfc062723c751e8b465ee728b)  -> (artifact id: '8032663497cff0967ced63f594a7ab8a') in 0.025985 seconds 
========================================================================
Received Import Request.
  Time since last request: 0.118415 seconds.
  path: Assets/AzurTestTask/Prefabs/Door_2.prefab
  artifactKey: Guid(6d3048fe3d5b03845ab0a499059cd475) Importer(815301076,1909f56bfc062723c751e8b465ee728b)
Start importing Assets/AzurTestTask/Prefabs/Door_2.prefab using Guid(6d3048fe3d5b03845ab0a499059cd475) Importer(815301076,1909f56bfc062723c751e8b465ee728b)  -> (artifact id: '501808d890d26e4b9b68dcd8a10e8d6d') in 0.057276 seconds 
========================================================================
Received Import Request.
  Time since last request: 0.054578 seconds.
  path: Assets/AzurTestTask/Prefabs/Door_1.prefab
  artifactKey: Guid(d2fcb0a5f53cac246bdd0979b799a9ca) Importer(815301076,1909f56bfc062723c751e8b465ee728b)
Start importing Assets/AzurTestTask/Prefabs/Door_1.prefab using Guid(d2fcb0a5f53cac246bdd0979b799a9ca) Importer(815301076,1909f56bfc062723c751e8b465ee728b)  -> (artifact id: '2dd53604c3f73baf2ac00b964f8b43c7') in 0.024449 seconds 
========================================================================
Received Import Request.
  Time since last request: 142.473471 seconds.
  path: Assets/AzurTestTask/Sprites/barrels_shadow.png
  artifactKey: Guid(85092bcdb12c8dd49928d375404a0aaa) Importer(815301076,1909f56bfc062723c751e8b465ee728b)
Start importing Assets/AzurTestTask/Sprites/barrels_shadow.png using Guid(85092bcdb12c8dd49928d375404a0aaa) Importer(815301076,1909f56bfc062723c751e8b465ee728b)  -> (artifact id: 'e75e45a5879ffe6999658971bdec36ad') in 0.245620 seconds 
========================================================================
Received Import Request.
  Time since last request: 0.502724 seconds.
  path: Assets/AzurTestTask/Sprites/barrels.png
  artifactKey: Guid(cd12324e5e31c9d4c831488a90932451) Importer(815301076,1909f56bfc062723c751e8b465ee728b)
Start importing Assets/AzurTestTask/Sprites/barrels.png using Guid(cd12324e5e31c9d4c831488a90932451) Importer(815301076,1909f56bfc062723c751e8b465ee728b)  -> (artifact id: '3d3468ac5a6ab0366f83c960c2076ef3') in 0.031366 seconds 
========================================================================
Received Import Request.
  Time since last request: 7.554585 seconds.
  path: Assets/AzurTestTask/Prefabs/barrels.prefab
  artifactKey: Guid(cbcb133c9774d0241a283f1e411cd05c) Importer(815301076,1909f56bfc062723c751e8b465ee728b)
Start importing Assets/AzurTestTask/Prefabs/barrels.prefab using Guid(cbcb133c9774d0241a283f1e411cd05c) Importer(815301076,1909f56bfc062723c751e8b465ee728b)  -> (artifact id: '09e8e4b9aab96caa8220a1cde9d0bab1') in 0.023196 seconds 
========================================================================
Received Import Request.
  Time since last request: 7.014190 seconds.
  path: Assets/AzurTestTask/Prefabs/Barrels.prefab
  artifactKey: Guid(cbcb133c9774d0241a283f1e411cd05c) Importer(815301076,1909f56bfc062723c751e8b465ee728b)
Start importing Assets/AzurTestTask/Prefabs/Barrels.prefab using Guid(cbcb133c9774d0241a283f1e411cd05c) Importer(815301076,1909f56bfc062723c751e8b465ee728b)  -> (artifact id: '6e45ff553191ae961a03f1c979c3140d') in 0.023127 seconds 
========================================================================
Received Import Request.
  Time since last request: 494.384191 seconds.
  path: Assets/AzurTestTask/Scripts/SpriteAlphaPulse.cs
  artifactKey: Guid(ff8994d587cceef4cb997067573f0837) Importer(815301076,1909f56bfc062723c751e8b465ee728b)
Start importing Assets/AzurTestTask/Scripts/SpriteAlphaPulse.cs using Guid(ff8994d587cceef4cb997067573f0837) Importer(815301076,1909f56bfc062723c751e8b465ee728b)  -> (artifact id: 'f4c586d0a6790fcb5099aaabd02425aa') in 0.017903 seconds 
========================================================================
Received Prepare
Registering precompiled user dll's ...
Registered in 0.009431 seconds.
Begin MonoManager ReloadAssembly
Symbol file LoadedFromMemory doesn't match image C:\PetProjects\AzurTestTaskTA\Library\PackageCache\com.unity.visualscripting@1.8.0\Editor\VisualScripting.Core\Dependencies\YamlDotNet\Unity.VisualScripting.YamlDotNet.dll
Symbol file LoadedFromMemory doesn't match image C:\PetProjects\AzurTestTaskTA\Library\PackageCache\com.unity.visualscripting@1.8.0\Editor\VisualScripting.Core\Dependencies\DotNetZip\Unity.VisualScripting.IonicZip.dll
Native extension for WindowsStandalone target not found
Native extension for iOS target not found
Native extension for Android target not found
Native extension for WebGL target not found
Refreshing native plugins compatible for Editor in 0.64 ms, found 3 plugins.
Preloading 0 native plugins for Editor in 0.00 ms.
Mono: successfully reloaded assembly
- Completed reload, in  1.183 seconds
Domain Reload Profiling:
	ReloadAssembly (1185ms)
		BeginReloadAssembly (263ms)
			ExecutionOrderSort (0ms)
			DisableScriptedObjects (12ms)
			BackupInstance (0ms)
			ReleaseScriptingObjects (0ms)
			CreateAndSetChildDomain (107ms)
		EndReloadAssembly (813ms)
			LoadAssemblies (107ms)
			RebuildTransferFunctionScriptingTraits (0ms)
			SetupTypeCache (310ms)
			ReleaseScriptCaches (2ms)
			RebuildScriptCaches (39ms)
			SetupLoadedEditorAssemblies (325ms)
				LogAssemblyErrors (0ms)
				InitializePlatformSupportModulesInManaged (38ms)
				SetLoadedEditorAssemblies (0ms)
				RefreshPlugins (1ms)
				BeforeProcessingInitializeOnLoad (60ms)
				ProcessInitializeOnLoadAttributes (193ms)
				ProcessInitializeOnLoadMethodAttributes (26ms)
				AfterProcessingInitializeOnLoad (7ms)
				EditorAssembliesLoaded (0ms)
			ExecutionOrderSort2 (0ms)
			AwakeInstancesAfterBackupRestoration (7ms)
Platform modules already initialized, skipping
Refreshing native plugins compatible for Editor in 2.04 ms, found 3 plugins.
Preloading 0 native plugins for Editor in 0.00 ms.
Unloading 3057 Unused Serialized files (Serialized files now loaded: 0)
Unloading 30 unused Assets / (0.7 MB). Loaded Objects now: 3634.
Memory consumption went from 127.2 MB to 126.6 MB.
Total: 4.312500 ms (FindLiveObjects: 0.277400 ms CreateObjectMapping: 0.146400 ms MarkObjects: 3.478400 ms  DeleteObjects: 0.409600 ms)

AssetImportParameters requested are different than current active one (requested -> active):
  custom:video-decoder-ogg-theora: a1e56fd34408186e4bbccfd4996cb3dc -> 
  custom:container-muxer-webm: aa71ff27fc2769a1b78a27578f13a17b -> 
  custom:container-demuxer-webm: 4f35f7cbe854078d1ac9338744f61a02 -> 
  custom:video-encoder-webm-vp8: eb34c28f22e8b96e1ab97ce403110664 -> 
  custom:audio-encoder-webm-vorbis: bf7c407c2cedff20999df2af8eb42d56 -> 
  custom:framework-win-MediaFoundation: 216162199b28c13a410421893ffa2e32 -> 
  custom:container-demuxer-ogg: 62fdf1f143b41e24485cea50d1cbac27 -> 
  custom:video-decoder-webm-vp8: 9c59270c3fd7afecdb556c50c9e8de78 -> 
  custom:audio-decoder-ogg-vorbis: bf7c407c2cedff20999df2af8eb42d56 -> 
========================================================================
Received Prepare
Registering precompiled user dll's ...
Registered in 0.004912 seconds.
Begin MonoManager ReloadAssembly
Symbol file LoadedFromMemory doesn't match image C:\PetProjects\AzurTestTaskTA\Library\PackageCache\com.unity.visualscripting@1.8.0\Editor\VisualScripting.Core\Dependencies\YamlDotNet\Unity.VisualScripting.YamlDotNet.dll
Symbol file LoadedFromMemory doesn't match image C:\PetProjects\AzurTestTaskTA\Library\PackageCache\com.unity.visualscripting@1.8.0\Editor\VisualScripting.Core\Dependencies\DotNetZip\Unity.VisualScripting.IonicZip.dll
Native extension for WindowsStandalone target not found
Native extension for iOS target not found
Native extension for Android target not found
Native extension for WebGL target not found
Refreshing native plugins compatible for Editor in 0.62 ms, found 3 plugins.
Preloading 0 native plugins for Editor in 0.00 ms.
Mono: successfully reloaded assembly
- Completed reload, in  1.039 seconds
Domain Reload Profiling:
	ReloadAssembly (1040ms)
		BeginReloadAssembly (157ms)
			ExecutionOrderSort (0ms)
			DisableScriptedObjects (7ms)
			BackupInstance (0ms)
			ReleaseScriptingObjects (0ms)
			CreateAndSetChildDomain (39ms)
		EndReloadAssembly (779ms)
			LoadAssemblies (101ms)
			RebuildTransferFunctionScriptingTraits (0ms)
			SetupTypeCache (274ms)
			ReleaseScriptCaches (1ms)
			RebuildScriptCaches (41ms)
			SetupLoadedEditorAssemblies (318ms)
				LogAssemblyErrors (0ms)
				InitializePlatformSupportModulesInManaged (37ms)
				SetLoadedEditorAssemblies (0ms)
				RefreshPlugins (1ms)
				BeforeProcessingInitializeOnLoad (63ms)
				ProcessInitializeOnLoadAttributes (189ms)
				ProcessInitializeOnLoadMethodAttributes (20ms)
				AfterProcessingInitializeOnLoad (7ms)
				EditorAssembliesLoaded (0ms)
			ExecutionOrderSort2 (0ms)
			AwakeInstancesAfterBackupRestoration (6ms)
Platform modules already initialized, skipping
Refreshing native plugins compatible for Editor in 1.96 ms, found 3 plugins.
Preloading 0 native plugins for Editor in 0.00 ms.
Unloading 3057 Unused Serialized files (Serialized files now loaded: 0)
Unloading 27 unused Assets / (0.6 MB). Loaded Objects now: 3637.
Memory consumption went from 127.2 MB to 126.6 MB.
Total: 4.641100 ms (FindLiveObjects: 0.280900 ms CreateObjectMapping: 0.091300 ms MarkObjects: 3.880100 ms  DeleteObjects: 0.387100 ms)

AssetImportParameters requested are different than current active one (requested -> active):
  custom:video-decoder-ogg-theora: a1e56fd34408186e4bbccfd4996cb3dc -> 
  custom:container-muxer-webm: aa71ff27fc2769a1b78a27578f13a17b -> 
  custom:container-demuxer-webm: 4f35f7cbe854078d1ac9338744f61a02 -> 
  custom:video-encoder-webm-vp8: eb34c28f22e8b96e1ab97ce403110664 -> 
  custom:audio-encoder-webm-vorbis: bf7c407c2cedff20999df2af8eb42d56 -> 
  custom:framework-win-MediaFoundation: 216162199b28c13a410421893ffa2e32 -> 
  custom:container-demuxer-ogg: 62fdf1f143b41e24485cea50d1cbac27 -> 
  custom:video-decoder-webm-vp8: 9c59270c3fd7afecdb556c50c9e8de78 -> 
  custom:audio-decoder-ogg-vorbis: bf7c407c2cedff20999df2af8eb42d56 -> 
========================================================================
Received Prepare
Registering precompiled user dll's ...
Registered in 0.005418 seconds.
Begin MonoManager ReloadAssembly
Symbol file LoadedFromMemory doesn't match image C:\PetProjects\AzurTestTaskTA\Library\PackageCache\com.unity.visualscripting@1.8.0\Editor\VisualScripting.Core\Dependencies\YamlDotNet\Unity.VisualScripting.YamlDotNet.dll
Symbol file LoadedFromMemory doesn't match image C:\PetProjects\AzurTestTaskTA\Library\PackageCache\com.unity.visualscripting@1.8.0\Editor\VisualScripting.Core\Dependencies\DotNetZip\Unity.VisualScripting.IonicZip.dll
Native extension for WindowsStandalone target not found
Native extension for iOS target not found
Native extension for Android target not found
Native extension for WebGL target not found
Refreshing native plugins compatible for Editor in 0.64 ms, found 3 plugins.
Preloading 0 native plugins for Editor in 0.00 ms.
Mono: successfully reloaded assembly
- Completed reload, in  1.069 seconds
Domain Reload Profiling:
	ReloadAssembly (1071ms)
		BeginReloadAssembly (153ms)
			ExecutionOrderSort (0ms)
			DisableScriptedObjects (7ms)
			BackupInstance (0ms)
			ReleaseScriptingObjects (0ms)
			CreateAndSetChildDomain (39ms)
		EndReloadAssembly (820ms)
			LoadAssemblies (97ms)
			RebuildTransferFunctionScriptingTraits (0ms)
			SetupTypeCache (260ms)
			ReleaseScriptCaches (1ms)
			RebuildScriptCaches (48ms)
			SetupLoadedEditorAssemblies (374ms)
				LogAssemblyErrors (0ms)
				InitializePlatformSupportModulesInManaged (38ms)
				SetLoadedEditorAssemblies (0ms)
				RefreshPlugins (1ms)
				BeforeProcessingInitializeOnLoad (71ms)
				ProcessInitializeOnLoadAttributes (230ms)
				ProcessInitializeOnLoadMethodAttributes (26ms)
				AfterProcessingInitializeOnLoad (8ms)
				EditorAssembliesLoaded (0ms)
			ExecutionOrderSort2 (0ms)
			AwakeInstancesAfterBackupRestoration (7ms)
Platform modules already initialized, skipping
Refreshing native plugins compatible for Editor in 2.27 ms, found 3 plugins.
Preloading 0 native plugins for Editor in 0.00 ms.
Unloading 3057 Unused Serialized files (Serialized files now loaded: 0)
Unloading 27 unused Assets / (0.6 MB). Loaded Objects now: 3640.
Memory consumption went from 127.2 MB to 126.6 MB.
Total: 4.247300 ms (FindLiveObjects: 0.291000 ms CreateObjectMapping: 0.105200 ms MarkObjects: 3.407300 ms  DeleteObjects: 0.442500 ms)

AssetImportParameters requested are different than current active one (requested -> active):
  custom:video-decoder-ogg-theora: a1e56fd34408186e4bbccfd4996cb3dc -> 
  custom:container-muxer-webm: aa71ff27fc2769a1b78a27578f13a17b -> 
  custom:container-demuxer-webm: 4f35f7cbe854078d1ac9338744f61a02 -> 
  custom:video-encoder-webm-vp8: eb34c28f22e8b96e1ab97ce403110664 -> 
  custom:audio-encoder-webm-vorbis: bf7c407c2cedff20999df2af8eb42d56 -> 
  custom:framework-win-MediaFoundation: 216162199b28c13a410421893ffa2e32 -> 
  custom:container-demuxer-ogg: 62fdf1f143b41e24485cea50d1cbac27 -> 
  custom:video-decoder-webm-vp8: 9c59270c3fd7afecdb556c50c9e8de78 -> 
  custom:audio-decoder-ogg-vorbis: bf7c407c2cedff20999df2af8eb42d56 -> 
========================================================================
Received Import Request.
  Time since last request: 190.773782 seconds.
  path: Assets/AzurTestTask/Sprites/spider1.png
  artifactKey: Guid(99477cbcd25cb9e4eaf7303e7fd264be) Importer(815301076,1909f56bfc062723c751e8b465ee728b)
Start importing Assets/AzurTestTask/Sprites/spider1.png using Guid(99477cbcd25cb9e4eaf7303e7fd264be) Importer(815301076,1909f56bfc062723c751e8b465ee728b) Requested RenderTexture with sRGB format. sRGB formats are not supported in gamma mode, fallback to a UNorm format. Use a UNorm format instead of sRGB to silence this warning.
UnityEngine.StackTraceUtility:ExtractStackTrace ()
UnityEngine.RenderTexture:GetTemporary_Internal (UnityEngine.RenderTextureDescriptor)
UnityEngine.RenderTexture:GetTemporary (UnityEngine.RenderTextureDescriptor)
UnityEngine.RenderTexture:GetTemporaryImpl (int,int,int,UnityEngine.Experimental.Rendering.GraphicsFormat,int,UnityEngine.RenderTextureMemoryless,UnityEngine.VRTextureUsage,bool)
UnityEngine.RenderTexture:GetTemporary (int,int,int,UnityEngine.Experimental.Rendering.GraphicsFormat)
UnityEditor.TextureInspector:RenderStaticPreview (string,UnityEngine.Object[],int,int)
UnityEditor.AssetPreviewUpdater:CreatePreview (UnityEngine.Object,UnityEngine.Object[],string,int,int)
UnityEditor.AssetPreviewUpdater:CreatePreviewForAsset (UnityEngine.Object,UnityEngine.Object[],string)

[C:\build\output\unity\unity\Runtime\Graphics\RenderTexture.cpp line 1111]

Requested RenderTexture with sRGB format. sRGB formats are not supported in gamma mode, fallback to a UNorm format. Use a UNorm format instead of sRGB to silence this warning.
UnityEngine.StackTraceUtility:ExtractStackTrace ()
UnityEngine.RenderTexture:GetTemporary_Internal (UnityEngine.RenderTextureDescriptor)
UnityEngine.RenderTexture:GetTemporary (UnityEngine.RenderTextureDescriptor)
UnityEngine.RenderTexture:GetTemporaryImpl (int,int,int,UnityEngine.Experimental.Rendering.GraphicsFormat,int,UnityEngine.RenderTextureMemoryless,UnityEngine.VRTextureUsage,bool)
UnityEngine.RenderTexture:GetTemporary (int,int,int,UnityEngine.Experimental.Rendering.GraphicsFormat)
UnityEditor.SpriteInspector:BuildPreviewTexture (UnityEngine.Sprite,UnityEngine.Material,bool)
UnityEditor.SpriteInspector:RenderStaticPreview (string,UnityEngine.Object[],int,int)
UnityEditor.AssetPreviewUpdater:CreatePreview (UnityEngine.Object,UnityEngine.Object[],string,int,int)
UnityEditor.AssetPreviewUpdater:CreatePreviewForAsset (UnityEngine.Object,UnityEngine.Object[],string)

[C:\build\output\unity\unity\Runtime\Graphics\RenderTexture.cpp line 1111]

 -> (artifact id: 'fb44d8c80c5d518df4a70405ad4cde84') in 0.117953 seconds 
========================================================================
Received Import Request.
  Time since last request: 3.054787 seconds.
  path: Assets/AzurTestTask/Sprites/smoke_1.png
  artifactKey: Guid(320da64be5f33b64d92bff789aef2ee8) Importer(815301076,1909f56bfc062723c751e8b465ee728b)
Start importing Assets/AzurTestTask/Sprites/smoke_1.png using Guid(320da64be5f33b64d92bff789aef2ee8) Importer(815301076,1909f56bfc062723c751e8b465ee728b) Requested RenderTexture with sRGB format. sRGB formats are not supported in gamma mode, fallback to a UNorm format. Use a UNorm format instead of sRGB to silence this warning.
UnityEngine.StackTraceUtility:ExtractStackTrace ()
UnityEngine.RenderTexture:GetTemporary_Internal (UnityEngine.RenderTextureDescriptor)
UnityEngine.RenderTexture:GetTemporary (UnityEngine.RenderTextureDescriptor)
UnityEngine.RenderTexture:GetTemporaryImpl (int,int,int,UnityEngine.Experimental.Rendering.GraphicsFormat,int,UnityEngine.RenderTextureMemoryless,UnityEngine.VRTextureUsage,bool)
UnityEngine.RenderTexture:GetTemporary (int,int,int,UnityEngine.Experimental.Rendering.GraphicsFormat)
UnityEditor.TextureInspector:RenderStaticPreview (string,UnityEngine.Object[],int,int)
UnityEditor.AssetPreviewUpdater:CreatePreview (UnityEngine.Object,UnityEngine.Object[],string,int,int)
UnityEditor.AssetPreviewUpdater:CreatePreviewForAsset (UnityEngine.Object,UnityEngine.Object[],string)

[C:\build\output\unity\unity\Runtime\Graphics\RenderTexture.cpp line 1111]

Requested RenderTexture with sRGB format. sRGB formats are not supported in gamma mode, fallback to a UNorm format. Use a UNorm format instead of sRGB to silence this warning.
UnityEngine.StackTraceUtility:ExtractStackTrace ()
UnityEngine.RenderTexture:GetTemporary_Internal (UnityEngine.RenderTextureDescriptor)
UnityEngine.RenderTexture:GetTemporary (UnityEngine.RenderTextureDescriptor)
UnityEngine.RenderTexture:GetTemporaryImpl (int,int,int,UnityEngine.Experimental.Rendering.GraphicsFormat,int,UnityEngine.RenderTextureMemoryless,UnityEngine.VRTextureUsage,bool)
UnityEngine.RenderTexture:GetTemporary (int,int,int,UnityEngine.Experimental.Rendering.GraphicsFormat)
UnityEditor.SpriteInspector:BuildPreviewTexture (UnityEngine.Sprite,UnityEngine.Material,bool)
UnityEditor.SpriteInspector:RenderStaticPreview (string,UnityEngine.Object[],int,int)
UnityEditor.AssetPreviewUpdater:CreatePreview (UnityEngine.Object,UnityEngine.Object[],string,int,int)
UnityEditor.AssetPreviewUpdater:CreatePreviewForAsset (UnityEngine.Object,UnityEngine.Object[],string)

[C:\build\output\unity\unity\Runtime\Graphics\RenderTexture.cpp line 1111]

 -> (artifact id: '5a450c4a93a5df5409c764cf8847d5b5') in 0.061110 seconds 
========================================================================
Received Import Request.
  Time since last request: 0.073518 seconds.
  path: Assets/AzurTestTask/Sprites/smoke_2.png
  artifactKey: Guid(47b9f00b6e0149e4091c7f5d9e8fcf5a) Importer(815301076,1909f56bfc062723c751e8b465ee728b)
Start importing Assets/AzurTestTask/Sprites/smoke_2.png using Guid(47b9f00b6e0149e4091c7f5d9e8fcf5a) Importer(815301076,1909f56bfc062723c751e8b465ee728b) Requested RenderTexture with sRGB format. sRGB formats are not supported in gamma mode, fallback to a UNorm format. Use a UNorm format instead of sRGB to silence this warning.
UnityEngine.StackTraceUtility:ExtractStackTrace ()
UnityEngine.RenderTexture:GetTemporary_Internal (UnityEngine.RenderTextureDescriptor)
UnityEngine.RenderTexture:GetTemporary (UnityEngine.RenderTextureDescriptor)
UnityEngine.RenderTexture:GetTemporaryImpl (int,int,int,UnityEngine.Experimental.Rendering.GraphicsFormat,int,UnityEngine.RenderTextureMemoryless,UnityEngine.VRTextureUsage,bool)
UnityEngine.RenderTexture:GetTemporary (int,int,int,UnityEngine.Experimental.Rendering.GraphicsFormat)
UnityEditor.TextureInspector:RenderStaticPreview (string,UnityEngine.Object[],int,int)
UnityEditor.AssetPreviewUpdater:CreatePreview (UnityEngine.Object,UnityEngine.Object[],string,int,int)
UnityEditor.AssetPreviewUpdater:CreatePreviewForAsset (UnityEngine.Object,UnityEngine.Object[],string)

[C:\build\output\unity\unity\Runtime\Graphics\RenderTexture.cpp line 1111]

Requested RenderTexture with sRGB format. sRGB formats are not supported in gamma mode, fallback to a UNorm format. Use a UNorm format instead of sRGB to silence this warning.
UnityEngine.StackTraceUtility:ExtractStackTrace ()
UnityEngine.RenderTexture:GetTemporary_Internal (UnityEngine.RenderTextureDescriptor)
UnityEngine.RenderTexture:GetTemporary (UnityEngine.RenderTextureDescriptor)
UnityEngine.RenderTexture:GetTemporaryImpl (int,int,int,UnityEngine.Experimental.Rendering.GraphicsFormat,int,UnityEngine.RenderTextureMemoryless,UnityEngine.VRTextureUsage,bool)
UnityEngine.RenderTexture:GetTemporary (int,int,int,UnityEngine.Experimental.Rendering.GraphicsFormat)
UnityEditor.SpriteInspector:BuildPreviewTexture (UnityEngine.Sprite,UnityEngine.Material,bool)
UnityEditor.SpriteInspector:RenderStaticPreview (string,UnityEngine.Object[],int,int)
UnityEditor.AssetPreviewUpdater:CreatePreview (UnityEngine.Object,UnityEngine.Object[],string,int,int)
UnityEditor.AssetPreviewUpdater:CreatePreviewForAsset (UnityEngine.Object,UnityEngine.Object[],string)

[C:\build\output\unity\unity\Runtime\Graphics\RenderTexture.cpp line 1111]

 -> (artifact id: 'bb152010341a8862cd4d669c8733e07f') in 0.072940 seconds 
========================================================================
Received Import Request.
  Time since last request: 1.045176 seconds.
  path: Assets/AzurTestTask/Sprites/smoke_3.png
  artifactKey: Guid(eb3443a6fb6d48d42ae623f357e7b5e0) Importer(815301076,1909f56bfc062723c751e8b465ee728b)
Start importing Assets/AzurTestTask/Sprites/smoke_3.png using Guid(eb3443a6fb6d48d42ae623f357e7b5e0) Importer(815301076,1909f56bfc062723c751e8b465ee728b) Requested RenderTexture with sRGB format. sRGB formats are not supported in gamma mode, fallback to a UNorm format. Use a UNorm format instead of sRGB to silence this warning.
UnityEngine.StackTraceUtility:ExtractStackTrace ()
UnityEngine.RenderTexture:GetTemporary_Internal (UnityEngine.RenderTextureDescriptor)
UnityEngine.RenderTexture:GetTemporary (UnityEngine.RenderTextureDescriptor)
UnityEngine.RenderTexture:GetTemporaryImpl (int,int,int,UnityEngine.Experimental.Rendering.GraphicsFormat,int,UnityEngine.RenderTextureMemoryless,UnityEngine.VRTextureUsage,bool)
UnityEngine.RenderTexture:GetTemporary (int,int,int,UnityEngine.Experimental.Rendering.GraphicsFormat)
UnityEditor.TextureInspector:RenderStaticPreview (string,UnityEngine.Object[],int,int)
UnityEditor.AssetPreviewUpdater:CreatePreview (UnityEngine.Object,UnityEngine.Object[],string,int,int)
UnityEditor.AssetPreviewUpdater:CreatePreviewForAsset (UnityEngine.Object,UnityEngine.Object[],string)

[C:\build\output\unity\unity\Runtime\Graphics\RenderTexture.cpp line 1111]

Requested RenderTexture with sRGB format. sRGB formats are not supported in gamma mode, fallback to a UNorm format. Use a UNorm format instead of sRGB to silence this warning.
UnityEngine.StackTraceUtility:ExtractStackTrace ()
UnityEngine.RenderTexture:GetTemporary_Internal (UnityEngine.RenderTextureDescriptor)
UnityEngine.RenderTexture:GetTemporary (UnityEngine.RenderTextureDescriptor)
UnityEngine.RenderTexture:GetTemporaryImpl (int,int,int,UnityEngine.Experimental.Rendering.GraphicsFormat,int,UnityEngine.RenderTextureMemoryless,UnityEngine.VRTextureUsage,bool)
UnityEngine.RenderTexture:GetTemporary (int,int,int,UnityEngine.Experimental.Rendering.GraphicsFormat)
UnityEditor.SpriteInspector:BuildPreviewTexture (UnityEngine.Sprite,UnityEngine.Material,bool)
UnityEditor.SpriteInspector:RenderStaticPreview (string,UnityEngine.Object[],int,int)
UnityEditor.AssetPreviewUpdater:CreatePreview (UnityEngine.Object,UnityEngine.Object[],string,int,int)
UnityEditor.AssetPreviewUpdater:CreatePreviewForAsset (UnityEngine.Object,UnityEngine.Object[],string)

[C:\build\output\unity\unity\Runtime\Graphics\RenderTexture.cpp line 1111]

 -> (artifact id: '5aad1f8c65ce1124cd2f49fdb68def9c') in 0.074203 seconds 
========================================================================
Received Import Request.
  Time since last request: 1.501579 seconds.
  path: Assets/AzurTestTask/Sprites/light.png
  artifactKey: Guid(3254b948c82c6274bbdb785485bfd662) Importer(815301076,1909f56bfc062723c751e8b465ee728b)
Start importing Assets/AzurTestTask/Sprites/light.png using Guid(3254b948c82c6274bbdb785485bfd662) Importer(815301076,1909f56bfc062723c751e8b465ee728b) Requested RenderTexture with sRGB format. sRGB formats are not supported in gamma mode, fallback to a UNorm format. Use a UNorm format instead of sRGB to silence this warning.
UnityEngine.StackTraceUtility:ExtractStackTrace ()
UnityEngine.RenderTexture:GetTemporary_Internal (UnityEngine.RenderTextureDescriptor)
UnityEngine.RenderTexture:GetTemporary (UnityEngine.RenderTextureDescriptor)
UnityEngine.RenderTexture:GetTemporaryImpl (int,int,int,UnityEngine.Experimental.Rendering.GraphicsFormat,int,UnityEngine.RenderTextureMemoryless,UnityEngine.VRTextureUsage,bool)
UnityEngine.RenderTexture:GetTemporary (int,int,int,UnityEngine.Experimental.Rendering.GraphicsFormat)
UnityEditor.TextureInspector:RenderStaticPreview (string,UnityEngine.Object[],int,int)
UnityEditor.AssetPreviewUpdater:CreatePreview (UnityEngine.Object,UnityEngine.Object[],string,int,int)
UnityEditor.AssetPreviewUpdater:CreatePreviewForAsset (UnityEngine.Object,UnityEngine.Object[],string)

[C:\build\output\unity\unity\Runtime\Graphics\RenderTexture.cpp line 1111]

Requested RenderTexture with sRGB format. sRGB formats are not supported in gamma mode, fallback to a UNorm format. Use a UNorm format instead of sRGB to silence this warning.
UnityEngine.StackTraceUtility:ExtractStackTrace ()
UnityEngine.RenderTexture:GetTemporary_Internal (UnityEngine.RenderTextureDescriptor)
UnityEngine.RenderTexture:GetTemporary (UnityEngine.RenderTextureDescriptor)
UnityEngine.RenderTexture:GetTemporaryImpl (int,int,int,UnityEngine.Experimental.Rendering.GraphicsFormat,int,UnityEngine.RenderTextureMemoryless,UnityEngine.VRTextureUsage,bool)
UnityEngine.RenderTexture:GetTemporary (int,int,int,UnityEngine.Experimental.Rendering.GraphicsFormat)
UnityEditor.SpriteInspector:BuildPreviewTexture (UnityEngine.Sprite,UnityEngine.Material,bool)
UnityEditor.SpriteInspector:RenderStaticPreview (string,UnityEngine.Object[],int,int)
UnityEditor.AssetPreviewUpdater:CreatePreview (UnityEngine.Object,UnityEngine.Object[],string,int,int)
UnityEditor.AssetPreviewUpdater:CreatePreviewForAsset (UnityEngine.Object,UnityEngine.Object[],string)

[C:\build\output\unity\unity\Runtime\Graphics\RenderTexture.cpp line 1111]

 -> (artifact id: '2fe499fb43ee1339b801a3904e90e2fd') in 0.053496 seconds 
========================================================================
Received Import Request.
  Time since last request: 2.225962 seconds.
  path: Assets/AzurTestTask/Sprites/fireplace.png
  artifactKey: Guid(1ae017473d6bfe947a2fa82b893bbbd8) Importer(815301076,1909f56bfc062723c751e8b465ee728b)
Start importing Assets/AzurTestTask/Sprites/fireplace.png using Guid(1ae017473d6bfe947a2fa82b893bbbd8) Importer(815301076,1909f56bfc062723c751e8b465ee728b) Requested RenderTexture with sRGB format. sRGB formats are not supported in gamma mode, fallback to a UNorm format. Use a UNorm format instead of sRGB to silence this warning.
UnityEngine.StackTraceUtility:ExtractStackTrace ()
UnityEngine.RenderTexture:GetTemporary_Internal (UnityEngine.RenderTextureDescriptor)
UnityEngine.RenderTexture:GetTemporary (UnityEngine.RenderTextureDescriptor)
UnityEngine.RenderTexture:GetTemporaryImpl (int,int,int,UnityEngine.Experimental.Rendering.GraphicsFormat,int,UnityEngine.RenderTextureMemoryless,UnityEngine.VRTextureUsage,bool)
UnityEngine.RenderTexture:GetTemporary (int,int,int,UnityEngine.Experimental.Rendering.GraphicsFormat)
UnityEditor.TextureInspector:RenderStaticPreview (string,UnityEngine.Object[],int,int)
UnityEditor.AssetPreviewUpdater:CreatePreview (UnityEngine.Object,UnityEngine.Object[],string,int,int)
UnityEditor.AssetPreviewUpdater:CreatePreviewForAsset (UnityEngine.Object,UnityEngine.Object[],string)

[C:\build\output\unity\unity\Runtime\Graphics\RenderTexture.cpp line 1111]

Requested RenderTexture with sRGB format. sRGB formats are not supported in gamma mode, fallback to a UNorm format. Use a UNorm format instead of sRGB to silence this warning.
UnityEngine.StackTraceUtility:ExtractStackTrace ()
UnityEngine.RenderTexture:GetTemporary_Internal (UnityEngine.RenderTextureDescriptor)
UnityEngine.RenderTexture:GetTemporary (UnityEngine.RenderTextureDescriptor)
UnityEngine.RenderTexture:GetTemporaryImpl (int,int,int,UnityEngine.Experimental.Rendering.GraphicsFormat,int,UnityEngine.RenderTextureMemoryless,UnityEngine.VRTextureUsage,bool)
UnityEngine.RenderTexture:GetTemporary (int,int,int,UnityEngine.Experimental.Rendering.GraphicsFormat)
UnityEditor.SpriteInspector:BuildPreviewTexture (UnityEngine.Sprite,UnityEngine.Material,bool)
UnityEditor.SpriteInspector:RenderStaticPreview (string,UnityEngine.Object[],int,int)
UnityEditor.AssetPreviewUpdater:CreatePreview (UnityEngine.Object,UnityEngine.Object[],string,int,int)
UnityEditor.AssetPreviewUpdater:CreatePreviewForAsset (UnityEngine.Object,UnityEngine.Object[],string)

[C:\build\output\unity\unity\Runtime\Graphics\RenderTexture.cpp line 1111]

 -> (artifact id: 'dee8d9c9e5ec47691e69fd4470841784') in 0.021562 seconds 
========================================================================
Received Import Request.
  Time since last request: 15.756189 seconds.
  path: Assets/AzurTestTask/Prefabs/fireplace.prefab
  artifactKey: Guid(55e08ec2b36c72c4d9a4e10058f1a5aa) Importer(815301076,1909f56bfc062723c751e8b465ee728b)
Start importing Assets/AzurTestTask/Prefabs/fireplace.prefab using Guid(55e08ec2b36c72c4d9a4e10058f1a5aa) Importer(815301076,1909f56bfc062723c751e8b465ee728b)  -> (artifact id: 'eaf8c3198ca154158b8a4deb75479e2e') in 0.056394 seconds 
========================================================================
Received Import Request.
  Time since last request: 12.476964 seconds.
  path: Assets/AzurTestTask/Prefabs/Fire.prefab
  artifactKey: Guid(55e08ec2b36c72c4d9a4e10058f1a5aa) Importer(815301076,1909f56bfc062723c751e8b465ee728b)
Start importing Assets/AzurTestTask/Prefabs/Fire.prefab using Guid(55e08ec2b36c72c4d9a4e10058f1a5aa) Importer(815301076,1909f56bfc062723c751e8b465ee728b)  -> (artifact id: '926379b7fc4c61a283969097504e8c9c') in 0.019124 seconds 
========================================================================
Received Import Request.
  Time since last request: 204.339362 seconds.
  path: Assets/AzurTestTask/Scripts/FireProceduralAnim.cs
  artifactKey: Guid(890f57d230f755949a3d4b5b3e4c000c) Importer(815301076,1909f56bfc062723c751e8b465ee728b)
Start importing Assets/AzurTestTask/Scripts/FireProceduralAnim.cs using Guid(890f57d230f755949a3d4b5b3e4c000c) Importer(815301076,1909f56bfc062723c751e8b465ee728b)  -> (artifact id: 'e86b4417a2081850bf59fbd6c6479e14') in 0.013817 seconds 
========================================================================
Received Prepare
Registering precompiled user dll's ...
Registered in 0.008828 seconds.
Begin MonoManager ReloadAssembly
Symbol file LoadedFromMemory doesn't match image C:\PetProjects\AzurTestTaskTA\Library\PackageCache\com.unity.visualscripting@1.8.0\Editor\VisualScripting.Core\Dependencies\YamlDotNet\Unity.VisualScripting.YamlDotNet.dll
Symbol file LoadedFromMemory doesn't match image C:\PetProjects\AzurTestTaskTA\Library\PackageCache\com.unity.visualscripting@1.8.0\Editor\VisualScripting.Core\Dependencies\DotNetZip\Unity.VisualScripting.IonicZip.dll
Native extension for WindowsStandalone target not found
Native extension for iOS target not found
Native extension for Android target not found
Native extension for WebGL target not found
Refreshing native plugins compatible for Editor in 0.79 ms, found 3 plugins.
Preloading 0 native plugins for Editor in 0.00 ms.
Mono: successfully reloaded assembly
- Completed reload, in  1.686 seconds
Domain Reload Profiling:
	ReloadAssembly (1688ms)
		BeginReloadAssembly (230ms)
			ExecutionOrderSort (0ms)
			DisableScriptedObjects (9ms)
			BackupInstance (0ms)
			ReleaseScriptingObjects (0ms)
			CreateAndSetChildDomain (61ms)
		EndReloadAssembly (1314ms)
			LoadAssemblies (144ms)
			RebuildTransferFunctionScriptingTraits (0ms)
			SetupTypeCache (432ms)
			ReleaseScriptCaches (3ms)
			RebuildScriptCaches (55ms)
			SetupLoadedEditorAssemblies (632ms)
				LogAssemblyErrors (0ms)
				InitializePlatformSupportModulesInManaged (49ms)
				SetLoadedEditorAssemblies (1ms)
				RefreshPlugins (1ms)
				BeforeProcessingInitializeOnLoad (131ms)
				ProcessInitializeOnLoadAttributes (398ms)
				ProcessInitializeOnLoadMethodAttributes (40ms)
				AfterProcessingInitializeOnLoad (12ms)
				EditorAssembliesLoaded (0ms)
			ExecutionOrderSort2 (0ms)
			AwakeInstancesAfterBackupRestoration (11ms)
Platform modules already initialized, skipping
Refreshing native plugins compatible for Editor in 1.99 ms, found 3 plugins.
Preloading 0 native plugins for Editor in 0.00 ms.
Unloading 3058 Unused Serialized files (Serialized files now loaded: 0)
Unloading 27 unused Assets / (0.6 MB). Loaded Objects now: 3644.
Memory consumption went from 127.3 MB to 126.7 MB.
Total: 3.506400 ms (FindLiveObjects: 0.274200 ms CreateObjectMapping: 0.121100 ms MarkObjects: 2.730500 ms  DeleteObjects: 0.379400 ms)

AssetImportParameters requested are different than current active one (requested -> active):
  custom:video-decoder-ogg-theora: a1e56fd34408186e4bbccfd4996cb3dc -> 
  custom:container-muxer-webm: aa71ff27fc2769a1b78a27578f13a17b -> 
  custom:container-demuxer-webm: 4f35f7cbe854078d1ac9338744f61a02 -> 
  custom:video-encoder-webm-vp8: eb34c28f22e8b96e1ab97ce403110664 -> 
  custom:audio-encoder-webm-vorbis: bf7c407c2cedff20999df2af8eb42d56 -> 
  custom:framework-win-MediaFoundation: 216162199b28c13a410421893ffa2e32 -> 
  custom:container-demuxer-ogg: 62fdf1f143b41e24485cea50d1cbac27 -> 
  custom:video-decoder-webm-vp8: 9c59270c3fd7afecdb556c50c9e8de78 -> 
  custom:audio-decoder-ogg-vorbis: bf7c407c2cedff20999df2af8eb42d56 -> 
========================================================================
Received Prepare
Registering precompiled user dll's ...
Registered in 0.005998 seconds.
Begin MonoManager ReloadAssembly
Symbol file LoadedFromMemory doesn't match image C:\PetProjects\AzurTestTaskTA\Library\PackageCache\com.unity.visualscripting@1.8.0\Editor\VisualScripting.Core\Dependencies\YamlDotNet\Unity.VisualScripting.YamlDotNet.dll
Symbol file LoadedFromMemory doesn't match image C:\PetProjects\AzurTestTaskTA\Library\PackageCache\com.unity.visualscripting@1.8.0\Editor\VisualScripting.Core\Dependencies\DotNetZip\Unity.VisualScripting.IonicZip.dll
Native extension for WindowsStandalone target not found
Native extension for iOS target not found
Native extension for Android target not found
Native extension for WebGL target not found
Refreshing native plugins compatible for Editor in 0.65 ms, found 3 plugins.
Preloading 0 native plugins for Editor in 0.00 ms.
Mono: successfully reloaded assembly
- Completed reload, in  1.087 seconds
Domain Reload Profiling:
	ReloadAssembly (1087ms)
		BeginReloadAssembly (167ms)
			ExecutionOrderSort (0ms)
			DisableScriptedObjects (6ms)
			BackupInstance (0ms)
			ReleaseScriptingObjects (0ms)
			CreateAndSetChildDomain (43ms)
		EndReloadAssembly (823ms)
			LoadAssemblies (107ms)
			RebuildTransferFunctionScriptingTraits (0ms)
			SetupTypeCache (285ms)
			ReleaseScriptCaches (1ms)
			RebuildScriptCaches (41ms)
			SetupLoadedEditorAssemblies (351ms)
				LogAssemblyErrors (0ms)
				InitializePlatformSupportModulesInManaged (38ms)
				SetLoadedEditorAssemblies (0ms)
				RefreshPlugins (1ms)
				BeforeProcessingInitializeOnLoad (74ms)
				ProcessInitializeOnLoadAttributes (209ms)
				ProcessInitializeOnLoadMethodAttributes (21ms)
				AfterProcessingInitializeOnLoad (8ms)
				EditorAssembliesLoaded (0ms)
			ExecutionOrderSort2 (0ms)
			AwakeInstancesAfterBackupRestoration (7ms)
Platform modules already initialized, skipping
Refreshing native plugins compatible for Editor in 1.67 ms, found 3 plugins.
Preloading 0 native plugins for Editor in 0.00 ms.
Unloading 3058 Unused Serialized files (Serialized files now loaded: 0)
Unloading 27 unused Assets / (0.6 MB). Loaded Objects now: 3647.
Memory consumption went from 127.4 MB to 126.7 MB.
Total: 4.076000 ms (FindLiveObjects: 0.499400 ms CreateObjectMapping: 0.228700 ms MarkObjects: 2.969200 ms  DeleteObjects: 0.377000 ms)

AssetImportParameters requested are different than current active one (requested -> active):
  custom:video-decoder-ogg-theora: a1e56fd34408186e4bbccfd4996cb3dc -> 
  custom:container-muxer-webm: aa71ff27fc2769a1b78a27578f13a17b -> 
  custom:container-demuxer-webm: 4f35f7cbe854078d1ac9338744f61a02 -> 
  custom:video-encoder-webm-vp8: eb34c28f22e8b96e1ab97ce403110664 -> 
  custom:audio-encoder-webm-vorbis: bf7c407c2cedff20999df2af8eb42d56 -> 
  custom:framework-win-MediaFoundation: 216162199b28c13a410421893ffa2e32 -> 
  custom:container-demuxer-ogg: 62fdf1f143b41e24485cea50d1cbac27 -> 
  custom:video-decoder-webm-vp8: 9c59270c3fd7afecdb556c50c9e8de78 -> 
  custom:audio-decoder-ogg-vorbis: bf7c407c2cedff20999df2af8eb42d56 -> 
========================================================================
Received Import Request.
  Time since last request: 195.291034 seconds.
  path: Assets/AzurTestTask/Scripts/FireProceduralAnim.cs
  artifactKey: Guid(890f57d230f755949a3d4b5b3e4c000c) Importer(815301076,1909f56bfc062723c751e8b465ee728b)
Start importing Assets/AzurTestTask/Scripts/FireProceduralAnim.cs using Guid(890f57d230f755949a3d4b5b3e4c000c) Importer(815301076,1909f56bfc062723c751e8b465ee728b)  -> (artifact id: '77166fab5fe4b20c9e0e9b38d0255e6a') in 0.008753 seconds 
========================================================================
Received Prepare
Registering precompiled user dll's ...
Registered in 0.004324 seconds.
Begin MonoManager ReloadAssembly
Symbol file LoadedFromMemory doesn't match image C:\PetProjects\AzurTestTaskTA\Library\PackageCache\com.unity.visualscripting@1.8.0\Editor\VisualScripting.Core\Dependencies\YamlDotNet\Unity.VisualScripting.YamlDotNet.dll
Symbol file LoadedFromMemory doesn't match image C:\PetProjects\AzurTestTaskTA\Library\PackageCache\com.unity.visualscripting@1.8.0\Editor\VisualScripting.Core\Dependencies\DotNetZip\Unity.VisualScripting.IonicZip.dll
Native extension for WindowsStandalone target not found
Native extension for iOS target not found
Native extension for Android target not found
Native extension for WebGL target not found
Refreshing native plugins compatible for Editor in 0.70 ms, found 3 plugins.
Preloading 0 native plugins for Editor in 0.00 ms.
Mono: successfully reloaded assembly
- Completed reload, in  1.137 seconds
Domain Reload Profiling:
	ReloadAssembly (1138ms)
		BeginReloadAssembly (155ms)
			ExecutionOrderSort (0ms)
			DisableScriptedObjects (6ms)
			BackupInstance (0ms)
			ReleaseScriptingObjects (0ms)
			CreateAndSetChildDomain (38ms)
		EndReloadAssembly (877ms)
			LoadAssemblies (101ms)
			RebuildTransferFunctionScriptingTraits (0ms)
			SetupTypeCache (277ms)
			ReleaseScriptCaches (1ms)
			RebuildScriptCaches (43ms)
			SetupLoadedEditorAssemblies (400ms)
				LogAssemblyErrors (0ms)
				InitializePlatformSupportModulesInManaged (46ms)
				SetLoadedEditorAssemblies (1ms)
				RefreshPlugins (1ms)
				BeforeProcessingInitializeOnLoad (79ms)
				ProcessInitializeOnLoadAttributes (238ms)
				ProcessInitializeOnLoadMethodAttributes (26ms)
				AfterProcessingInitializeOnLoad (9ms)
				EditorAssembliesLoaded (0ms)
			ExecutionOrderSort2 (0ms)
			AwakeInstancesAfterBackupRestoration (8ms)
Platform modules already initialized, skipping
Refreshing native plugins compatible for Editor in 2.39 ms, found 3 plugins.
Preloading 0 native plugins for Editor in 0.00 ms.
Unloading 3058 Unused Serialized files (Serialized files now loaded: 0)
Unloading 27 unused Assets / (0.6 MB). Loaded Objects now: 3650.
Memory consumption went from 127.4 MB to 126.7 MB.
Total: 3.980600 ms (FindLiveObjects: 0.391100 ms CreateObjectMapping: 0.116900 ms MarkObjects: 3.037300 ms  DeleteObjects: 0.433900 ms)

AssetImportParameters requested are different than current active one (requested -> active):
  custom:video-decoder-ogg-theora: a1e56fd34408186e4bbccfd4996cb3dc -> 
  custom:container-muxer-webm: aa71ff27fc2769a1b78a27578f13a17b -> 
  custom:container-demuxer-webm: 4f35f7cbe854078d1ac9338744f61a02 -> 
  custom:video-encoder-webm-vp8: eb34c28f22e8b96e1ab97ce403110664 -> 
  custom:audio-encoder-webm-vorbis: bf7c407c2cedff20999df2af8eb42d56 -> 
  custom:framework-win-MediaFoundation: 216162199b28c13a410421893ffa2e32 -> 
  custom:container-demuxer-ogg: 62fdf1f143b41e24485cea50d1cbac27 -> 
  custom:video-decoder-webm-vp8: 9c59270c3fd7afecdb556c50c9e8de78 -> 
  custom:audio-decoder-ogg-vorbis: bf7c407c2cedff20999df2af8eb42d56 -> 
========================================================================
Received Prepare
Registering precompiled user dll's ...
Registered in 0.004671 seconds.
Begin MonoManager ReloadAssembly
Symbol file LoadedFromMemory doesn't match image C:\PetProjects\AzurTestTaskTA\Library\PackageCache\com.unity.visualscripting@1.8.0\Editor\VisualScripting.Core\Dependencies\YamlDotNet\Unity.VisualScripting.YamlDotNet.dll
Symbol file LoadedFromMemory doesn't match image C:\PetProjects\AzurTestTaskTA\Library\PackageCache\com.unity.visualscripting@1.8.0\Editor\VisualScripting.Core\Dependencies\DotNetZip\Unity.VisualScripting.IonicZip.dll
Native extension for WindowsStandalone target not found
Native extension for iOS target not found
Native extension for Android target not found
Native extension for WebGL target not found
Refreshing native plugins compatible for Editor in 0.93 ms, found 3 plugins.
Preloading 0 native plugins for Editor in 0.00 ms.
Mono: successfully reloaded assembly
- Completed reload, in  1.207 seconds
Domain Reload Profiling:
	ReloadAssembly (1207ms)
		BeginReloadAssembly (172ms)
			ExecutionOrderSort (0ms)
			DisableScriptedObjects (6ms)
			BackupInstance (0ms)
			ReleaseScriptingObjects (0ms)
			CreateAndSetChildDomain (38ms)
		EndReloadAssembly (924ms)
			LoadAssemblies (120ms)
			RebuildTransferFunctionScriptingTraits (0ms)
			SetupTypeCache (316ms)
			ReleaseScriptCaches (1ms)
			RebuildScriptCaches (47ms)
			SetupLoadedEditorAssemblies (412ms)
				LogAssemblyErrors (0ms)
				InitializePlatformSupportModulesInManaged (44ms)
				SetLoadedEditorAssemblies (0ms)
				RefreshPlugins (1ms)
				BeforeProcessingInitializeOnLoad (73ms)
				ProcessInitializeOnLoadAttributes (264ms)
				ProcessInitializeOnLoadMethodAttributes (22ms)
				AfterProcessingInitializeOnLoad (7ms)
				EditorAssembliesLoaded (0ms)
			ExecutionOrderSort2 (0ms)
			AwakeInstancesAfterBackupRestoration (6ms)
Platform modules already initialized, skipping
Refreshing native plugins compatible for Editor in 1.62 ms, found 3 plugins.
Preloading 0 native plugins for Editor in 0.00 ms.
Unloading 3058 Unused Serialized files (Serialized files now loaded: 0)
Unloading 27 unused Assets / (0.6 MB). Loaded Objects now: 3653.
Memory consumption went from 127.4 MB to 126.7 MB.
Total: 3.916200 ms (FindLiveObjects: 0.319200 ms CreateObjectMapping: 0.208200 ms MarkObjects: 3.004600 ms  DeleteObjects: 0.382600 ms)

AssetImportParameters requested are different than current active one (requested -> active):
  custom:video-decoder-ogg-theora: a1e56fd34408186e4bbccfd4996cb3dc -> 
  custom:container-muxer-webm: aa71ff27fc2769a1b78a27578f13a17b -> 
  custom:container-demuxer-webm: 4f35f7cbe854078d1ac9338744f61a02 -> 
  custom:video-encoder-webm-vp8: eb34c28f22e8b96e1ab97ce403110664 -> 
  custom:audio-encoder-webm-vorbis: bf7c407c2cedff20999df2af8eb42d56 -> 
  custom:framework-win-MediaFoundation: 216162199b28c13a410421893ffa2e32 -> 
  custom:container-demuxer-ogg: 62fdf1f143b41e24485cea50d1cbac27 -> 
  custom:video-decoder-webm-vp8: 9c59270c3fd7afecdb556c50c9e8de78 -> 
  custom:audio-decoder-ogg-vorbis: bf7c407c2cedff20999df2af8eb42d56 -> 
========================================================================
Received Prepare
Registering precompiled user dll's ...
Registered in 0.004622 seconds.
Begin MonoManager ReloadAssembly
Symbol file LoadedFromMemory doesn't match image C:\PetProjects\AzurTestTaskTA\Library\PackageCache\com.unity.visualscripting@1.8.0\Editor\VisualScripting.Core\Dependencies\YamlDotNet\Unity.VisualScripting.YamlDotNet.dll
Symbol file LoadedFromMemory doesn't match image C:\PetProjects\AzurTestTaskTA\Library\PackageCache\com.unity.visualscripting@1.8.0\Editor\VisualScripting.Core\Dependencies\DotNetZip\Unity.VisualScripting.IonicZip.dll
Native extension for WindowsStandalone target not found
Native extension for iOS target not found
Native extension for Android target not found
Native extension for WebGL target not found
Refreshing native plugins compatible for Editor in 0.74 ms, found 3 plugins.
Preloading 0 native plugins for Editor in 0.00 ms.
Mono: successfully reloaded assembly
- Completed reload, in  1.230 seconds
Domain Reload Profiling:
	ReloadAssembly (1231ms)
		BeginReloadAssembly (161ms)
			ExecutionOrderSort (0ms)
			DisableScriptedObjects (7ms)
			BackupInstance (0ms)
			ReleaseScriptingObjects (0ms)
			CreateAndSetChildDomain (38ms)
		EndReloadAssembly (964ms)
			LoadAssemblies (107ms)
			RebuildTransferFunctionScriptingTraits (0ms)
			SetupTypeCache (336ms)
			ReleaseScriptCaches (2ms)
			RebuildScriptCaches (49ms)
			SetupLoadedEditorAssemblies (421ms)
				LogAssemblyErrors (0ms)
				InitializePlatformSupportModulesInManaged (41ms)
				SetLoadedEditorAssemblies (1ms)
				RefreshPlugins (1ms)
				BeforeProcessingInitializeOnLoad (80ms)
				ProcessInitializeOnLoadAttributes (263ms)
				ProcessInitializeOnLoadMethodAttributes (26ms)
				AfterProcessingInitializeOnLoad (8ms)
				EditorAssembliesLoaded (0ms)
			ExecutionOrderSort2 (0ms)
			AwakeInstancesAfterBackupRestoration (8ms)
Platform modules already initialized, skipping
Refreshing native plugins compatible for Editor in 2.15 ms, found 3 plugins.
Preloading 0 native plugins for Editor in 0.00 ms.
Unloading 3058 Unused Serialized files (Serialized files now loaded: 0)
Unloading 27 unused Assets / (0.6 MB). Loaded Objects now: 3656.
Memory consumption went from 127.4 MB to 126.7 MB.
Total: 7.979500 ms (FindLiveObjects: 0.325000 ms CreateObjectMapping: 0.117600 ms MarkObjects: 6.783100 ms  DeleteObjects: 0.750700 ms)

AssetImportParameters requested are different than current active one (requested -> active):
  custom:video-decoder-ogg-theora: a1e56fd34408186e4bbccfd4996cb3dc -> 
  custom:container-muxer-webm: aa71ff27fc2769a1b78a27578f13a17b -> 
  custom:container-demuxer-webm: 4f35f7cbe854078d1ac9338744f61a02 -> 
  custom:video-encoder-webm-vp8: eb34c28f22e8b96e1ab97ce403110664 -> 
  custom:audio-encoder-webm-vorbis: bf7c407c2cedff20999df2af8eb42d56 -> 
  custom:framework-win-MediaFoundation: 216162199b28c13a410421893ffa2e32 -> 
  custom:container-demuxer-ogg: 62fdf1f143b41e24485cea50d1cbac27 -> 
  custom:video-decoder-webm-vp8: 9c59270c3fd7afecdb556c50c9e8de78 -> 
  custom:audio-decoder-ogg-vorbis: bf7c407c2cedff20999df2af8eb42d56 -> 
========================================================================
Received Import Request.
  Time since last request: 384.192540 seconds.
  path: Assets/AzurTestTask/Scripts/FireProceduralAnim.cs
  artifactKey: Guid(890f57d230f755949a3d4b5b3e4c000c) Importer(815301076,1909f56bfc062723c751e8b465ee728b)
Start importing Assets/AzurTestTask/Scripts/FireProceduralAnim.cs using Guid(890f57d230f755949a3d4b5b3e4c000c) Importer(815301076,1909f56bfc062723c751e8b465ee728b)  -> (artifact id: 'a6f382c096c8542ace7112d7f3c6131a') in 0.009130 seconds 
========================================================================
Received Prepare
Registering precompiled user dll's ...
Registered in 0.004178 seconds.
Begin MonoManager ReloadAssembly
Symbol file LoadedFromMemory doesn't match image C:\PetProjects\AzurTestTaskTA\Library\PackageCache\com.unity.visualscripting@1.8.0\Editor\VisualScripting.Core\Dependencies\YamlDotNet\Unity.VisualScripting.YamlDotNet.dll
Symbol file LoadedFromMemory doesn't match image C:\PetProjects\AzurTestTaskTA\Library\PackageCache\com.unity.visualscripting@1.8.0\Editor\VisualScripting.Core\Dependencies\DotNetZip\Unity.VisualScripting.IonicZip.dll
Native extension for WindowsStandalone target not found
Native extension for iOS target not found
Native extension for Android target not found
Native extension for WebGL target not found
Refreshing native plugins compatible for Editor in 0.62 ms, found 3 plugins.
Preloading 0 native plugins for Editor in 0.00 ms.
Mono: successfully reloaded assembly
- Completed reload, in  1.051 seconds
Domain Reload Profiling:
	ReloadAssembly (1052ms)
		BeginReloadAssembly (163ms)
			ExecutionOrderSort (0ms)
			DisableScriptedObjects (6ms)
			BackupInstance (0ms)
			ReleaseScriptingObjects (0ms)
			CreateAndSetChildDomain (43ms)
		EndReloadAssembly (789ms)
			LoadAssemblies (103ms)
			RebuildTransferFunctionScriptingTraits (0ms)
			SetupTypeCache (284ms)
			ReleaseScriptCaches (1ms)
			RebuildScriptCaches (41ms)
			SetupLoadedEditorAssemblies (330ms)
				LogAssemblyErrors (0ms)
				InitializePlatformSupportModulesInManaged (36ms)
				SetLoadedEditorAssemblies (0ms)
				RefreshPlugins (1ms)
				BeforeProcessingInitializeOnLoad (66ms)
				ProcessInitializeOnLoadAttributes (200ms)
				ProcessInitializeOnLoadMethodAttributes (20ms)
				AfterProcessingInitializeOnLoad (7ms)
				EditorAssembliesLoaded (0ms)
			ExecutionOrderSort2 (0ms)
			AwakeInstancesAfterBackupRestoration (7ms)
Platform modules already initialized, skipping
Refreshing native plugins compatible for Editor in 1.87 ms, found 3 plugins.
Preloading 0 native plugins for Editor in 0.00 ms.
Unloading 3057 Unused Serialized files (Serialized files now loaded: 0)
Unloading 28 unused Assets / (0.6 MB). Loaded Objects now: 3658.
Memory consumption went from 127.4 MB to 126.7 MB.
Total: 4.501700 ms (FindLiveObjects: 0.329300 ms CreateObjectMapping: 0.131900 ms MarkObjects: 3.446100 ms  DeleteObjects: 0.592600 ms)

AssetImportParameters requested are different than current active one (requested -> active):
  custom:video-decoder-ogg-theora: a1e56fd34408186e4bbccfd4996cb3dc -> 
  custom:container-muxer-webm: aa71ff27fc2769a1b78a27578f13a17b -> 
  custom:container-demuxer-webm: 4f35f7cbe854078d1ac9338744f61a02 -> 
  custom:video-encoder-webm-vp8: eb34c28f22e8b96e1ab97ce403110664 -> 
  custom:audio-encoder-webm-vorbis: bf7c407c2cedff20999df2af8eb42d56 -> 
  custom:framework-win-MediaFoundation: 216162199b28c13a410421893ffa2e32 -> 
  custom:container-demuxer-ogg: 62fdf1f143b41e24485cea50d1cbac27 -> 
  custom:video-decoder-webm-vp8: 9c59270c3fd7afecdb556c50c9e8de78 -> 
  custom:audio-decoder-ogg-vorbis: bf7c407c2cedff20999df2af8eb42d56 -> 
========================================================================
Received Prepare
Registering precompiled user dll's ...
Registered in 0.006168 seconds.
Begin MonoManager ReloadAssembly
Symbol file LoadedFromMemory doesn't match image C:\PetProjects\AzurTestTaskTA\Library\PackageCache\com.unity.visualscripting@1.8.0\Editor\VisualScripting.Core\Dependencies\YamlDotNet\Unity.VisualScripting.YamlDotNet.dll
Symbol file LoadedFromMemory doesn't match image C:\PetProjects\AzurTestTaskTA\Library\PackageCache\com.unity.visualscripting@1.8.0\Editor\VisualScripting.Core\Dependencies\DotNetZip\Unity.VisualScripting.IonicZip.dll
Native extension for WindowsStandalone target not found
Native extension for iOS target not found
Native extension for Android target not found
Native extension for WebGL target not found
Refreshing native plugins compatible for Editor in 1.11 ms, found 3 plugins.
Preloading 0 native plugins for Editor in 0.00 ms.
Mono: successfully reloaded assembly
- Completed reload, in  1.157 seconds
Domain Reload Profiling:
	ReloadAssembly (1158ms)
		BeginReloadAssembly (157ms)
			ExecutionOrderSort (0ms)
			DisableScriptedObjects (6ms)
			BackupInstance (0ms)
			ReleaseScriptingObjects (0ms)
			CreateAndSetChildDomain (38ms)
		EndReloadAssembly (887ms)
			LoadAssemblies (103ms)
			RebuildTransferFunctionScriptingTraits (0ms)
			SetupTypeCache (263ms)
			ReleaseScriptCaches (1ms)
			RebuildScriptCaches (43ms)
			SetupLoadedEditorAssemblies (438ms)
				LogAssemblyErrors (0ms)
				InitializePlatformSupportModulesInManaged (44ms)
				SetLoadedEditorAssemblies (1ms)
				RefreshPlugins (1ms)
				BeforeProcessingInitializeOnLoad (77ms)
				ProcessInitializeOnLoadAttributes (273ms)
				ProcessInitializeOnLoadMethodAttributes (31ms)
				AfterProcessingInitializeOnLoad (9ms)
				EditorAssembliesLoaded (0ms)
			ExecutionOrderSort2 (0ms)
			AwakeInstancesAfterBackupRestoration (7ms)
Platform modules already initialized, skipping
Refreshing native plugins compatible for Editor in 3.34 ms, found 3 plugins.
Preloading 0 native plugins for Editor in 0.00 ms.
Unloading 3057 Unused Serialized files (Serialized files now loaded: 0)
Unloading 27 unused Assets / (0.6 MB). Loaded Objects now: 3661.
Memory consumption went from 127.4 MB to 126.7 MB.
Total: 4.712800 ms (FindLiveObjects: 0.394500 ms CreateObjectMapping: 0.108700 ms MarkObjects: 3.546800 ms  DeleteObjects: 0.661400 ms)

AssetImportParameters requested are different than current active one (requested -> active):
  custom:video-decoder-ogg-theora: a1e56fd34408186e4bbccfd4996cb3dc -> 
  custom:container-muxer-webm: aa71ff27fc2769a1b78a27578f13a17b -> 
  custom:container-demuxer-webm: 4f35f7cbe854078d1ac9338744f61a02 -> 
  custom:video-encoder-webm-vp8: eb34c28f22e8b96e1ab97ce403110664 -> 
  custom:audio-encoder-webm-vorbis: bf7c407c2cedff20999df2af8eb42d56 -> 
  custom:framework-win-MediaFoundation: 216162199b28c13a410421893ffa2e32 -> 
  custom:container-demuxer-ogg: 62fdf1f143b41e24485cea50d1cbac27 -> 
  custom:video-decoder-webm-vp8: 9c59270c3fd7afecdb556c50c9e8de78 -> 
  custom:audio-decoder-ogg-vorbis: bf7c407c2cedff20999df2af8eb42d56 -> 
========================================================================
Received Import Request.
  Time since last request: 1155.339133 seconds.
  path: Assets/AzurTestTask/Sprites/Spider2.png
  artifactKey: Guid(f8a04cf529a405c4a9bd67cf24e9f7a5) Importer(815301076,1909f56bfc062723c751e8b465ee728b)
Start importing Assets/AzurTestTask/Sprites/Spider2.png using Guid(f8a04cf529a405c4a9bd67cf24e9f7a5) Importer(815301076,1909f56bfc062723c751e8b465ee728b) Requested RenderTexture with sRGB format. sRGB formats are not supported in gamma mode, fallback to a UNorm format. Use a UNorm format instead of sRGB to silence this warning.
UnityEngine.StackTraceUtility:ExtractStackTrace ()
UnityEngine.RenderTexture:GetTemporary_Internal (UnityEngine.RenderTextureDescriptor)
UnityEngine.RenderTexture:GetTemporary (UnityEngine.RenderTextureDescriptor)
UnityEngine.RenderTexture:GetTemporaryImpl (int,int,int,UnityEngine.Experimental.Rendering.GraphicsFormat,int,UnityEngine.RenderTextureMemoryless,UnityEngine.VRTextureUsage,bool)
UnityEngine.RenderTexture:GetTemporary (int,int,int,UnityEngine.Experimental.Rendering.GraphicsFormat)
UnityEditor.TextureInspector:RenderStaticPreview (string,UnityEngine.Object[],int,int)
UnityEditor.AssetPreviewUpdater:CreatePreview (UnityEngine.Object,UnityEngine.Object[],string,int,int)
UnityEditor.AssetPreviewUpdater:CreatePreviewForAsset (UnityEngine.Object,UnityEngine.Object[],string)

[C:\build\output\unity\unity\Runtime\Graphics\RenderTexture.cpp line 1111]

Requested RenderTexture with sRGB format. sRGB formats are not supported in gamma mode, fallback to a UNorm format. Use a UNorm format instead of sRGB to silence this warning.
UnityEngine.StackTraceUtility:ExtractStackTrace ()
UnityEngine.RenderTexture:GetTemporary_Internal (UnityEngine.RenderTextureDescriptor)
UnityEngine.RenderTexture:GetTemporary (UnityEngine.RenderTextureDescriptor)
UnityEngine.RenderTexture:GetTemporaryImpl (int,int,int,UnityEngine.Experimental.Rendering.GraphicsFormat,int,UnityEngine.RenderTextureMemoryless,UnityEngine.VRTextureUsage,bool)
UnityEngine.RenderTexture:GetTemporary (int,int,int,UnityEngine.Experimental.Rendering.GraphicsFormat)
UnityEditor.SpriteInspector:BuildPreviewTexture (UnityEngine.Sprite,UnityEngine.Material,bool)
UnityEditor.SpriteInspector:RenderStaticPreview (string,UnityEngine.Object[],int,int)
UnityEditor.AssetPreviewUpdater:CreatePreview (UnityEngine.Object,UnityEngine.Object[],string,int,int)
UnityEditor.AssetPreviewUpdater:CreatePreviewForAsset (UnityEngine.Object,UnityEngine.Object[],string)

[C:\build\output\unity\unity\Runtime\Graphics\RenderTexture.cpp line 1111]

 -> (artifact id: '87215c809d21deb1692d1c72789a1f6c') in 0.091018 seconds 
========================================================================
Received Import Request.
  Time since last request: 981.322654 seconds.
  path: Assets/AzurTestTask/Fire_mat.mat
  artifactKey: Guid(71fd6757db4214a4a802a725bfe9cf99) Importer(815301076,1909f56bfc062723c751e8b465ee728b)
Start importing Assets/AzurTestTask/Fire_mat.mat using Guid(71fd6757db4214a4a802a725bfe9cf99) Importer(815301076,1909f56bfc062723c751e8b465ee728b)  -> (artifact id: '26d2bdb1d2e00f9f6987e8b9feb80836') in 0.087792 seconds 
========================================================================
Received Import Request.
  Time since last request: 319.170335 seconds.
  path: Assets/AzurTestTask/Fire_mat.mat
  artifactKey: Guid(71fd6757db4214a4a802a725bfe9cf99) Importer(815301076,1909f56bfc062723c751e8b465ee728b)
Start importing Assets/AzurTestTask/Fire_mat.mat using Guid(71fd6757db4214a4a802a725bfe9cf99) Importer(815301076,1909f56bfc062723c751e8b465ee728b)  -> (artifact id: '05f7ca40753eb0272fd3e7ef1c104ebd') in 0.051111 seconds 
========================================================================
Received Prepare
Registering precompiled user dll's ...
Registered in 0.004180 seconds.
Begin MonoManager ReloadAssembly
Symbol file LoadedFromMemory doesn't match image C:\PetProjects\AzurTestTaskTA\Library\PackageCache\com.unity.visualscripting@1.8.0\Editor\VisualScripting.Core\Dependencies\YamlDotNet\Unity.VisualScripting.YamlDotNet.dll
Symbol file LoadedFromMemory doesn't match image C:\PetProjects\AzurTestTaskTA\Library\PackageCache\com.unity.visualscripting@1.8.0\Editor\VisualScripting.Core\Dependencies\DotNetZip\Unity.VisualScripting.IonicZip.dll
Native extension for WindowsStandalone target not found
Native extension for iOS target not found
Native extension for Android target not found
Native extension for WebGL target not found
Refreshing native plugins compatible for Editor in 0.85 ms, found 3 plugins.
Preloading 0 native plugins for Editor in 0.00 ms.
Mono: successfully reloaded assembly
- Completed reload, in  1.117 seconds
Domain Reload Profiling:
	ReloadAssembly (1118ms)
		BeginReloadAssembly (159ms)
			ExecutionOrderSort (0ms)
			DisableScriptedObjects (5ms)
			BackupInstance (0ms)
			ReleaseScriptingObjects (0ms)
			CreateAndSetChildDomain (40ms)
		EndReloadAssembly (842ms)
			LoadAssemblies (102ms)
			RebuildTransferFunctionScriptingTraits (0ms)
			SetupTypeCache (270ms)
			ReleaseScriptCaches (2ms)
			RebuildScriptCaches (39ms)
			SetupLoadedEditorAssemblies (390ms)
				LogAssemblyErrors (0ms)
				InitializePlatformSupportModulesInManaged (43ms)
				SetLoadedEditorAssemblies (1ms)
				RefreshPlugins (1ms)
				BeforeProcessingInitializeOnLoad (75ms)
				ProcessInitializeOnLoadAttributes (237ms)
				ProcessInitializeOnLoadMethodAttributes (25ms)
				AfterProcessingInitializeOnLoad (8ms)
				EditorAssembliesLoaded (0ms)
			ExecutionOrderSort2 (0ms)
			AwakeInstancesAfterBackupRestoration (8ms)
Platform modules already initialized, skipping
Refreshing native plugins compatible for Editor in 2.11 ms, found 3 plugins.
Preloading 0 native plugins for Editor in 0.00 ms.
Unloading 3057 Unused Serialized files (Serialized files now loaded: 0)
Unloading 27 unused Assets / (0.6 MB). Loaded Objects now: 3665.
Memory consumption went from 127.4 MB to 126.8 MB.
Total: 5.056800 ms (FindLiveObjects: 0.340000 ms CreateObjectMapping: 0.146300 ms MarkObjects: 4.005800 ms  DeleteObjects: 0.563300 ms)

AssetImportParameters requested are different than current active one (requested -> active):
  custom:video-decoder-ogg-theora: a1e56fd34408186e4bbccfd4996cb3dc -> 
  custom:container-muxer-webm: aa71ff27fc2769a1b78a27578f13a17b -> 
  custom:container-demuxer-webm: 4f35f7cbe854078d1ac9338744f61a02 -> 
  custom:video-encoder-webm-vp8: eb34c28f22e8b96e1ab97ce403110664 -> 
  custom:audio-encoder-webm-vorbis: bf7c407c2cedff20999df2af8eb42d56 -> 
  custom:framework-win-MediaFoundation: 216162199b28c13a410421893ffa2e32 -> 
  custom:container-demuxer-ogg: 62fdf1f143b41e24485cea50d1cbac27 -> 
  custom:video-decoder-webm-vp8: 9c59270c3fd7afecdb556c50c9e8de78 -> 
  custom:audio-decoder-ogg-vorbis: bf7c407c2cedff20999df2af8eb42d56 -> 
========================================================================
Received Prepare
Registering precompiled user dll's ...
Registered in 0.005144 seconds.
Begin MonoManager ReloadAssembly
Symbol file LoadedFromMemory doesn't match image C:\PetProjects\AzurTestTaskTA\Library\PackageCache\com.unity.visualscripting@1.8.0\Editor\VisualScripting.Core\Dependencies\YamlDotNet\Unity.VisualScripting.YamlDotNet.dll
Symbol file LoadedFromMemory doesn't match image C:\PetProjects\AzurTestTaskTA\Library\PackageCache\com.unity.visualscripting@1.8.0\Editor\VisualScripting.Core\Dependencies\DotNetZip\Unity.VisualScripting.IonicZip.dll
Native extension for WindowsStandalone target not found
Native extension for iOS target not found
Native extension for Android target not found
Native extension for WebGL target not found
Refreshing native plugins compatible for Editor in 1.18 ms, found 3 plugins.
Preloading 0 native plugins for Editor in 0.00 ms.
Mono: successfully reloaded assembly
- Completed reload, in  1.101 seconds
Domain Reload Profiling:
	ReloadAssembly (1102ms)
		BeginReloadAssembly (162ms)
			ExecutionOrderSort (0ms)
			DisableScriptedObjects (6ms)
			BackupInstance (0ms)
			ReleaseScriptingObjects (0ms)
			CreateAndSetChildDomain (36ms)
		EndReloadAssembly (832ms)
			LoadAssemblies (105ms)
			RebuildTransferFunctionScriptingTraits (0ms)
			SetupTypeCache (263ms)
			ReleaseScriptCaches (1ms)
			RebuildScriptCaches (39ms)
			SetupLoadedEditorAssemblies (388ms)
				LogAssemblyErrors (0ms)
				InitializePlatformSupportModulesInManaged (42ms)
				SetLoadedEditorAssemblies (1ms)
				RefreshPlugins (1ms)
				BeforeProcessingInitializeOnLoad (80ms)
				ProcessInitializeOnLoadAttributes (231ms)
				ProcessInitializeOnLoadMethodAttributes (25ms)
				AfterProcessingInitializeOnLoad (8ms)
				EditorAssembliesLoaded (0ms)
			ExecutionOrderSort2 (0ms)
			AwakeInstancesAfterBackupRestoration (7ms)
Platform modules already initialized, skipping
Refreshing native plugins compatible for Editor in 1.79 ms, found 3 plugins.
Preloading 0 native plugins for Editor in 0.00 ms.
Unloading 3057 Unused Serialized files (Serialized files now loaded: 0)
Unloading 27 unused Assets / (0.6 MB). Loaded Objects now: 3668.
Memory consumption went from 127.4 MB to 126.8 MB.
Total: 5.010900 ms (FindLiveObjects: 0.379800 ms CreateObjectMapping: 0.120600 ms MarkObjects: 4.090700 ms  DeleteObjects: 0.418100 ms)

AssetImportParameters requested are different than current active one (requested -> active):
  custom:video-decoder-ogg-theora: a1e56fd34408186e4bbccfd4996cb3dc -> 
  custom:container-muxer-webm: aa71ff27fc2769a1b78a27578f13a17b -> 
  custom:container-demuxer-webm: 4f35f7cbe854078d1ac9338744f61a02 -> 
  custom:video-encoder-webm-vp8: eb34c28f22e8b96e1ab97ce403110664 -> 
  custom:audio-encoder-webm-vorbis: bf7c407c2cedff20999df2af8eb42d56 -> 
  custom:framework-win-MediaFoundation: 216162199b28c13a410421893ffa2e32 -> 
  custom:container-demuxer-ogg: 62fdf1f143b41e24485cea50d1cbac27 -> 
  custom:video-decoder-webm-vp8: 9c59270c3fd7afecdb556c50c9e8de78 -> 
  custom:audio-decoder-ogg-vorbis: bf7c407c2cedff20999df2af8eb42d56 -> 
========================================================================
Received Prepare
Registering precompiled user dll's ...
Registered in 0.005462 seconds.
Begin MonoManager ReloadAssembly
Symbol file LoadedFromMemory doesn't match image C:\PetProjects\AzurTestTaskTA\Library\PackageCache\com.unity.visualscripting@1.8.0\Editor\VisualScripting.Core\Dependencies\YamlDotNet\Unity.VisualScripting.YamlDotNet.dll
Symbol file LoadedFromMemory doesn't match image C:\PetProjects\AzurTestTaskTA\Library\PackageCache\com.unity.visualscripting@1.8.0\Editor\VisualScripting.Core\Dependencies\DotNetZip\Unity.VisualScripting.IonicZip.dll
Native extension for WindowsStandalone target not found
Native extension for iOS target not found
Native extension for Android target not found
Native extension for WebGL target not found
Refreshing native plugins compatible for Editor in 0.70 ms, found 3 plugins.
Preloading 0 native plugins for Editor in 0.00 ms.
Mono: successfully reloaded assembly
- Completed reload, in  1.117 seconds
Domain Reload Profiling:
	ReloadAssembly (1117ms)
		BeginReloadAssembly (157ms)
			ExecutionOrderSort (0ms)
			DisableScriptedObjects (7ms)
			BackupInstance (0ms)
			ReleaseScriptingObjects (0ms)
			CreateAndSetChildDomain (40ms)
		EndReloadAssembly (854ms)
			LoadAssemblies (96ms)
			RebuildTransferFunctionScriptingTraits (0ms)
			SetupTypeCache (254ms)
			ReleaseScriptCaches (1ms)
			RebuildScriptCaches (46ms)
			SetupLoadedEditorAssemblies (400ms)
				LogAssemblyErrors (0ms)
				InitializePlatformSupportModulesInManaged (44ms)
				SetLoadedEditorAssemblies (0ms)
				RefreshPlugins (1ms)
				BeforeProcessingInitializeOnLoad (80ms)
				ProcessInitializeOnLoadAttributes (237ms)
				ProcessInitializeOnLoadMethodAttributes (29ms)
				AfterProcessingInitializeOnLoad (9ms)
				EditorAssembliesLoaded (0ms)
			ExecutionOrderSort2 (0ms)
			AwakeInstancesAfterBackupRestoration (8ms)
Platform modules already initialized, skipping
Refreshing native plugins compatible for Editor in 2.61 ms, found 3 plugins.
Preloading 0 native plugins for Editor in 0.00 ms.
Unloading 3057 Unused Serialized files (Serialized files now loaded: 0)
Unloading 27 unused Assets / (0.6 MB). Loaded Objects now: 3671.
Memory consumption went from 127.4 MB to 126.8 MB.
Total: 5.105100 ms (FindLiveObjects: 0.503700 ms CreateObjectMapping: 0.145900 ms MarkObjects: 3.828900 ms  DeleteObjects: 0.625000 ms)

AssetImportParameters requested are different than current active one (requested -> active):
  custom:video-decoder-ogg-theora: a1e56fd34408186e4bbccfd4996cb3dc -> 
  custom:container-muxer-webm: aa71ff27fc2769a1b78a27578f13a17b -> 
  custom:container-demuxer-webm: 4f35f7cbe854078d1ac9338744f61a02 -> 
  custom:video-encoder-webm-vp8: eb34c28f22e8b96e1ab97ce403110664 -> 
  custom:audio-encoder-webm-vorbis: bf7c407c2cedff20999df2af8eb42d56 -> 
  custom:framework-win-MediaFoundation: 216162199b28c13a410421893ffa2e32 -> 
  custom:container-demuxer-ogg: 62fdf1f143b41e24485cea50d1cbac27 -> 
  custom:video-decoder-webm-vp8: 9c59270c3fd7afecdb556c50c9e8de78 -> 
  custom:audio-decoder-ogg-vorbis: bf7c407c2cedff20999df2af8eb42d56 -> 
========================================================================
Received Prepare
Registering precompiled user dll's ...
Registered in 0.003399 seconds.
Begin MonoManager ReloadAssembly
Symbol file LoadedFromMemory doesn't match image C:\PetProjects\AzurTestTaskTA\Library\PackageCache\com.unity.visualscripting@1.8.0\Editor\VisualScripting.Core\Dependencies\YamlDotNet\Unity.VisualScripting.YamlDotNet.dll
Symbol file LoadedFromMemory doesn't match image C:\PetProjects\AzurTestTaskTA\Library\PackageCache\com.unity.visualscripting@1.8.0\Editor\VisualScripting.Core\Dependencies\DotNetZip\Unity.VisualScripting.IonicZip.dll
Native extension for WindowsStandalone target not found
Native extension for iOS target not found
Native extension for Android target not found
Native extension for WebGL target not found
Refreshing native plugins compatible for Editor in 0.76 ms, found 3 plugins.
Preloading 0 native plugins for Editor in 0.00 ms.
Mono: successfully reloaded assembly
- Completed reload, in  1.265 seconds
Domain Reload Profiling:
	ReloadAssembly (1266ms)
		BeginReloadAssembly (201ms)
			ExecutionOrderSort (0ms)
			DisableScriptedObjects (8ms)
			BackupInstance (0ms)
			ReleaseScriptingObjects (0ms)
			CreateAndSetChildDomain (65ms)
		EndReloadAssembly (941ms)
			LoadAssemblies (125ms)
			RebuildTransferFunctionScriptingTraits (0ms)
			SetupTypeCache (339ms)
			ReleaseScriptCaches (2ms)
			RebuildScriptCaches (54ms)
			SetupLoadedEditorAssemblies (372ms)
				LogAssemblyErrors (0ms)
				InitializePlatformSupportModulesInManaged (45ms)
				SetLoadedEditorAssemblies (1ms)
				RefreshPlugins (1ms)
				BeforeProcessingInitializeOnLoad (70ms)
				ProcessInitializeOnLoadAttributes (220ms)
				ProcessInitializeOnLoadMethodAttributes (28ms)
				AfterProcessingInitializeOnLoad (7ms)
				EditorAssembliesLoaded (0ms)
			ExecutionOrderSort2 (0ms)
			AwakeInstancesAfterBackupRestoration (8ms)
Platform modules already initialized, skipping
Refreshing native plugins compatible for Editor in 1.51 ms, found 3 plugins.
Preloading 0 native plugins for Editor in 0.00 ms.
Unloading 3057 Unused Serialized files (Serialized files now loaded: 0)
Unloading 27 unused Assets / (0.6 MB). Loaded Objects now: 3674.
Memory consumption went from 127.4 MB to 126.8 MB.
Total: 3.263800 ms (FindLiveObjects: 0.246700 ms CreateObjectMapping: 0.086900 ms MarkObjects: 2.601300 ms  DeleteObjects: 0.328000 ms)

AssetImportParameters requested are different than current active one (requested -> active):
  custom:video-decoder-ogg-theora: a1e56fd34408186e4bbccfd4996cb3dc -> 
  custom:container-muxer-webm: aa71ff27fc2769a1b78a27578f13a17b -> 
  custom:container-demuxer-webm: 4f35f7cbe854078d1ac9338744f61a02 -> 
  custom:video-encoder-webm-vp8: eb34c28f22e8b96e1ab97ce403110664 -> 
  custom:audio-encoder-webm-vorbis: bf7c407c2cedff20999df2af8eb42d56 -> 
  custom:framework-win-MediaFoundation: 216162199b28c13a410421893ffa2e32 -> 
  custom:container-demuxer-ogg: 62fdf1f143b41e24485cea50d1cbac27 -> 
  custom:video-decoder-webm-vp8: 9c59270c3fd7afecdb556c50c9e8de78 -> 
  custom:audio-decoder-ogg-vorbis: bf7c407c2cedff20999df2af8eb42d56 -> 
========================================================================
Received Import Request.
  Time since last request: 140804.291637 seconds.
  path: Assets/AzurTestTask/Sprites/cloud.png
  artifactKey: Guid(d8c1c73f4315b9c4baa24f6fc70c45b7) Importer(815301076,1909f56bfc062723c751e8b465ee728b)
Start importing Assets/AzurTestTask/Sprites/cloud.png using Guid(d8c1c73f4315b9c4baa24f6fc70c45b7) Importer(815301076,1909f56bfc062723c751e8b465ee728b) Requested RenderTexture with sRGB format. sRGB formats are not supported in gamma mode, fallback to a UNorm format. Use a UNorm format instead of sRGB to silence this warning.
UnityEngine.StackTraceUtility:ExtractStackTrace ()
UnityEngine.RenderTexture:GetTemporary_Internal (UnityEngine.RenderTextureDescriptor)
UnityEngine.RenderTexture:GetTemporary (UnityEngine.RenderTextureDescriptor)
UnityEngine.RenderTexture:GetTemporaryImpl (int,int,int,UnityEngine.Experimental.Rendering.GraphicsFormat,int,UnityEngine.RenderTextureMemoryless,UnityEngine.VRTextureUsage,bool)
UnityEngine.RenderTexture:GetTemporary (int,int,int,UnityEngine.Experimental.Rendering.GraphicsFormat)
UnityEditor.TextureInspector:RenderStaticPreview (string,UnityEngine.Object[],int,int)
UnityEditor.AssetPreviewUpdater:CreatePreview (UnityEngine.Object,UnityEngine.Object[],string,int,int)
UnityEditor.AssetPreviewUpdater:CreatePreviewForAsset (UnityEngine.Object,UnityEngine.Object[],string)

[C:\build\output\unity\unity\Runtime\Graphics\RenderTexture.cpp line 1111]

Requested RenderTexture with sRGB format. sRGB formats are not supported in gamma mode, fallback to a UNorm format. Use a UNorm format instead of sRGB to silence this warning.
UnityEngine.StackTraceUtility:ExtractStackTrace ()
UnityEngine.RenderTexture:GetTemporary_Internal (UnityEngine.RenderTextureDescriptor)
UnityEngine.RenderTexture:GetTemporary (UnityEngine.RenderTextureDescriptor)
UnityEngine.RenderTexture:GetTemporaryImpl (int,int,int,UnityEngine.Experimental.Rendering.GraphicsFormat,int,UnityEngine.RenderTextureMemoryless,UnityEngine.VRTextureUsage,bool)
UnityEngine.RenderTexture:GetTemporary (int,int,int,UnityEngine.Experimental.Rendering.GraphicsFormat)
UnityEditor.SpriteInspector:BuildPreviewTexture (UnityEngine.Sprite,UnityEngine.Material,bool)
UnityEditor.SpriteInspector:RenderStaticPreview (string,UnityEngine.Object[],int,int)
UnityEditor.AssetPreviewUpdater:CreatePreview (UnityEngine.Object,UnityEngine.Object[],string,int,int)
UnityEditor.AssetPreviewUpdater:CreatePreviewForAsset (UnityEngine.Object,UnityEngine.Object[],string)

[C:\build\output\unity\unity\Runtime\Graphics\RenderTexture.cpp line 1111]

 -> (artifact id: 'bf80999086e6a6df5e2eecacc7ee805e') in 0.716605 seconds 
========================================================================
Received Import Request.
  Time since last request: 362.694178 seconds.
  path: Assets/AzurTestTask/Orc/Orc.fbx
  artifactKey: Guid(fb9ad6c1189c1c4419ee6f3312a7afbc) Importer(815301076,1909f56bfc062723c751e8b465ee728b)
Start importing Assets/AzurTestTask/Orc/Orc.fbx using Guid(fb9ad6c1189c1c4419ee6f3312a7afbc) Importer(815301076,1909f56bfc062723c751e8b465ee728b)  -> (artifact id: '996524ca8bb9b308cb8534739d717db7') in 0.227276 seconds 
========================================================================
Received Import Request.
  Time since last request: 975.053668 seconds.
  path: Assets/AzurTestTask/Orc/Orc_Idle.anim
  artifactKey: Guid(c380be2307c1aae4bb67576aab5fbb5f) Importer(815301076,1909f56bfc062723c751e8b465ee728b)
Start importing Assets/AzurTestTask/Orc/Orc_Idle.anim using Guid(c380be2307c1aae4bb67576aab5fbb5f) Importer(815301076,1909f56bfc062723c751e8b465ee728b)  -> (artifact id: '80da7a7c2271608aca744496dd9332ec') in 0.032054 seconds 
========================================================================
Received Import Request.
  Time since last request: 2023.567818 seconds.
  path: Assets/AzurTestTask/Orc/Orc.controller
  artifactKey: Guid(5716dd16e800ec34d89c1c4661003a59) Importer(815301076,1909f56bfc062723c751e8b465ee728b)
Start importing Assets/AzurTestTask/Orc/Orc.controller using Guid(5716dd16e800ec34d89c1c4661003a59) Importer(815301076,1909f56bfc062723c751e8b465ee728b)  -> (artifact id: 'fa1ac0b3795d8f2cb0259a37134a2282') in 0.010288 seconds 
========================================================================
Received Import Request.
  Time since last request: 18.265369 seconds.
  path: Assets/AzurTestTask/Orc/Orc_Idle.anim
  artifactKey: Guid(c380be2307c1aae4bb67576aab5fbb5f) Importer(815301076,1909f56bfc062723c751e8b465ee728b)
Start importing Assets/AzurTestTask/Orc/Orc_Idle.anim using Guid(c380be2307c1aae4bb67576aab5fbb5f) Importer(815301076,1909f56bfc062723c751e8b465ee728b)  -> (artifact id: 'edaea1341f5147c51fef4330a629397f') in 0.005424 seconds 
========================================================================
Received Import Request.
  Time since last request: 55.884086 seconds.
  path: Assets/AzurTestTask/Prefabs/Orc.prefab
  artifactKey: Guid(5fe2349c9728e5742b634ac008c1e155) Importer(815301076,1909f56bfc062723c751e8b465ee728b)
Start importing Assets/AzurTestTask/Prefabs/Orc.prefab using Guid(5fe2349c9728e5742b634ac008c1e155) Importer(815301076,1909f56bfc062723c751e8b465ee728b)  -> (artifact id: '911c5a0171e1316e9e6c3cc595057566') in 0.311281 seconds 
========================================================================
Received Import Request.
  Time since last request: 727.808062 seconds.
  path: Assets/AzurTestTask/Prefabs/Barrels.prefab
  artifactKey: Guid(cbcb133c9774d0241a283f1e411cd05c) Importer(815301076,1909f56bfc062723c751e8b465ee728b)
Start importing Assets/AzurTestTask/Prefabs/Barrels.prefab using Guid(cbcb133c9774d0241a283f1e411cd05c) Importer(815301076,1909f56bfc062723c751e8b465ee728b)  -> (artifact id: '41e6416a4014a54e20c6d46afb82ce56') in 0.087715 seconds 
========================================================================
Received Import Request.
  Time since last request: 240.128837 seconds.
  path: Assets/AzurTestTask/Sprites/cloud.png
  artifactKey: Guid(d8c1c73f4315b9c4baa24f6fc70c45b7) Importer(815301076,1909f56bfc062723c751e8b465ee728b)
Start importing Assets/AzurTestTask/Sprites/cloud.png using Guid(d8c1c73f4315b9c4baa24f6fc70c45b7) Importer(815301076,1909f56bfc062723c751e8b465ee728b) Requested RenderTexture with sRGB format. sRGB formats are not supported in gamma mode, fallback to a UNorm format. Use a UNorm format instead of sRGB to silence this warning.
UnityEngine.StackTraceUtility:ExtractStackTrace ()
UnityEngine.RenderTexture:GetTemporary_Internal (UnityEngine.RenderTextureDescriptor)
UnityEngine.RenderTexture:GetTemporary (UnityEngine.RenderTextureDescriptor)
UnityEngine.RenderTexture:GetTemporaryImpl (int,int,int,UnityEngine.Experimental.Rendering.GraphicsFormat,int,UnityEngine.RenderTextureMemoryless,UnityEngine.VRTextureUsage,bool)
UnityEngine.RenderTexture:GetTemporary (int,int,int,UnityEngine.Experimental.Rendering.GraphicsFormat)
UnityEditor.TextureInspector:RenderStaticPreview (string,UnityEngine.Object[],int,int)
UnityEditor.AssetPreviewUpdater:CreatePreview (UnityEngine.Object,UnityEngine.Object[],string,int,int)
UnityEditor.AssetPreviewUpdater:CreatePreviewForAsset (UnityEngine.Object,UnityEngine.Object[],string)

[C:\build\output\unity\unity\Runtime\Graphics\RenderTexture.cpp line 1111]

Requested RenderTexture with sRGB format. sRGB formats are not supported in gamma mode, fallback to a UNorm format. Use a UNorm format instead of sRGB to silence this warning.
UnityEngine.StackTraceUtility:ExtractStackTrace ()
UnityEngine.RenderTexture:GetTemporary_Internal (UnityEngine.RenderTextureDescriptor)
UnityEngine.RenderTexture:GetTemporary (UnityEngine.RenderTextureDescriptor)
UnityEngine.RenderTexture:GetTemporaryImpl (int,int,int,UnityEngine.Experimental.Rendering.GraphicsFormat,int,UnityEngine.RenderTextureMemoryless,UnityEngine.VRTextureUsage,bool)
UnityEngine.RenderTexture:GetTemporary (int,int,int,UnityEngine.Experimental.Rendering.GraphicsFormat)
UnityEditor.SpriteInspector:BuildPreviewTexture (UnityEngine.Sprite,UnityEngine.Material,bool)
UnityEditor.SpriteInspector:RenderStaticPreview (string,UnityEngine.Object[],int,int)
UnityEditor.AssetPreviewUpdater:CreatePreview (UnityEngine.Object,UnityEngine.Object[],string,int,int)
UnityEditor.AssetPreviewUpdater:CreatePreviewForAsset (UnityEngine.Object,UnityEngine.Object[],string)

[C:\build\output\unity\unity\Runtime\Graphics\RenderTexture.cpp line 1111]

 -> (artifact id: '376352cf2ed602bd5e9ea8bbaa88a2ec') in 0.665303 seconds 
========================================================================
Received Import Request.
  Time since last request: 58.350133 seconds.
  path: Assets/AzurTestTask/Scripts/OrcAminationOpt.cs
  artifactKey: Guid(c0f4bc1bc9d14f94fb5622ab752b0a7b) Importer(815301076,1909f56bfc062723c751e8b465ee728b)
Start importing Assets/AzurTestTask/Scripts/OrcAminationOpt.cs using Guid(c0f4bc1bc9d14f94fb5622ab752b0a7b) Importer(815301076,1909f56bfc062723c751e8b465ee728b)  -> (artifact id: 'b72955a54c52fafc9f5bf9c2157c49b2') in 0.013738 seconds 
========================================================================
Received Prepare
Registering precompiled user dll's ...
Registered in 0.004775 seconds.
Begin MonoManager ReloadAssembly
Symbol file LoadedFromMemory doesn't match image C:\PetProjects\AzurTestTaskTA\Library\PackageCache\com.unity.visualscripting@1.8.0\Editor\VisualScripting.Core\Dependencies\YamlDotNet\Unity.VisualScripting.YamlDotNet.dll
Symbol file LoadedFromMemory doesn't match image C:\PetProjects\AzurTestTaskTA\Library\PackageCache\com.unity.visualscripting@1.8.0\Editor\VisualScripting.Core\Dependencies\DotNetZip\Unity.VisualScripting.IonicZip.dll
Native extension for WindowsStandalone target not found
Native extension for iOS target not found
Native extension for Android target not found
Native extension for WebGL target not found
Refreshing native plugins compatible for Editor in 0.71 ms, found 3 plugins.
Preloading 0 native plugins for Editor in 0.00 ms.
Mono: successfully reloaded assembly
- Completed reload, in  1.265 seconds
Domain Reload Profiling:
	ReloadAssembly (1267ms)
		BeginReloadAssembly (251ms)
			ExecutionOrderSort (0ms)
			DisableScriptedObjects (11ms)
			BackupInstance (0ms)
			ReleaseScriptingObjects (0ms)
			CreateAndSetChildDomain (102ms)
		EndReloadAssembly (906ms)
			LoadAssemblies (110ms)
			RebuildTransferFunctionScriptingTraits (0ms)
			SetupTypeCache (284ms)
			ReleaseScriptCaches (1ms)
			RebuildScriptCaches (46ms)
			SetupLoadedEditorAssemblies (412ms)
				LogAssemblyErrors (0ms)
				InitializePlatformSupportModulesInManaged (40ms)
				SetLoadedEditorAssemblies (1ms)
				RefreshPlugins (1ms)
				BeforeProcessingInitializeOnLoad (63ms)
				ProcessInitializeOnLoadAttributes (267ms)
				ProcessInitializeOnLoadMethodAttributes (28ms)
				AfterProcessingInitializeOnLoad (12ms)
				EditorAssembliesLoaded (0ms)
			ExecutionOrderSort2 (0ms)
			AwakeInstancesAfterBackupRestoration (11ms)
Platform modules already initialized, skipping
Script is not up to date after domain reload: guid(151a1be5cfddff94b9a54914a0ca0b5e) path("Assets/AzurTestTask/Scripts/OrcAnimationOpt.cs") state(2)
Refreshing native plugins compatible for Editor in 2.72 ms, found 3 plugins.
Preloading 0 native plugins for Editor in 0.00 ms.
Unloading 3057 Unused Serialized files (Serialized files now loaded: 0)
Unloading 27 unused Assets / (0.6 MB). Loaded Objects now: 3677.
Memory consumption went from 127.5 MB to 126.9 MB.
Total: 5.181800 ms (FindLiveObjects: 0.316700 ms CreateObjectMapping: 0.276200 ms MarkObjects: 4.186700 ms  DeleteObjects: 0.400300 ms)

AssetImportParameters requested are different than current active one (requested -> active):
  custom:video-decoder-ogg-theora: a1e56fd34408186e4bbccfd4996cb3dc -> 
  custom:container-muxer-webm: aa71ff27fc2769a1b78a27578f13a17b -> 
  custom:container-demuxer-webm: 4f35f7cbe854078d1ac9338744f61a02 -> 
  custom:video-encoder-webm-vp8: eb34c28f22e8b96e1ab97ce403110664 -> 
  custom:audio-encoder-webm-vorbis: bf7c407c2cedff20999df2af8eb42d56 -> 
  custom:framework-win-MediaFoundation: 216162199b28c13a410421893ffa2e32 -> 
  custom:container-demuxer-ogg: 62fdf1f143b41e24485cea50d1cbac27 -> 
  custom:video-decoder-webm-vp8: 9c59270c3fd7afecdb556c50c9e8de78 -> 
  custom:audio-decoder-ogg-vorbis: bf7c407c2cedff20999df2af8eb42d56 -> 
========================================================================
Received Prepare
Registering precompiled user dll's ...
Registered in 0.010207 seconds.
Begin MonoManager ReloadAssembly
Symbol file LoadedFromMemory doesn't match image C:\PetProjects\AzurTestTaskTA\Library\PackageCache\com.unity.visualscripting@1.8.0\Editor\VisualScripting.Core\Dependencies\YamlDotNet\Unity.VisualScripting.YamlDotNet.dll
Symbol file LoadedFromMemory doesn't match image C:\PetProjects\AzurTestTaskTA\Library\PackageCache\com.unity.visualscripting@1.8.0\Editor\VisualScripting.Core\Dependencies\DotNetZip\Unity.VisualScripting.IonicZip.dll
Native extension for WindowsStandalone target not found
Native extension for iOS target not found
Native extension for Android target not found
Native extension for WebGL target not found
Refreshing native plugins compatible for Editor in 0.70 ms, found 3 plugins.
Preloading 0 native plugins for Editor in 0.00 ms.
Mono: successfully reloaded assembly
- Completed reload, in  2.148 seconds
Domain Reload Profiling:
	ReloadAssembly (2152ms)
		BeginReloadAssembly (276ms)
			ExecutionOrderSort (0ms)
			DisableScriptedObjects (20ms)
			BackupInstance (0ms)
			ReleaseScriptingObjects (0ms)
			CreateAndSetChildDomain (65ms)
		EndReloadAssembly (1611ms)
			LoadAssemblies (191ms)
			RebuildTransferFunctionScriptingTraits (0ms)
			SetupTypeCache (668ms)
			ReleaseScriptCaches (3ms)
			RebuildScriptCaches (137ms)
			SetupLoadedEditorAssemblies (518ms)
				LogAssemblyErrors (0ms)
				InitializePlatformSupportModulesInManaged (60ms)
				SetLoadedEditorAssemblies (1ms)
				RefreshPlugins (1ms)
				BeforeProcessingInitializeOnLoad (85ms)
				ProcessInitializeOnLoadAttributes (328ms)
				ProcessInitializeOnLoadMethodAttributes (34ms)
				AfterProcessingInitializeOnLoad (9ms)
				EditorAssembliesLoaded (0ms)
			ExecutionOrderSort2 (0ms)
			AwakeInstancesAfterBackupRestoration (12ms)
Platform modules already initialized, skipping
Refreshing native plugins compatible for Editor in 2.15 ms, found 3 plugins.
Preloading 0 native plugins for Editor in 0.00 ms.
Unloading 3058 Unused Serialized files (Serialized files now loaded: 0)
Unloading 27 unused Assets / (0.6 MB). Loaded Objects now: 3681.
Memory consumption went from 127.5 MB to 126.9 MB.
Total: 8.005900 ms (FindLiveObjects: 0.569200 ms CreateObjectMapping: 0.312400 ms MarkObjects: 6.618200 ms  DeleteObjects: 0.504200 ms)

AssetImportParameters requested are different than current active one (requested -> active):
  custom:video-decoder-ogg-theora: a1e56fd34408186e4bbccfd4996cb3dc -> 
  custom:container-muxer-webm: aa71ff27fc2769a1b78a27578f13a17b -> 
  custom:container-demuxer-webm: 4f35f7cbe854078d1ac9338744f61a02 -> 
  custom:video-encoder-webm-vp8: eb34c28f22e8b96e1ab97ce403110664 -> 
  custom:audio-encoder-webm-vorbis: bf7c407c2cedff20999df2af8eb42d56 -> 
  custom:framework-win-MediaFoundation: 216162199b28c13a410421893ffa2e32 -> 
  custom:container-demuxer-ogg: 62fdf1f143b41e24485cea50d1cbac27 -> 
  custom:video-decoder-webm-vp8: 9c59270c3fd7afecdb556c50c9e8de78 -> 
  custom:audio-decoder-ogg-vorbis: bf7c407c2cedff20999df2af8eb42d56 -> 
========================================================================
Received Prepare
Registering precompiled user dll's ...
Registered in 0.004012 seconds.
Begin MonoManager ReloadAssembly
Symbol file LoadedFromMemory doesn't match image C:\PetProjects\AzurTestTaskTA\Library\PackageCache\com.unity.visualscripting@1.8.0\Editor\VisualScripting.Core\Dependencies\YamlDotNet\Unity.VisualScripting.YamlDotNet.dll
Symbol file LoadedFromMemory doesn't match image C:\PetProjects\AzurTestTaskTA\Library\PackageCache\com.unity.visualscripting@1.8.0\Editor\VisualScripting.Core\Dependencies\DotNetZip\Unity.VisualScripting.IonicZip.dll
Native extension for WindowsStandalone target not found
Native extension for iOS target not found
Native extension for Android target not found
Native extension for WebGL target not found
Refreshing native plugins compatible for Editor in 0.66 ms, found 3 plugins.
Preloading 0 native plugins for Editor in 0.00 ms.
Mono: successfully reloaded assembly
- Completed reload, in  1.100 seconds
Domain Reload Profiling:
	ReloadAssembly (1101ms)
		BeginReloadAssembly (159ms)
			ExecutionOrderSort (0ms)
			DisableScriptedObjects (6ms)
			BackupInstance (0ms)
			ReleaseScriptingObjects (0ms)
			CreateAndSetChildDomain (39ms)
		EndReloadAssembly (821ms)
			LoadAssemblies (101ms)
			RebuildTransferFunctionScriptingTraits (0ms)
			SetupTypeCache (268ms)
			ReleaseScriptCaches (1ms)
			RebuildScriptCaches (40ms)
			SetupLoadedEditorAssemblies (372ms)
				LogAssemblyErrors (0ms)
				InitializePlatformSupportModulesInManaged (39ms)
				SetLoadedEditorAssemblies (0ms)
				RefreshPlugins (1ms)
				BeforeProcessingInitializeOnLoad (65ms)
				ProcessInitializeOnLoadAttributes (232ms)
				ProcessInitializeOnLoadMethodAttributes (28ms)
				AfterProcessingInitializeOnLoad (8ms)
				EditorAssembliesLoaded (0ms)
			ExecutionOrderSort2 (0ms)
			AwakeInstancesAfterBackupRestoration (8ms)
Platform modules already initialized, skipping
Refreshing native plugins compatible for Editor in 1.80 ms, found 3 plugins.
Preloading 0 native plugins for Editor in 0.00 ms.
Unloading 3058 Unused Serialized files (Serialized files now loaded: 0)
Unloading 27 unused Assets / (0.6 MB). Loaded Objects now: 3684.
Memory consumption went from 127.5 MB to 126.9 MB.
Total: 3.490900 ms (FindLiveObjects: 0.278200 ms CreateObjectMapping: 0.109400 ms MarkObjects: 2.692400 ms  DeleteObjects: 0.409500 ms)

AssetImportParameters requested are different than current active one (requested -> active):
  custom:video-decoder-ogg-theora: a1e56fd34408186e4bbccfd4996cb3dc -> 
  custom:container-muxer-webm: aa71ff27fc2769a1b78a27578f13a17b -> 
  custom:container-demuxer-webm: 4f35f7cbe854078d1ac9338744f61a02 -> 
  custom:video-encoder-webm-vp8: eb34c28f22e8b96e1ab97ce403110664 -> 
  custom:audio-encoder-webm-vorbis: bf7c407c2cedff20999df2af8eb42d56 -> 
  custom:framework-win-MediaFoundation: 216162199b28c13a410421893ffa2e32 -> 
  custom:container-demuxer-ogg: 62fdf1f143b41e24485cea50d1cbac27 -> 
  custom:video-decoder-webm-vp8: 9c59270c3fd7afecdb556c50c9e8de78 -> 
  custom:audio-decoder-ogg-vorbis: bf7c407c2cedff20999df2af8eb42d56 -> 
========================================================================
Received Import Request.
  Time since last request: 163.219047 seconds.
  path: Assets/AzurTestTask/Scripts/OrcAnimationOpt.cs
  artifactKey: Guid(151a1be5cfddff94b9a54914a0ca0b5e) Importer(815301076,1909f56bfc062723c751e8b465ee728b)
Start importing Assets/AzurTestTask/Scripts/OrcAnimationOpt.cs using Guid(151a1be5cfddff94b9a54914a0ca0b5e) Importer(815301076,1909f56bfc062723c751e8b465ee728b)  -> (artifact id: '2929561973df87b8c181d9ed52a60316') in 0.017693 seconds 
========================================================================
Received Prepare
Registering precompiled user dll's ...
Registered in 0.006214 seconds.
Begin MonoManager ReloadAssembly
Symbol file LoadedFromMemory doesn't match image C:\PetProjects\AzurTestTaskTA\Library\PackageCache\com.unity.visualscripting@1.8.0\Editor\VisualScripting.Core\Dependencies\YamlDotNet\Unity.VisualScripting.YamlDotNet.dll
Symbol file LoadedFromMemory doesn't match image C:\PetProjects\AzurTestTaskTA\Library\PackageCache\com.unity.visualscripting@1.8.0\Editor\VisualScripting.Core\Dependencies\DotNetZip\Unity.VisualScripting.IonicZip.dll
Native extension for WindowsStandalone target not found
Native extension for iOS target not found
Native extension for Android target not found
Native extension for WebGL target not found
Refreshing native plugins compatible for Editor in 1.01 ms, found 3 plugins.
Preloading 0 native plugins for Editor in 0.00 ms.
Mono: successfully reloaded assembly
- Completed reload, in  1.098 seconds
Domain Reload Profiling:
	ReloadAssembly (1099ms)
		BeginReloadAssembly (154ms)
			ExecutionOrderSort (0ms)
			DisableScriptedObjects (6ms)
			BackupInstance (0ms)
			ReleaseScriptingObjects (0ms)
			CreateAndSetChildDomain (38ms)
		EndReloadAssembly (839ms)
			LoadAssemblies (100ms)
			RebuildTransferFunctionScriptingTraits (0ms)
			SetupTypeCache (260ms)
			ReleaseScriptCaches (1ms)
			RebuildScriptCaches (38ms)
			SetupLoadedEditorAssemblies (394ms)
				LogAssemblyErrors (0ms)
				InitializePlatformSupportModulesInManaged (45ms)
				SetLoadedEditorAssemblies (1ms)
				RefreshPlugins (1ms)
				BeforeProcessingInitializeOnLoad (74ms)
				ProcessInitializeOnLoadAttributes (240ms)
				ProcessInitializeOnLoadMethodAttributes (24ms)
				AfterProcessingInitializeOnLoad (9ms)
				EditorAssembliesLoaded (0ms)
			ExecutionOrderSort2 (0ms)
			AwakeInstancesAfterBackupRestoration (7ms)
Platform modules already initialized, skipping
Refreshing native plugins compatible for Editor in 2.08 ms, found 3 plugins.
Preloading 0 native plugins for Editor in 0.00 ms.
Unloading 3058 Unused Serialized files (Serialized files now loaded: 0)
Unloading 27 unused Assets / (0.6 MB). Loaded Objects now: 3687.
Memory consumption went from 127.5 MB to 126.9 MB.
Total: 4.441400 ms (FindLiveObjects: 0.348800 ms CreateObjectMapping: 0.132000 ms MarkObjects: 3.540100 ms  DeleteObjects: 0.419200 ms)

AssetImportParameters requested are different than current active one (requested -> active):
  custom:video-decoder-ogg-theora: a1e56fd34408186e4bbccfd4996cb3dc -> 
  custom:container-muxer-webm: aa71ff27fc2769a1b78a27578f13a17b -> 
  custom:container-demuxer-webm: 4f35f7cbe854078d1ac9338744f61a02 -> 
  custom:video-encoder-webm-vp8: eb34c28f22e8b96e1ab97ce403110664 -> 
  custom:audio-encoder-webm-vorbis: bf7c407c2cedff20999df2af8eb42d56 -> 
  custom:framework-win-MediaFoundation: 216162199b28c13a410421893ffa2e32 -> 
  custom:container-demuxer-ogg: 62fdf1f143b41e24485cea50d1cbac27 -> 
  custom:video-decoder-webm-vp8: 9c59270c3fd7afecdb556c50c9e8de78 -> 
  custom:audio-decoder-ogg-vorbis: bf7c407c2cedff20999df2af8eb42d56 -> 
========================================================================
Received Import Request.
  Time since last request: 196.186153 seconds.
  path: Assets/AzurTestTask/Prefabs/Orc.prefab
  artifactKey: Guid(5fe2349c9728e5742b634ac008c1e155) Importer(815301076,1909f56bfc062723c751e8b465ee728b)
Start importing Assets/AzurTestTask/Prefabs/Orc.prefab using Guid(5fe2349c9728e5742b634ac008c1e155) Importer(815301076,1909f56bfc062723c751e8b465ee728b)  -> (artifact id: 'c190739257af1a9e9ee622b139870710') in 0.139374 seconds 
========================================================================
Received Prepare
Registering precompiled user dll's ...
Registered in 0.003435 seconds.
Begin MonoManager ReloadAssembly
Symbol file LoadedFromMemory doesn't match image C:\PetProjects\AzurTestTaskTA\Library\PackageCache\com.unity.visualscripting@1.8.0\Editor\VisualScripting.Core\Dependencies\YamlDotNet\Unity.VisualScripting.YamlDotNet.dll
Symbol file LoadedFromMemory doesn't match image C:\PetProjects\AzurTestTaskTA\Library\PackageCache\com.unity.visualscripting@1.8.0\Editor\VisualScripting.Core\Dependencies\DotNetZip\Unity.VisualScripting.IonicZip.dll
Native extension for WindowsStandalone target not found
Native extension for iOS target not found
Native extension for Android target not found
Native extension for WebGL target not found
Refreshing native plugins compatible for Editor in 1.24 ms, found 3 plugins.
Preloading 0 native plugins for Editor in 0.00 ms.
Mono: successfully reloaded assembly
- Completed reload, in  1.195 seconds
Domain Reload Profiling:
	ReloadAssembly (1196ms)
		BeginReloadAssembly (168ms)
			ExecutionOrderSort (0ms)
			DisableScriptedObjects (5ms)
			BackupInstance (0ms)
			ReleaseScriptingObjects (0ms)
			CreateAndSetChildDomain (48ms)
		EndReloadAssembly (943ms)
			LoadAssemblies (101ms)
			RebuildTransferFunctionScriptingTraits (0ms)
			SetupTypeCache (284ms)
			ReleaseScriptCaches (2ms)
			RebuildScriptCaches (65ms)
			SetupLoadedEditorAssemblies (427ms)
				LogAssemblyErrors (0ms)
				InitializePlatformSupportModulesInManaged (51ms)
				SetLoadedEditorAssemblies (1ms)
				RefreshPlugins (1ms)
				BeforeProcessingInitializeOnLoad (82ms)
				ProcessInitializeOnLoadAttributes (257ms)
				ProcessInitializeOnLoadMethodAttributes (28ms)
				AfterProcessingInitializeOnLoad (8ms)
				EditorAssembliesLoaded (0ms)
			ExecutionOrderSort2 (0ms)
			AwakeInstancesAfterBackupRestoration (7ms)
Platform modules already initialized, skipping
Refreshing native plugins compatible for Editor in 2.69 ms, found 3 plugins.
Preloading 0 native plugins for Editor in 0.00 ms.
Unloading 3058 Unused Serialized files (Serialized files now loaded: 0)
Unloading 27 unused Assets / (0.6 MB). Loaded Objects now: 3690.
Memory consumption went from 127.6 MB to 126.9 MB.
Total: 5.445600 ms (FindLiveObjects: 0.430000 ms CreateObjectMapping: 0.198800 ms MarkObjects: 4.170800 ms  DeleteObjects: 0.643600 ms)

AssetImportParameters requested are different than current active one (requested -> active):
  custom:video-decoder-ogg-theora: a1e56fd34408186e4bbccfd4996cb3dc -> 
  custom:container-muxer-webm: aa71ff27fc2769a1b78a27578f13a17b -> 
  custom:container-demuxer-webm: 4f35f7cbe854078d1ac9338744f61a02 -> 
  custom:video-encoder-webm-vp8: eb34c28f22e8b96e1ab97ce403110664 -> 
  custom:audio-encoder-webm-vorbis: bf7c407c2cedff20999df2af8eb42d56 -> 
  custom:framework-win-MediaFoundation: 216162199b28c13a410421893ffa2e32 -> 
  custom:container-demuxer-ogg: 62fdf1f143b41e24485cea50d1cbac27 -> 
  custom:video-decoder-webm-vp8: 9c59270c3fd7afecdb556c50c9e8de78 -> 
  custom:audio-decoder-ogg-vorbis: bf7c407c2cedff20999df2af8eb42d56 -> 
========================================================================
Received Import Request.
  Time since last request: 3997.007432 seconds.
  path: Assets/AzurTestTask/Sprites/Shadow.png
  artifactKey: Guid(6ed09e19fdbd68a498c744820ab887f5) Importer(815301076,1909f56bfc062723c751e8b465ee728b)
Start importing Assets/AzurTestTask/Sprites/Shadow.png using Guid(6ed09e19fdbd68a498c744820ab887f5) Importer(815301076,1909f56bfc062723c751e8b465ee728b) Requested RenderTexture with sRGB format. sRGB formats are not supported in gamma mode, fallback to a UNorm format. Use a UNorm format instead of sRGB to silence this warning.
UnityEngine.StackTraceUtility:ExtractStackTrace ()
UnityEngine.RenderTexture:GetTemporary_Internal (UnityEngine.RenderTextureDescriptor)
UnityEngine.RenderTexture:GetTemporary (UnityEngine.RenderTextureDescriptor)
UnityEngine.RenderTexture:GetTemporaryImpl (int,int,int,UnityEngine.Experimental.Rendering.GraphicsFormat,int,UnityEngine.RenderTextureMemoryless,UnityEngine.VRTextureUsage,bool)
UnityEngine.RenderTexture:GetTemporary (int,int,int,UnityEngine.Experimental.Rendering.GraphicsFormat)
UnityEditor.TextureInspector:RenderStaticPreview (string,UnityEngine.Object[],int,int)
UnityEditor.AssetPreviewUpdater:CreatePreview (UnityEngine.Object,UnityEngine.Object[],string,int,int)
UnityEditor.AssetPreviewUpdater:CreatePreviewForAsset (UnityEngine.Object,UnityEngine.Object[],string)

[C:\build\output\unity\unity\Runtime\Graphics\RenderTexture.cpp line 1111]

 -> (artifact id: 'b87906181e387639a977ba285439fd22') in 0.063735 seconds 
========================================================================
Received Import Request.
  Time since last request: 111.543515 seconds.
  path: Assets/AzurTestTask/Sprites/Shadow.png
  artifactKey: Guid(6ed09e19fdbd68a498c744820ab887f5) Importer(815301076,1909f56bfc062723c751e8b465ee728b)
Start importing Assets/AzurTestTask/Sprites/Shadow.png using Guid(6ed09e19fdbd68a498c744820ab887f5) Importer(815301076,1909f56bfc062723c751e8b465ee728b) Requested RenderTexture with sRGB format. sRGB formats are not supported in gamma mode, fallback to a UNorm format. Use a UNorm format instead of sRGB to silence this warning.
UnityEngine.StackTraceUtility:ExtractStackTrace ()
UnityEngine.RenderTexture:GetTemporary_Internal (UnityEngine.RenderTextureDescriptor)
UnityEngine.RenderTexture:GetTemporary (UnityEngine.RenderTextureDescriptor)
UnityEngine.RenderTexture:GetTemporaryImpl (int,int,int,UnityEngine.Experimental.Rendering.GraphicsFormat,int,UnityEngine.RenderTextureMemoryless,UnityEngine.VRTextureUsage,bool)
UnityEngine.RenderTexture:GetTemporary (int,int,int,UnityEngine.Experimental.Rendering.GraphicsFormat)
UnityEditor.TextureInspector:RenderStaticPreview (string,UnityEngine.Object[],int,int)
UnityEditor.AssetPreviewUpdater:CreatePreview (UnityEngine.Object,UnityEngine.Object[],string,int,int)
UnityEditor.AssetPreviewUpdater:CreatePreviewForAsset (UnityEngine.Object,UnityEngine.Object[],string)

[C:\build\output\unity\unity\Runtime\Graphics\RenderTexture.cpp line 1111]

 -> (artifact id: '80d1fc09deb1292a643511448a69588f') in 0.019531 seconds 
========================================================================
Received Import Request.
  Time since last request: 32.281133 seconds.
  path: Assets/AzurTestTask/Sprites/Shadow.png
  artifactKey: Guid(6ed09e19fdbd68a498c744820ab887f5) Importer(815301076,1909f56bfc062723c751e8b465ee728b)
Start importing Assets/AzurTestTask/Sprites/Shadow.png using Guid(6ed09e19fdbd68a498c744820ab887f5) Importer(815301076,1909f56bfc062723c751e8b465ee728b) Requested RenderTexture with sRGB format. sRGB formats are not supported in gamma mode, fallback to a UNorm format. Use a UNorm format instead of sRGB to silence this warning.
UnityEngine.StackTraceUtility:ExtractStackTrace ()
UnityEngine.RenderTexture:GetTemporary_Internal (UnityEngine.RenderTextureDescriptor)
UnityEngine.RenderTexture:GetTemporary (UnityEngine.RenderTextureDescriptor)
UnityEngine.RenderTexture:GetTemporaryImpl (int,int,int,UnityEngine.Experimental.Rendering.GraphicsFormat,int,UnityEngine.RenderTextureMemoryless,UnityEngine.VRTextureUsage,bool)
UnityEngine.RenderTexture:GetTemporary (int,int,int,UnityEngine.Experimental.Rendering.GraphicsFormat)
UnityEditor.TextureInspector:RenderStaticPreview (string,UnityEngine.Object[],int,int)
UnityEditor.AssetPreviewUpdater:CreatePreview (UnityEngine.Object,UnityEngine.Object[],string,int,int)
UnityEditor.AssetPreviewUpdater:CreatePreviewForAsset (UnityEngine.Object,UnityEngine.Object[],string)

[C:\build\output\unity\unity\Runtime\Graphics\RenderTexture.cpp line 1111]

 -> (artifact id: '2f13e7e25c28b76a2efecf28d5e88359') in 0.014027 seconds 
========================================================================
Received Import Request.
  Time since last request: 8.707522 seconds.
  path: Assets/AzurTestTask/Sprites/Shadow.png
  artifactKey: Guid(6ed09e19fdbd68a498c744820ab887f5) Importer(815301076,1909f56bfc062723c751e8b465ee728b)
Start importing Assets/AzurTestTask/Sprites/Shadow.png using Guid(6ed09e19fdbd68a498c744820ab887f5) Importer(815301076,1909f56bfc062723c751e8b465ee728b) Requested RenderTexture with sRGB format. sRGB formats are not supported in gamma mode, fallback to a UNorm format. Use a UNorm format instead of sRGB to silence this warning.
UnityEngine.StackTraceUtility:ExtractStackTrace ()
UnityEngine.RenderTexture:GetTemporary_Internal (UnityEngine.RenderTextureDescriptor)
UnityEngine.RenderTexture:GetTemporary (UnityEngine.RenderTextureDescriptor)
UnityEngine.RenderTexture:GetTemporaryImpl (int,int,int,UnityEngine.Experimental.Rendering.GraphicsFormat,int,UnityEngine.RenderTextureMemoryless,UnityEngine.VRTextureUsage,bool)
UnityEngine.RenderTexture:GetTemporary (int,int,int,UnityEngine.Experimental.Rendering.GraphicsFormat)
UnityEditor.TextureInspector:RenderStaticPreview (string,UnityEngine.Object[],int,int)
UnityEditor.AssetPreviewUpdater:CreatePreview (UnityEngine.Object,UnityEngine.Object[],string,int,int)
UnityEditor.AssetPreviewUpdater:CreatePreviewForAsset (UnityEngine.Object,UnityEngine.Object[],string)

[C:\build\output\unity\unity\Runtime\Graphics\RenderTexture.cpp line 1111]

Requested RenderTexture with sRGB format. sRGB formats are not supported in gamma mode, fallback to a UNorm format. Use a UNorm format instead of sRGB to silence this warning.
UnityEngine.StackTraceUtility:ExtractStackTrace ()
UnityEngine.RenderTexture:GetTemporary_Internal (UnityEngine.RenderTextureDescriptor)
UnityEngine.RenderTexture:GetTemporary (UnityEngine.RenderTextureDescriptor)
UnityEngine.RenderTexture:GetTemporaryImpl (int,int,int,UnityEngine.Experimental.Rendering.GraphicsFormat,int,UnityEngine.RenderTextureMemoryless,UnityEngine.VRTextureUsage,bool)
UnityEngine.RenderTexture:GetTemporary (int,int,int,UnityEngine.Experimental.Rendering.GraphicsFormat)
UnityEditor.SpriteInspector:BuildPreviewTexture (UnityEngine.Sprite,UnityEngine.Material,bool)
UnityEditor.SpriteInspector:RenderStaticPreview (string,UnityEngine.Object[],int,int)
UnityEditor.AssetPreviewUpdater:CreatePreview (UnityEngine.Object,UnityEngine.Object[],string,int,int)
UnityEditor.AssetPreviewUpdater:CreatePreviewForAsset (UnityEngine.Object,UnityEngine.Object[],string)

[C:\build\output\unity\unity\Runtime\Graphics\RenderTexture.cpp line 1111]

 -> (artifact id: 'dc7d4be5ae874aa94a87e4e218de8199') in 0.030006 seconds 
========================================================================
Received Import Request.
  Time since last request: 134.905831 seconds.
  path: Assets/AzurTestTask/Sprites/Shadow.png
  artifactKey: Guid(6ed09e19fdbd68a498c744820ab887f5) Importer(815301076,1909f56bfc062723c751e8b465ee728b)
Start importing Assets/AzurTestTask/Sprites/Shadow.png using Guid(6ed09e19fdbd68a498c744820ab887f5) Importer(815301076,1909f56bfc062723c751e8b465ee728b) Requested RenderTexture with sRGB format. sRGB formats are not supported in gamma mode, fallback to a UNorm format. Use a UNorm format instead of sRGB to silence this warning.
UnityEngine.StackTraceUtility:ExtractStackTrace ()
UnityEngine.RenderTexture:GetTemporary_Internal (UnityEngine.RenderTextureDescriptor)
UnityEngine.RenderTexture:GetTemporary (UnityEngine.RenderTextureDescriptor)
UnityEngine.RenderTexture:GetTemporaryImpl (int,int,int,UnityEngine.Experimental.Rendering.GraphicsFormat,int,UnityEngine.RenderTextureMemoryless,UnityEngine.VRTextureUsage,bool)
UnityEngine.RenderTexture:GetTemporary (int,int,int,UnityEngine.Experimental.Rendering.GraphicsFormat)
UnityEditor.TextureInspector:RenderStaticPreview (string,UnityEngine.Object[],int,int)
UnityEditor.AssetPreviewUpdater:CreatePreview (UnityEngine.Object,UnityEngine.Object[],string,int,int)
UnityEditor.AssetPreviewUpdater:CreatePreviewForAsset (UnityEngine.Object,UnityEngine.Object[],string)

[C:\build\output\unity\unity\Runtime\Graphics\RenderTexture.cpp line 1111]

 -> (artifact id: 'c9b8af4c782bd92c84d22320b365575a') in 0.016663 seconds 
========================================================================
Received Import Request.
  Time since last request: 7.562127 seconds.
  path: Assets/AzurTestTask/Sprites/Shadow.png
  artifactKey: Guid(6ed09e19fdbd68a498c744820ab887f5) Importer(815301076,1909f56bfc062723c751e8b465ee728b)
Start importing Assets/AzurTestTask/Sprites/Shadow.png using Guid(6ed09e19fdbd68a498c744820ab887f5) Importer(815301076,1909f56bfc062723c751e8b465ee728b) Requested RenderTexture with sRGB format. sRGB formats are not supported in gamma mode, fallback to a UNorm format. Use a UNorm format instead of sRGB to silence this warning.
UnityEngine.StackTraceUtility:ExtractStackTrace ()
UnityEngine.RenderTexture:GetTemporary_Internal (UnityEngine.RenderTextureDescriptor)
UnityEngine.RenderTexture:GetTemporary (UnityEngine.RenderTextureDescriptor)
UnityEngine.RenderTexture:GetTemporaryImpl (int,int,int,UnityEngine.Experimental.Rendering.GraphicsFormat,int,UnityEngine.RenderTextureMemoryless,UnityEngine.VRTextureUsage,bool)
UnityEngine.RenderTexture:GetTemporary (int,int,int,UnityEngine.Experimental.Rendering.GraphicsFormat)
UnityEditor.TextureInspector:RenderStaticPreview (string,UnityEngine.Object[],int,int)
UnityEditor.AssetPreviewUpdater:CreatePreview (UnityEngine.Object,UnityEngine.Object[],string,int,int)
UnityEditor.AssetPreviewUpdater:CreatePreviewForAsset (UnityEngine.Object,UnityEngine.Object[],string)

[C:\build\output\unity\unity\Runtime\Graphics\RenderTexture.cpp line 1111]

Requested RenderTexture with sRGB format. sRGB formats are not supported in gamma mode, fallback to a UNorm format. Use a UNorm format instead of sRGB to silence this warning.
UnityEngine.StackTraceUtility:ExtractStackTrace ()
UnityEngine.RenderTexture:GetTemporary_Internal (UnityEngine.RenderTextureDescriptor)
UnityEngine.RenderTexture:GetTemporary (UnityEngine.RenderTextureDescriptor)
UnityEngine.RenderTexture:GetTemporaryImpl (int,int,int,UnityEngine.Experimental.Rendering.GraphicsFormat,int,UnityEngine.RenderTextureMemoryless,UnityEngine.VRTextureUsage,bool)
UnityEngine.RenderTexture:GetTemporary (int,int,int,UnityEngine.Experimental.Rendering.GraphicsFormat)
UnityEditor.SpriteInspector:BuildPreviewTexture (UnityEngine.Sprite,UnityEngine.Material,bool)
UnityEditor.SpriteInspector:RenderStaticPreview (string,UnityEngine.Object[],int,int)
UnityEditor.AssetPreviewUpdater:CreatePreview (UnityEngine.Object,UnityEngine.Object[],string,int,int)
UnityEditor.AssetPreviewUpdater:CreatePreviewForAsset (UnityEngine.Object,UnityEngine.Object[],string)

[C:\build\output\unity\unity\Runtime\Graphics\RenderTexture.cpp line 1111]

 -> (artifact id: '9a769553ad87591274cd8641890d905c') in 0.017899 seconds 
========================================================================
Received Import Request.
  Time since last request: 63.474216 seconds.
  path: Assets/AzurTestTask/Sprites/Shadow.png
  artifactKey: Guid(6ed09e19fdbd68a498c744820ab887f5) Importer(815301076,1909f56bfc062723c751e8b465ee728b)
Start importing Assets/AzurTestTask/Sprites/Shadow.png using Guid(6ed09e19fdbd68a498c744820ab887f5) Importer(815301076,1909f56bfc062723c751e8b465ee728b) Requested RenderTexture with sRGB format. sRGB formats are not supported in gamma mode, fallback to a UNorm format. Use a UNorm format instead of sRGB to silence this warning.
UnityEngine.StackTraceUtility:ExtractStackTrace ()
UnityEngine.RenderTexture:GetTemporary_Internal (UnityEngine.RenderTextureDescriptor)
UnityEngine.RenderTexture:GetTemporary (UnityEngine.RenderTextureDescriptor)
UnityEngine.RenderTexture:GetTemporaryImpl (int,int,int,UnityEngine.Experimental.Rendering.GraphicsFormat,int,UnityEngine.RenderTextureMemoryless,UnityEngine.VRTextureUsage,bool)
UnityEngine.RenderTexture:GetTemporary (int,int,int,UnityEngine.Experimental.Rendering.GraphicsFormat)
UnityEditor.TextureInspector:RenderStaticPreview (string,UnityEngine.Object[],int,int)
UnityEditor.AssetPreviewUpdater:CreatePreview (UnityEngine.Object,UnityEngine.Object[],string,int,int)
UnityEditor.AssetPreviewUpdater:CreatePreviewForAsset (UnityEngine.Object,UnityEngine.Object[],string)

[C:\build\output\unity\unity\Runtime\Graphics\RenderTexture.cpp line 1111]

 -> (artifact id: 'eb81e6bb302ebb094ce29a3f9e6cf35e') in 0.014516 seconds 
========================================================================
Received Import Request.
  Time since last request: 7.815114 seconds.
  path: Assets/AzurTestTask/Sprites/Shadow.png
  artifactKey: Guid(6ed09e19fdbd68a498c744820ab887f5) Importer(815301076,1909f56bfc062723c751e8b465ee728b)
Start importing Assets/AzurTestTask/Sprites/Shadow.png using Guid(6ed09e19fdbd68a498c744820ab887f5) Importer(815301076,1909f56bfc062723c751e8b465ee728b) Requested RenderTexture with sRGB format. sRGB formats are not supported in gamma mode, fallback to a UNorm format. Use a UNorm format instead of sRGB to silence this warning.
UnityEngine.StackTraceUtility:ExtractStackTrace ()
UnityEngine.RenderTexture:GetTemporary_Internal (UnityEngine.RenderTextureDescriptor)
UnityEngine.RenderTexture:GetTemporary (UnityEngine.RenderTextureDescriptor)
UnityEngine.RenderTexture:GetTemporaryImpl (int,int,int,UnityEngine.Experimental.Rendering.GraphicsFormat,int,UnityEngine.RenderTextureMemoryless,UnityEngine.VRTextureUsage,bool)
UnityEngine.RenderTexture:GetTemporary (int,int,int,UnityEngine.Experimental.Rendering.GraphicsFormat)
UnityEditor.TextureInspector:RenderStaticPreview (string,UnityEngine.Object[],int,int)
UnityEditor.AssetPreviewUpdater:CreatePreview (UnityEngine.Object,UnityEngine.Object[],string,int,int)
UnityEditor.AssetPreviewUpdater:CreatePreviewForAsset (UnityEngine.Object,UnityEngine.Object[],string)

[C:\build\output\unity\unity\Runtime\Graphics\RenderTexture.cpp line 1111]

Requested RenderTexture with sRGB format. sRGB formats are not supported in gamma mode, fallback to a UNorm format. Use a UNorm format instead of sRGB to silence this warning.
UnityEngine.StackTraceUtility:ExtractStackTrace ()
UnityEngine.RenderTexture:GetTemporary_Internal (UnityEngine.RenderTextureDescriptor)
UnityEngine.RenderTexture:GetTemporary (UnityEngine.RenderTextureDescriptor)
UnityEngine.RenderTexture:GetTemporaryImpl (int,int,int,UnityEngine.Experimental.Rendering.GraphicsFormat,int,UnityEngine.RenderTextureMemoryless,UnityEngine.VRTextureUsage,bool)
UnityEngine.RenderTexture:GetTemporary (int,int,int,UnityEngine.Experimental.Rendering.GraphicsFormat)
UnityEditor.SpriteInspector:BuildPreviewTexture (UnityEngine.Sprite,UnityEngine.Material,bool)
UnityEditor.SpriteInspector:RenderStaticPreview (string,UnityEngine.Object[],int,int)
UnityEditor.AssetPreviewUpdater:CreatePreview (UnityEngine.Object,UnityEngine.Object[],string,int,int)
UnityEditor.AssetPreviewUpdater:CreatePreviewForAsset (UnityEngine.Object,UnityEngine.Object[],string)

[C:\build\output\unity\unity\Runtime\Graphics\RenderTexture.cpp line 1111]

 -> (artifact id: 'cb8ef15ea967ee7ee0dca98017a33eb5') in 0.018622 seconds 
========================================================================
Received Prepare
Registering precompiled user dll's ...
Registered in 0.005576 seconds.
Begin MonoManager ReloadAssembly
Symbol file LoadedFromMemory doesn't match image C:\PetProjects\AzurTestTaskTA\Library\PackageCache\com.unity.visualscripting@1.8.0\Editor\VisualScripting.Core\Dependencies\YamlDotNet\Unity.VisualScripting.YamlDotNet.dll
Symbol file LoadedFromMemory doesn't match image C:\PetProjects\AzurTestTaskTA\Library\PackageCache\com.unity.visualscripting@1.8.0\Editor\VisualScripting.Core\Dependencies\DotNetZip\Unity.VisualScripting.IonicZip.dll
Native extension for WindowsStandalone target not found
Native extension for iOS target not found
Native extension for Android target not found
Native extension for WebGL target not found
Refreshing native plugins compatible for Editor in 0.74 ms, found 3 plugins.
Preloading 0 native plugins for Editor in 0.00 ms.
Mono: successfully reloaded assembly
- Completed reload, in  1.075 seconds
Domain Reload Profiling:
	ReloadAssembly (1076ms)
		BeginReloadAssembly (152ms)
			ExecutionOrderSort (0ms)
			DisableScriptedObjects (5ms)
			BackupInstance (0ms)
			ReleaseScriptingObjects (0ms)
			CreateAndSetChildDomain (41ms)
		EndReloadAssembly (808ms)
			LoadAssemblies (95ms)
			RebuildTransferFunctionScriptingTraits (0ms)
			SetupTypeCache (277ms)
			ReleaseScriptCaches (1ms)
			RebuildScriptCaches (34ms)
			SetupLoadedEditorAssemblies (365ms)
				LogAssemblyErrors (0ms)
				InitializePlatformSupportModulesInManaged (38ms)
				SetLoadedEditorAssemblies (0ms)
				RefreshPlugins (1ms)
				BeforeProcessingInitializeOnLoad (75ms)
				ProcessInitializeOnLoadAttributes (220ms)
				ProcessInitializeOnLoadMethodAttributes (23ms)
				AfterProcessingInitializeOnLoad (7ms)
				EditorAssembliesLoaded (0ms)
			ExecutionOrderSort2 (0ms)
			AwakeInstancesAfterBackupRestoration (6ms)
Platform modules already initialized, skipping
Refreshing native plugins compatible for Editor in 2.80 ms, found 3 plugins.
Preloading 0 native plugins for Editor in 0.00 ms.
Unloading 3058 Unused Serialized files (Serialized files now loaded: 0)
Unloading 27 unused Assets / (0.6 MB). Loaded Objects now: 3693.
Memory consumption went from 127.6 MB to 126.9 MB.
Total: 5.007600 ms (FindLiveObjects: 0.527900 ms CreateObjectMapping: 0.171900 ms MarkObjects: 3.880000 ms  DeleteObjects: 0.425700 ms)

AssetImportParameters requested are different than current active one (requested -> active):
  custom:video-decoder-ogg-theora: a1e56fd34408186e4bbccfd4996cb3dc -> 
  custom:container-muxer-webm: aa71ff27fc2769a1b78a27578f13a17b -> 
  custom:container-demuxer-webm: 4f35f7cbe854078d1ac9338744f61a02 -> 
  custom:video-encoder-webm-vp8: eb34c28f22e8b96e1ab97ce403110664 -> 
  custom:audio-encoder-webm-vorbis: bf7c407c2cedff20999df2af8eb42d56 -> 
  custom:framework-win-MediaFoundation: 216162199b28c13a410421893ffa2e32 -> 
  custom:container-demuxer-ogg: 62fdf1f143b41e24485cea50d1cbac27 -> 
  custom:video-decoder-webm-vp8: 9c59270c3fd7afecdb556c50c9e8de78 -> 
  custom:audio-decoder-ogg-vorbis: bf7c407c2cedff20999df2af8eb42d56 -> 
========================================================================
Received Prepare
Registering precompiled user dll's ...
Registered in 0.003481 seconds.
Begin MonoManager ReloadAssembly
Symbol file LoadedFromMemory doesn't match image C:\PetProjects\AzurTestTaskTA\Library\PackageCache\com.unity.visualscripting@1.8.0\Editor\VisualScripting.Core\Dependencies\YamlDotNet\Unity.VisualScripting.YamlDotNet.dll
Symbol file LoadedFromMemory doesn't match image C:\PetProjects\AzurTestTaskTA\Library\PackageCache\com.unity.visualscripting@1.8.0\Editor\VisualScripting.Core\Dependencies\DotNetZip\Unity.VisualScripting.IonicZip.dll
Native extension for WindowsStandalone target not found
Native extension for iOS target not found
Native extension for Android target not found
Native extension for WebGL target not found
Refreshing native plugins compatible for Editor in 0.63 ms, found 3 plugins.
Preloading 0 native plugins for Editor in 0.00 ms.
Mono: successfully reloaded assembly
- Completed reload, in  0.940 seconds
Domain Reload Profiling:
	ReloadAssembly (941ms)
		BeginReloadAssembly (134ms)
			ExecutionOrderSort (0ms)
			DisableScriptedObjects (5ms)
			BackupInstance (0ms)
			ReleaseScriptingObjects (0ms)
			CreateAndSetChildDomain (33ms)
		EndReloadAssembly (718ms)
			LoadAssemblies (84ms)
			RebuildTransferFunctionScriptingTraits (0ms)
			SetupTypeCache (219ms)
			ReleaseScriptCaches (1ms)
			RebuildScriptCaches (32ms)
			SetupLoadedEditorAssemblies (348ms)
				LogAssemblyErrors (0ms)
				InitializePlatformSupportModulesInManaged (33ms)
				SetLoadedEditorAssemblies (0ms)
				RefreshPlugins (1ms)
				BeforeProcessingInitializeOnLoad (65ms)
				ProcessInitializeOnLoadAttributes (220ms)
				ProcessInitializeOnLoadMethodAttributes (22ms)
				AfterProcessingInitializeOnLoad (7ms)
				EditorAssembliesLoaded (0ms)
			ExecutionOrderSort2 (0ms)
			AwakeInstancesAfterBackupRestoration (7ms)
Platform modules already initialized, skipping
Refreshing native plugins compatible for Editor in 2.60 ms, found 3 plugins.
Preloading 0 native plugins for Editor in 0.00 ms.
Unloading 3058 Unused Serialized files (Serialized files now loaded: 0)
Unloading 27 unused Assets / (0.6 MB). Loaded Objects now: 3696.
Memory consumption went from 127.6 MB to 126.9 MB.
Total: 4.690600 ms (FindLiveObjects: 0.268800 ms CreateObjectMapping: 0.096600 ms MarkObjects: 3.721900 ms  DeleteObjects: 0.601800 ms)

AssetImportParameters requested are different than current active one (requested -> active):
  custom:video-decoder-ogg-theora: a1e56fd34408186e4bbccfd4996cb3dc -> 
  custom:container-muxer-webm: aa71ff27fc2769a1b78a27578f13a17b -> 
  custom:container-demuxer-webm: 4f35f7cbe854078d1ac9338744f61a02 -> 
  custom:video-encoder-webm-vp8: eb34c28f22e8b96e1ab97ce403110664 -> 
  custom:audio-encoder-webm-vorbis: bf7c407c2cedff20999df2af8eb42d56 -> 
  custom:framework-win-MediaFoundation: 216162199b28c13a410421893ffa2e32 -> 
  custom:container-demuxer-ogg: 62fdf1f143b41e24485cea50d1cbac27 -> 
  custom:video-decoder-webm-vp8: 9c59270c3fd7afecdb556c50c9e8de78 -> 
  custom:audio-decoder-ogg-vorbis: bf7c407c2cedff20999df2af8eb42d56 -> 
========================================================================
Received Import Request.
  Time since last request: 806.527379 seconds.
  path: Assets/AzurTestTask/Scripts/CloudFloating.cs
  artifactKey: Guid(d520345e468688f4f81ae3f6526add18) Importer(815301076,1909f56bfc062723c751e8b465ee728b)
Start importing Assets/AzurTestTask/Scripts/CloudFloating.cs using Guid(d520345e468688f4f81ae3f6526add18) Importer(815301076,1909f56bfc062723c751e8b465ee728b)  -> (artifact id: 'c332f9fd080009c8993ce5112b34cf95') in 0.014693 seconds 
========================================================================
Received Prepare
Registering precompiled user dll's ...
Registered in 0.003474 seconds.
Begin MonoManager ReloadAssembly
Symbol file LoadedFromMemory doesn't match image C:\PetProjects\AzurTestTaskTA\Library\PackageCache\com.unity.visualscripting@1.8.0\Editor\VisualScripting.Core\Dependencies\YamlDotNet\Unity.VisualScripting.YamlDotNet.dll
Symbol file LoadedFromMemory doesn't match image C:\PetProjects\AzurTestTaskTA\Library\PackageCache\com.unity.visualscripting@1.8.0\Editor\VisualScripting.Core\Dependencies\DotNetZip\Unity.VisualScripting.IonicZip.dll
Native extension for WindowsStandalone target not found
Native extension for iOS target not found
Native extension for Android target not found
Native extension for WebGL target not found
Refreshing native plugins compatible for Editor in 1.23 ms, found 3 plugins.
Preloading 0 native plugins for Editor in 0.00 ms.
Mono: successfully reloaded assembly
- Completed reload, in  1.508 seconds
Domain Reload Profiling:
	ReloadAssembly (1509ms)
		BeginReloadAssembly (198ms)
			ExecutionOrderSort (0ms)
			DisableScriptedObjects (7ms)
			BackupInstance (0ms)
			ReleaseScriptingObjects (0ms)
			CreateAndSetChildDomain (50ms)
		EndReloadAssembly (1171ms)
			LoadAssemblies (139ms)
			RebuildTransferFunctionScriptingTraits (0ms)
			SetupTypeCache (374ms)
			ReleaseScriptCaches (2ms)
			RebuildScriptCaches (56ms)
			SetupLoadedEditorAssemblies (539ms)
				LogAssemblyErrors (0ms)
				InitializePlatformSupportModulesInManaged (58ms)
				SetLoadedEditorAssemblies (1ms)
				RefreshPlugins (1ms)
				BeforeProcessingInitializeOnLoad (86ms)
				ProcessInitializeOnLoadAttributes (300ms)
				ProcessInitializeOnLoadMethodAttributes (82ms)
				AfterProcessingInitializeOnLoad (11ms)
				EditorAssembliesLoaded (0ms)
			ExecutionOrderSort2 (0ms)
			AwakeInstancesAfterBackupRestoration (13ms)
Platform modules already initialized, skipping
Refreshing native plugins compatible for Editor in 1.88 ms, found 3 plugins.
Preloading 0 native plugins for Editor in 0.00 ms.
Unloading 3059 Unused Serialized files (Serialized files now loaded: 0)
Unloading 27 unused Assets / (0.6 MB). Loaded Objects now: 3700.
Memory consumption went from 127.6 MB to 127.0 MB.
Total: 4.838000 ms (FindLiveObjects: 0.421400 ms CreateObjectMapping: 0.245400 ms MarkObjects: 3.746200 ms  DeleteObjects: 0.423300 ms)

AssetImportParameters requested are different than current active one (requested -> active):
  custom:video-decoder-ogg-theora: a1e56fd34408186e4bbccfd4996cb3dc -> 
  custom:container-muxer-webm: aa71ff27fc2769a1b78a27578f13a17b -> 
  custom:container-demuxer-webm: 4f35f7cbe854078d1ac9338744f61a02 -> 
  custom:video-encoder-webm-vp8: eb34c28f22e8b96e1ab97ce403110664 -> 
  custom:audio-encoder-webm-vorbis: bf7c407c2cedff20999df2af8eb42d56 -> 
  custom:framework-win-MediaFoundation: 216162199b28c13a410421893ffa2e32 -> 
  custom:container-demuxer-ogg: 62fdf1f143b41e24485cea50d1cbac27 -> 
  custom:video-decoder-webm-vp8: 9c59270c3fd7afecdb556c50c9e8de78 -> 
  custom:audio-decoder-ogg-vorbis: bf7c407c2cedff20999df2af8eb42d56 -> 
========================================================================
Received Prepare
Registering precompiled user dll's ...
Registered in 0.004820 seconds.
Begin MonoManager ReloadAssembly
Symbol file LoadedFromMemory doesn't match image C:\PetProjects\AzurTestTaskTA\Library\PackageCache\com.unity.visualscripting@1.8.0\Editor\VisualScripting.Core\Dependencies\YamlDotNet\Unity.VisualScripting.YamlDotNet.dll
Symbol file LoadedFromMemory doesn't match image C:\PetProjects\AzurTestTaskTA\Library\PackageCache\com.unity.visualscripting@1.8.0\Editor\VisualScripting.Core\Dependencies\DotNetZip\Unity.VisualScripting.IonicZip.dll
Native extension for WindowsStandalone target not found
Native extension for iOS target not found
Native extension for Android target not found
Native extension for WebGL target not found
Refreshing native plugins compatible for Editor in 1.12 ms, found 3 plugins.
Preloading 0 native plugins for Editor in 0.00 ms.
Mono: successfully reloaded assembly
- Completed reload, in  1.146 seconds
Domain Reload Profiling:
	ReloadAssembly (1147ms)
		BeginReloadAssembly (158ms)
			ExecutionOrderSort (0ms)
			DisableScriptedObjects (6ms)
			BackupInstance (0ms)
			ReleaseScriptingObjects (0ms)
			CreateAndSetChildDomain (38ms)
		EndReloadAssembly (853ms)
			LoadAssemblies (109ms)
			RebuildTransferFunctionScriptingTraits (0ms)
			SetupTypeCache (295ms)
			ReleaseScriptCaches (1ms)
			RebuildScriptCaches (40ms)
			SetupLoadedEditorAssemblies (370ms)
				LogAssemblyErrors (0ms)
				InitializePlatformSupportModulesInManaged (37ms)
				SetLoadedEditorAssemblies (1ms)
				RefreshPlugins (1ms)
				BeforeProcessingInitializeOnLoad (78ms)
				ProcessInitializeOnLoadAttributes (216ms)
				ProcessInitializeOnLoadMethodAttributes (29ms)
				AfterProcessingInitializeOnLoad (9ms)
				EditorAssembliesLoaded (0ms)
			ExecutionOrderSort2 (0ms)
			AwakeInstancesAfterBackupRestoration (7ms)
Platform modules already initialized, skipping
Refreshing native plugins compatible for Editor in 1.47 ms, found 3 plugins.
Preloading 0 native plugins for Editor in 0.00 ms.
Unloading 3059 Unused Serialized files (Serialized files now loaded: 0)
Unloading 27 unused Assets / (0.6 MB). Loaded Objects now: 3703.
Memory consumption went from 127.6 MB to 127.0 MB.
Total: 3.359500 ms (FindLiveObjects: 0.288700 ms CreateObjectMapping: 0.107100 ms MarkObjects: 2.611100 ms  DeleteObjects: 0.351300 ms)

AssetImportParameters requested are different than current active one (requested -> active):
  custom:video-decoder-ogg-theora: a1e56fd34408186e4bbccfd4996cb3dc -> 
  custom:container-muxer-webm: aa71ff27fc2769a1b78a27578f13a17b -> 
  custom:container-demuxer-webm: 4f35f7cbe854078d1ac9338744f61a02 -> 
  custom:video-encoder-webm-vp8: eb34c28f22e8b96e1ab97ce403110664 -> 
  custom:audio-encoder-webm-vorbis: bf7c407c2cedff20999df2af8eb42d56 -> 
  custom:framework-win-MediaFoundation: 216162199b28c13a410421893ffa2e32 -> 
  custom:container-demuxer-ogg: 62fdf1f143b41e24485cea50d1cbac27 -> 
  custom:video-decoder-webm-vp8: 9c59270c3fd7afecdb556c50c9e8de78 -> 
  custom:audio-decoder-ogg-vorbis: bf7c407c2cedff20999df2af8eb42d56 -> 
========================================================================
Received Import Request.
  Time since last request: 19.241080 seconds.
  path: Assets/AzurTestTask/Scripts/CloudFloating.cs
  artifactKey: Guid(d520345e468688f4f81ae3f6526add18) Importer(815301076,1909f56bfc062723c751e8b465ee728b)
Start importing Assets/AzurTestTask/Scripts/CloudFloating.cs using Guid(d520345e468688f4f81ae3f6526add18) Importer(815301076,1909f56bfc062723c751e8b465ee728b)  -> (artifact id: '7926b2dea55990a80d2fa1970d7a7e34') in 0.007663 seconds 
========================================================================
Received Import Request.
  Time since last request: 804.400211 seconds.
  path: Assets/AzurTestTask/Fire_mat.mat
  artifactKey: Guid(71fd6757db4214a4a802a725bfe9cf99) Importer(2089858483,0ecaa5967403d082aa24f35e1b516d23)
Start importing Assets/AzurTestTask/Fire_mat.mat using Guid(71fd6757db4214a4a802a725bfe9cf99) Importer(2089858483,0ecaa5967403d082aa24f35e1b516d23) Generated GUIDs only implemented for interfaces!
 -> (artifact id: '99a4f1c8b36df22278f588ff1639f2dd') in 0.158898 seconds 
========================================================================
Received Import Request.
  Time since last request: 0.000035 seconds.
  path: Assets/AzurTestTask/Prefabs/Door_1.prefab
  artifactKey: Guid(d2fcb0a5f53cac246bdd0979b799a9ca) Importer(2089858483,0ecaa5967403d082aa24f35e1b516d23)
Start importing Assets/AzurTestTask/Prefabs/Door_1.prefab using Guid(d2fcb0a5f53cac246bdd0979b799a9ca) Importer(2089858483,0ecaa5967403d082aa24f35e1b516d23) Generated GUIDs only implemented for interfaces!
 -> (artifact id: '1bbfe8bf968c619f15d99372b62bba72') in 0.048497 seconds 
========================================================================
Received Import Request.
  Time since last request: 0.000036 seconds.
  path: Assets/AzurTestTask/Orc/Materials/Orc_Orc_Albedo.mat
  artifactKey: Guid(6e04458389211f541ae8b1f3d4666157) Importer(2089858483,0ecaa5967403d082aa24f35e1b516d23)
Start importing Assets/AzurTestTask/Orc/Materials/Orc_Orc_Albedo.mat using Guid(6e04458389211f541ae8b1f3d4666157) Importer(2089858483,0ecaa5967403d082aa24f35e1b516d23) Generated GUIDs only implemented for interfaces!
 -> (artifact id: '0c7ad7c9a1d9a398cdc440464e5acfb0') in 0.018620 seconds 
========================================================================
Received Import Request.
  Time since last request: 0.000025 seconds.
  path: Assets/TextMesh Pro/Shaders/TMP_SDF Overlay.shader
  artifactKey: Guid(dd89cf5b9246416f84610a006f916af7) Importer(2089858483,0ecaa5967403d082aa24f35e1b516d23)
Start importing Assets/TextMesh Pro/Shaders/TMP_SDF Overlay.shader using Guid(dd89cf5b9246416f84610a006f916af7) Importer(2089858483,0ecaa5967403d082aa24f35e1b516d23) Generated GUIDs only implemented for interfaces!
 -> (artifact id: 'df3275a461d17a9d85361eb302959e62') in 0.029447 seconds 
========================================================================
Received Import Request.
  Time since last request: 0.000026 seconds.
  path: Assets/AzurTestTask/Sprites/cloud.png
  artifactKey: Guid(d8c1c73f4315b9c4baa24f6fc70c45b7) Importer(2089858483,0ecaa5967403d082aa24f35e1b516d23)
Start importing Assets/AzurTestTask/Sprites/cloud.png using Guid(d8c1c73f4315b9c4baa24f6fc70c45b7) Importer(2089858483,0ecaa5967403d082aa24f35e1b516d23) Generated GUIDs only implemented for interfaces!
 -> (artifact id: '1feefd15390f078d8070d4ebd6e03a6d') in 0.098527 seconds 
========================================================================
Received Import Request.
  Time since last request: 0.000024 seconds.
  path: Assets/AzurTestTask/Scripts/SpriteAlphaPulse.cs
  artifactKey: Guid(ff8994d587cceef4cb997067573f0837) Importer(2089858483,0ecaa5967403d082aa24f35e1b516d23)
Start importing Assets/AzurTestTask/Scripts/SpriteAlphaPulse.cs using Guid(ff8994d587cceef4cb997067573f0837) Importer(2089858483,0ecaa5967403d082aa24f35e1b516d23) Generated GUIDs only implemented for interfaces!
 -> (artifact id: 'd3d877cb62289e9c259f2c8af767e77a') in 0.014900 seconds 
========================================================================
Received Import Request.
  Time since last request: 0.000029 seconds.
  path: Assets/TextMesh Pro/Shaders/TMPro.cginc
  artifactKey: Guid(407bc68d299748449bbf7f48ee690f8d) Importer(2089858483,0ecaa5967403d082aa24f35e1b516d23)
Start importing Assets/TextMesh Pro/Shaders/TMPro.cginc using Guid(407bc68d299748449bbf7f48ee690f8d) Importer(2089858483,0ecaa5967403d082aa24f35e1b516d23) Generated GUIDs only implemented for interfaces!
 -> (artifact id: '9adf65e549fc5c2e8e09946327c253dd') in 0.030382 seconds 
========================================================================
Received Import Request.
  Time since last request: 0.000039 seconds.
  path: Assets/TextMesh Pro/Shaders/TMP_SDF-Mobile Overlay.shader
  artifactKey: Guid(a02a7d8c237544f1962732b55a9aebf1) Importer(2089858483,0ecaa5967403d082aa24f35e1b516d23)
Start importing Assets/TextMesh Pro/Shaders/TMP_SDF-Mobile Overlay.shader using Guid(a02a7d8c237544f1962732b55a9aebf1) Importer(2089858483,0ecaa5967403d082aa24f35e1b516d23) Generated GUIDs only implemented for interfaces!
 -> (artifact id: 'be6cb966c345306a401632a37a3891fd') in 0.049059 seconds 
========================================================================
Received Import Request.
  Time since last request: 0.000036 seconds.
  path: Assets/AzurTestTask/Prefabs/Spider.prefab
  artifactKey: Guid(0a2543ded0d6df34586729d40977c270) Importer(2089858483,0ecaa5967403d082aa24f35e1b516d23)
Start importing Assets/AzurTestTask/Prefabs/Spider.prefab using Guid(0a2543ded0d6df34586729d40977c270) Importer(2089858483,0ecaa5967403d082aa24f35e1b516d23) Generated GUIDs only implemented for interfaces!
 -> (artifact id: 'dfb9e6b6a23fa70a027f7f3b41dc061c') in 0.034928 seconds 
========================================================================
Received Import Request.
  Time since last request: 0.000025 seconds.
  path: Assets/TextMesh Pro/Resources/LineBreaking Following Characters.txt
  artifactKey: Guid(fade42e8bc714b018fac513c043d323b) Importer(2089858483,0ecaa5967403d082aa24f35e1b516d23)
Start importing Assets/TextMesh Pro/Resources/LineBreaking Following Characters.txt using Guid(fade42e8bc714b018fac513c043d323b) Importer(2089858483,0ecaa5967403d082aa24f35e1b516d23) Generated GUIDs only implemented for interfaces!
 -> (artifact id: 'f2ca45e499646c75500311ee940142d9') in 0.024475 seconds 
========================================================================
Received Import Request.
  Time since last request: 0.000033 seconds.
  path: Assets/TextMesh Pro/Shaders/TMP_SDF SSD.shader
  artifactKey: Guid(14eb328de4b8eb245bb7cea29e4ac00b) Importer(2089858483,0ecaa5967403d082aa24f35e1b516d23)
Start importing Assets/TextMesh Pro/Shaders/TMP_SDF SSD.shader using Guid(14eb328de4b8eb245bb7cea29e4ac00b) Importer(2089858483,0ecaa5967403d082aa24f35e1b516d23) Generated GUIDs only implemented for interfaces!
 -> (artifact id: '4d67766cae24e2e93cd6621381797a62') in 0.023348 seconds 
========================================================================
Received Import Request.
  Time since last request: 0.000023 seconds.
  path: Assets/AzurTestTask/Sprites/door1_open.png
  artifactKey: Guid(e869b8b11a67e0b428a8a92a534340fd) Importer(2089858483,0ecaa5967403d082aa24f35e1b516d23)
Start importing Assets/AzurTestTask/Sprites/door1_open.png using Guid(e869b8b11a67e0b428a8a92a534340fd) Importer(2089858483,0ecaa5967403d082aa24f35e1b516d23) Generated GUIDs only implemented for interfaces!
 -> (artifact id: 'bd9ee73db3a901c4df33170bd003745a') in 0.022758 seconds 
========================================================================
Received Import Request.
  Time since last request: 0.000028 seconds.
  path: Assets/TextMesh Pro/Resources/Fonts & Materials/LiberationSans SDF - Fallback.asset
  artifactKey: Guid(2e498d1c8094910479dc3e1b768306a4) Importer(2089858483,0ecaa5967403d082aa24f35e1b516d23)
Start importing Assets/TextMesh Pro/Resources/Fonts & Materials/LiberationSans SDF - Fallback.asset using Guid(2e498d1c8094910479dc3e1b768306a4) Importer(2089858483,0ecaa5967403d082aa24f35e1b516d23) Generated GUIDs only implemented for interfaces!
 -> (artifact id: '47af9379cd5e96293f10b8479737e2ec') in 0.059790 seconds 
========================================================================
Received Import Request.
  Time since last request: 0.000042 seconds.
  path: Assets/TextMesh Pro/Resources/Style Sheets/Default Style Sheet.asset
  artifactKey: Guid(f952c082cb03451daed3ee968ac6c63e) Importer(2089858483,0ecaa5967403d082aa24f35e1b516d23)
Start importing Assets/TextMesh Pro/Resources/Style Sheets/Default Style Sheet.asset using Guid(f952c082cb03451daed3ee968ac6c63e) Importer(2089858483,0ecaa5967403d082aa24f35e1b516d23) Generated GUIDs only implemented for interfaces!
 -> (artifact id: '9b7f1c167b8e772a99e1e9cf0efb6325') in 0.022408 seconds 
========================================================================
Received Import Request.
  Time since last request: 0.000027 seconds.
  path: Assets/TextMesh Pro/Resources/Fonts & Materials/LiberationSans SDF.asset
  artifactKey: Guid(8f586378b4e144a9851e7b34d9b748ee) Importer(2089858483,0ecaa5967403d082aa24f35e1b516d23)
Start importing Assets/TextMesh Pro/Resources/Fonts & Materials/LiberationSans SDF.asset using Guid(8f586378b4e144a9851e7b34d9b748ee) Importer(2089858483,0ecaa5967403d082aa24f35e1b516d23) Generated GUIDs only implemented for interfaces!
 -> (artifact id: '4f015af720b37f8c295503a9aa1021a8') in 0.053513 seconds 
========================================================================
Received Import Request.
  Time since last request: 0.000046 seconds.
  path: Assets/AzurTestTask/Sprites/Spider2.png
  artifactKey: Guid(f8a04cf529a405c4a9bd67cf24e9f7a5) Importer(2089858483,0ecaa5967403d082aa24f35e1b516d23)
Start importing Assets/AzurTestTask/Sprites/Spider2.png using Guid(f8a04cf529a405c4a9bd67cf24e9f7a5) Importer(2089858483,0ecaa5967403d082aa24f35e1b516d23) Generated GUIDs only implemented for interfaces!
 -> (artifact id: '24e65d8c0f5782b4199808befae3fb40') in 0.024802 seconds 
========================================================================
Received Import Request.
  Time since last request: 0.000052 seconds.
  path: Assets/AzurTestTask/Sprites/smoke_1.png
  artifactKey: Guid(320da64be5f33b64d92bff789aef2ee8) Importer(2089858483,0ecaa5967403d082aa24f35e1b516d23)
Start importing Assets/AzurTestTask/Sprites/smoke_1.png using Guid(320da64be5f33b64d92bff789aef2ee8) Importer(2089858483,0ecaa5967403d082aa24f35e1b516d23) Generated GUIDs only implemented for interfaces!
 -> (artifact id: 'e95517b413b8545c6fcac2591eea5a4c') in 0.037102 seconds 
========================================================================
Received Import Request.
  Time since last request: 0.000025 seconds.
  path: Assets/TextMesh Pro/Resources/Sprite Assets/EmojiOne.asset
  artifactKey: Guid(c41005c129ba4d66911b75229fd70b45) Importer(2089858483,0ecaa5967403d082aa24f35e1b516d23)
Start importing Assets/TextMesh Pro/Resources/Sprite Assets/EmojiOne.asset using Guid(c41005c129ba4d66911b75229fd70b45) Importer(2089858483,0ecaa5967403d082aa24f35e1b516d23) Generated GUIDs only implemented for interfaces!
 -> (artifact id: '5313d2968f3ca2787f3f731c27fbf39c') in 0.029395 seconds 
========================================================================
Received Import Request.
  Time since last request: 0.000031 seconds.
  path: Assets/AzurTestTask/Sprites/Ladder.png
  artifactKey: Guid(8cdc47c3d3440a54e83ee96f480c1f28) Importer(2089858483,0ecaa5967403d082aa24f35e1b516d23)
Start importing Assets/AzurTestTask/Sprites/Ladder.png using Guid(8cdc47c3d3440a54e83ee96f480c1f28) Importer(2089858483,0ecaa5967403d082aa24f35e1b516d23) Generated GUIDs only implemented for interfaces!
 -> (artifact id: '4adb3fdc6c6104fe35f3dfc18849857a') in 0.045964 seconds 
========================================================================
Received Import Request.
  Time since last request: 0.000024 seconds.
  path: Assets/AzurTestTask/Sprites/door3_arch.png
  artifactKey: Guid(7b473f2ac96b00f479b6f02075e1cd83) Importer(2089858483,0ecaa5967403d082aa24f35e1b516d23)
Start importing Assets/AzurTestTask/Sprites/door3_arch.png using Guid(7b473f2ac96b00f479b6f02075e1cd83) Importer(2089858483,0ecaa5967403d082aa24f35e1b516d23) Generated GUIDs only implemented for interfaces!
 -> (artifact id: '8194973939772fa55645eb2676a936c1') in 0.026916 seconds 
========================================================================
Received Import Request.
  Time since last request: 0.000030 seconds.
  path: Assets/AzurTestTask/Sprites/light.png
  artifactKey: Guid(3254b948c82c6274bbdb785485bfd662) Importer(2089858483,0ecaa5967403d082aa24f35e1b516d23)
Start importing Assets/AzurTestTask/Sprites/light.png using Guid(3254b948c82c6274bbdb785485bfd662) Importer(2089858483,0ecaa5967403d082aa24f35e1b516d23) Generated GUIDs only implemented for interfaces!
 -> (artifact id: '1a0fc97bee2e713bdb53e06d38fb8150') in 0.026409 seconds 
========================================================================
Received Import Request.
  Time since last request: 0.000026 seconds.
  path: Assets/AzurTestTask/Sprites/Shadow.png
  artifactKey: Guid(6ed09e19fdbd68a498c744820ab887f5) Importer(2089858483,0ecaa5967403d082aa24f35e1b516d23)
Start importing Assets/AzurTestTask/Sprites/Shadow.png using Guid(6ed09e19fdbd68a498c744820ab887f5) Importer(2089858483,0ecaa5967403d082aa24f35e1b516d23) Generated GUIDs only implemented for interfaces!
 -> (artifact id: '476dae9ba9ea92c01a8aaac8c5131823') in 0.025852 seconds 
========================================================================
Received Import Request.
  Time since last request: 0.000037 seconds.
  path: Assets/AzurTestTask/Prefabs/Barrels.prefab
  artifactKey: Guid(cbcb133c9774d0241a283f1e411cd05c) Importer(2089858483,0ecaa5967403d082aa24f35e1b516d23)
Start importing Assets/AzurTestTask/Prefabs/Barrels.prefab using Guid(cbcb133c9774d0241a283f1e411cd05c) Importer(2089858483,0ecaa5967403d082aa24f35e1b516d23) Generated GUIDs only implemented for interfaces!
 -> (artifact id: '53d00a3acc4fe8a83cfee2d8bf9f763f') in 0.021535 seconds 
========================================================================
Received Import Request.
  Time since last request: 0.000027 seconds.
  path: Assets/AzurTestTask/Sprites/smoke.png
  artifactKey: Guid(c77bd059a6526844f8d89134a51df512) Importer(2089858483,0ecaa5967403d082aa24f35e1b516d23)
Start importing Assets/AzurTestTask/Sprites/smoke.png using Guid(c77bd059a6526844f8d89134a51df512) Importer(2089858483,0ecaa5967403d082aa24f35e1b516d23) Generated GUIDs only implemented for interfaces!
 -> (artifact id: '006a89a7f2779c9788f198a602fe97a1') in 0.032322 seconds 
========================================================================
Received Import Request.
  Time since last request: 0.000022 seconds.
  path: Assets/AzurTestTask/Scenes/MainScene.unity
  artifactKey: Guid(9fc0d4010bbf28b4594072e72b8655ab) Importer(2089858483,0ecaa5967403d082aa24f35e1b516d23)
Start importing Assets/AzurTestTask/Scenes/MainScene.unity using Guid(9fc0d4010bbf28b4594072e72b8655ab) Importer(2089858483,0ecaa5967403d082aa24f35e1b516d23) Generated GUIDs only implemented for interfaces!
 -> (artifact id: '1763c401df16aa962e5be942fbb4c89b') in 0.010715 seconds 
========================================================================
Received Import Request.
  Time since last request: 0.000021 seconds.
  path: Assets/AzurTestTask/Orc/Orc_Orc_Albedo.png
  artifactKey: Guid(f42edd9675f886544bbdaa7f4d364c11) Importer(2089858483,0ecaa5967403d082aa24f35e1b516d23)
Start importing Assets/AzurTestTask/Orc/Orc_Orc_Albedo.png using Guid(f42edd9675f886544bbdaa7f4d364c11) Importer(2089858483,0ecaa5967403d082aa24f35e1b516d23) Generated GUIDs only implemented for interfaces!
 -> (artifact id: 'e1c19082b68d6fa4df7e2e3f4458f525') in 0.020376 seconds 
========================================================================
Received Import Request.
  Time since last request: 0.000025 seconds.
  path: Assets/TextMesh Pro/Shaders/TMP_SDF-Surface.shader
  artifactKey: Guid(f7ada0af4f174f0694ca6a487b8f543d) Importer(2089858483,0ecaa5967403d082aa24f35e1b516d23)
Start importing Assets/TextMesh Pro/Shaders/TMP_SDF-Surface.shader using Guid(f7ada0af4f174f0694ca6a487b8f543d) Importer(2089858483,0ecaa5967403d082aa24f35e1b516d23) Generated GUIDs only implemented for interfaces!
 -> (artifact id: 'd669b6f41f783f296393558037a4de8a') in 0.017755 seconds 
========================================================================
Received Import Request.
  Time since last request: 0.000031 seconds.
  path: Assets/AzurTestTask/Orc/Orc_Idle.anim
  artifactKey: Guid(c380be2307c1aae4bb67576aab5fbb5f) Importer(2089858483,0ecaa5967403d082aa24f35e1b516d23)
Start importing Assets/AzurTestTask/Orc/Orc_Idle.anim using Guid(c380be2307c1aae4bb67576aab5fbb5f) Importer(2089858483,0ecaa5967403d082aa24f35e1b516d23) Generated GUIDs only implemented for interfaces!
 -> (artifact id: '89294f35d00b8e8c8ed7100c53bf7c06') in 0.014563 seconds 
========================================================================
Received Import Request.
  Time since last request: 0.000022 seconds.
  path: Assets/TextMesh Pro/Documentation/TextMesh Pro User Guide 2016.pdf
  artifactKey: Guid(1b8d251f9af63b746bf2f7ffe00ebb9b) Importer(2089858483,0ecaa5967403d082aa24f35e1b516d23)
Start importing Assets/TextMesh Pro/Documentation/TextMesh Pro User Guide 2016.pdf using Guid(1b8d251f9af63b746bf2f7ffe00ebb9b) Importer(2089858483,0ecaa5967403d082aa24f35e1b516d23) Generated GUIDs only implemented for interfaces!
 -> (artifact id: 'f761ac3a61ff309dd12135fb8a09a7c6') in 0.018906 seconds 
========================================================================
Received Import Request.
  Time since last request: 0.000031 seconds.
  path: Assets/AzurTestTask/Sprites/barrels_outline.png
  artifactKey: Guid(0d4cbb72115c526449ab5e38c03d5bbf) Importer(2089858483,0ecaa5967403d082aa24f35e1b516d23)
Start importing Assets/AzurTestTask/Sprites/barrels_outline.png using Guid(0d4cbb72115c526449ab5e38c03d5bbf) Importer(2089858483,0ecaa5967403d082aa24f35e1b516d23) Generated GUIDs only implemented for interfaces!
 -> (artifact id: '85bfdd0bf09342f01cbc239460361bcd') in 0.021261 seconds 
========================================================================
Received Import Request.
  Time since last request: 0.000024 seconds.
  path: Assets/TextMesh Pro/Fonts/LiberationSans - OFL.txt
  artifactKey: Guid(6e59c59b81ab47f9b6ec5781fa725d2c) Importer(2089858483,0ecaa5967403d082aa24f35e1b516d23)
Start importing Assets/TextMesh Pro/Fonts/LiberationSans - OFL.txt using Guid(6e59c59b81ab47f9b6ec5781fa725d2c) Importer(2089858483,0ecaa5967403d082aa24f35e1b516d23) Generated GUIDs only implemented for interfaces!
 -> (artifact id: '1f0c365e4a48661f4edb187f6e055a2b') in 0.020565 seconds 
========================================================================
Received Import Request.
  Time since last request: 0.000027 seconds.
  path: Assets/AzurTestTask/Scripts/CloudFloating.cs
  artifactKey: Guid(d520345e468688f4f81ae3f6526add18) Importer(2089858483,0ecaa5967403d082aa24f35e1b516d23)
Start importing Assets/AzurTestTask/Scripts/CloudFloating.cs using Guid(d520345e468688f4f81ae3f6526add18) Importer(2089858483,0ecaa5967403d082aa24f35e1b516d23) Generated GUIDs only implemented for interfaces!
 -> (artifact id: 'efe2a9c4a3e65bf791bc365837904d32') in 0.014770 seconds 
========================================================================
Received Import Request.
  Time since last request: 0.000048 seconds.
  path: Assets/TextMesh Pro/Shaders/TMP_SDF.shader
  artifactKey: Guid(68e6db2ebdc24f95958faec2be5558d6) Importer(2089858483,0ecaa5967403d082aa24f35e1b516d23)
Start importing Assets/TextMesh Pro/Shaders/TMP_SDF.shader using Guid(68e6db2ebdc24f95958faec2be5558d6) Importer(2089858483,0ecaa5967403d082aa24f35e1b516d23) Generated GUIDs only implemented for interfaces!
 -> (artifact id: 'a544fa4db20af9ecf2e7d56c409232d0') in 0.018646 seconds 
========================================================================
Received Import Request.
  Time since last request: 0.000019 seconds.
  path: Assets/AzurTestTask/Sprites/level.png
  artifactKey: Guid(e27a1698c6d268240b9d89f6a6a507e9) Importer(2089858483,0ecaa5967403d082aa24f35e1b516d23)
Start importing Assets/AzurTestTask/Sprites/level.png using Guid(e27a1698c6d268240b9d89f6a6a507e9) Importer(2089858483,0ecaa5967403d082aa24f35e1b516d23) Generated GUIDs only implemented for interfaces!
 -> (artifact id: '98d2a7c56e66dd986e25a730de66b644') in 0.167419 seconds 
========================================================================
Received Import Request.
  Time since last request: 0.000048 seconds.
  path: Assets/AzurTestTask/Scripts/OrcAnimationOpt.cs
  artifactKey: Guid(151a1be5cfddff94b9a54914a0ca0b5e) Importer(2089858483,0ecaa5967403d082aa24f35e1b516d23)
Start importing Assets/AzurTestTask/Scripts/OrcAnimationOpt.cs using Guid(151a1be5cfddff94b9a54914a0ca0b5e) Importer(2089858483,0ecaa5967403d082aa24f35e1b516d23) Generated GUIDs only implemented for interfaces!
 -> (artifact id: 'e6473ad16bea77a0cccadd01fce64956') in 0.015049 seconds 
========================================================================
Received Import Request.
  Time since last request: 0.000041 seconds.
  path: Assets/TextMesh Pro/Shaders/TMPro_Surface.cginc
  artifactKey: Guid(d930090c0cd643c7b55f19a38538c162) Importer(2089858483,0ecaa5967403d082aa24f35e1b516d23)
Start importing Assets/TextMesh Pro/Shaders/TMPro_Surface.cginc using Guid(d930090c0cd643c7b55f19a38538c162) Importer(2089858483,0ecaa5967403d082aa24f35e1b516d23) Generated GUIDs only implemented for interfaces!
 -> (artifact id: '219af03f876a6ce4b6a02a844063868f') in 0.025943 seconds 
========================================================================
Received Import Request.
  Time since last request: 0.000047 seconds.
  path: Assets/TextMesh Pro/Fonts/LiberationSans.ttf
  artifactKey: Guid(e3265ab4bf004d28a9537516768c1c75) Importer(2089858483,0ecaa5967403d082aa24f35e1b516d23)
Start importing Assets/TextMesh Pro/Fonts/LiberationSans.ttf using Guid(e3265ab4bf004d28a9537516768c1c75) Importer(2089858483,0ecaa5967403d082aa24f35e1b516d23) Generated GUIDs only implemented for interfaces!
 -> (artifact id: '0fc9159422d84480a3a17b9b04f13cf9') in 0.023426 seconds 
========================================================================
Received Prepare
Refreshing native plugins compatible for Editor in 3.20 ms, found 3 plugins.
Preloading 0 native plugins for Editor in 0.00 ms.
Unloading 27 Unused Serialized files (Serialized files now loaded: 0)
Unloading 27 unused Assets / (0.6 MB). Loaded Objects now: 3703.
Memory consumption went from 67.2 MB to 66.6 MB.
Total: 4.178800 ms (FindLiveObjects: 0.255500 ms CreateObjectMapping: 0.106200 ms MarkObjects: 3.418400 ms  DeleteObjects: 0.397700 ms)

AssetImportParameters requested are different than current active one (requested -> active):
  custom:video-decoder-ogg-theora: a1e56fd34408186e4bbccfd4996cb3dc -> 
  custom:container-muxer-webm: aa71ff27fc2769a1b78a27578f13a17b -> 
  custom:container-demuxer-webm: 4f35f7cbe854078d1ac9338744f61a02 -> 
  custom:video-encoder-webm-vp8: eb34c28f22e8b96e1ab97ce403110664 -> 
  custom:audio-encoder-webm-vorbis: bf7c407c2cedff20999df2af8eb42d56 -> 
  custom:framework-win-MediaFoundation: 216162199b28c13a410421893ffa2e32 -> 
  custom:SearchIndexIgnoredProperties: e643bd26f0fe6173181afceb89e7c659 -> 
  custom:container-demuxer-ogg: 62fdf1f143b41e24485cea50d1cbac27 -> 
  custom:video-decoder-webm-vp8: 9c59270c3fd7afecdb556c50c9e8de78 -> 
  custom:audio-decoder-ogg-vorbis: bf7c407c2cedff20999df2af8eb42d56 -> 
========================================================================
Received Prepare
Registering precompiled user dll's ...
Registered in 0.003665 seconds.
Begin MonoManager ReloadAssembly
Symbol file LoadedFromMemory doesn't match image C:\PetProjects\AzurTestTaskTA\Library\PackageCache\com.unity.visualscripting@1.8.0\Editor\VisualScripting.Core\Dependencies\YamlDotNet\Unity.VisualScripting.YamlDotNet.dll
Symbol file LoadedFromMemory doesn't match image C:\PetProjects\AzurTestTaskTA\Library\PackageCache\com.unity.visualscripting@1.8.0\Editor\VisualScripting.Core\Dependencies\DotNetZip\Unity.VisualScripting.IonicZip.dll
Native extension for WindowsStandalone target not found
Native extension for iOS target not found
Native extension for Android target not found
Native extension for WebGL target not found
Refreshing native plugins compatible for Editor in 0.61 ms, found 3 plugins.
Preloading 0 native plugins for Editor in 0.00 ms.
Mono: successfully reloaded assembly
- Completed reload, in  0.885 seconds
Domain Reload Profiling:
	ReloadAssembly (886ms)
		BeginReloadAssembly (136ms)
			ExecutionOrderSort (0ms)
			DisableScriptedObjects (5ms)
			BackupInstance (0ms)
			ReleaseScriptingObjects (0ms)
			CreateAndSetChildDomain (42ms)
		EndReloadAssembly (662ms)
			LoadAssemblies (82ms)
			RebuildTransferFunctionScriptingTraits (0ms)
			SetupTypeCache (223ms)
			ReleaseScriptCaches (1ms)
			RebuildScriptCaches (35ms)
			SetupLoadedEditorAssemblies (285ms)
				LogAssemblyErrors (0ms)
				InitializePlatformSupportModulesInManaged (31ms)
				SetLoadedEditorAssemblies (0ms)
				RefreshPlugins (1ms)
				BeforeProcessingInitializeOnLoad (52ms)
				ProcessInitializeOnLoadAttributes (168ms)
				ProcessInitializeOnLoadMethodAttributes (25ms)
				AfterProcessingInitializeOnLoad (7ms)
				EditorAssembliesLoaded (0ms)
			ExecutionOrderSort2 (0ms)
			AwakeInstancesAfterBackupRestoration (6ms)
Platform modules already initialized, skipping
Refreshing native plugins compatible for Editor in 1.64 ms, found 3 plugins.
Preloading 0 native plugins for Editor in 0.00 ms.
Unloading 3096 Unused Serialized files (Serialized files now loaded: 0)
Unloading 27 unused Assets / (0.6 MB). Loaded Objects now: 3743.
Memory consumption went from 128.8 MB to 128.2 MB.
Total: 3.310200 ms (FindLiveObjects: 0.255600 ms CreateObjectMapping: 0.092500 ms MarkObjects: 2.623600 ms  DeleteObjects: 0.337400 ms)

AssetImportParameters requested are different than current active one (requested -> active):
  custom:video-decoder-ogg-theora: a1e56fd34408186e4bbccfd4996cb3dc -> 
  custom:container-muxer-webm: aa71ff27fc2769a1b78a27578f13a17b -> 
  custom:container-demuxer-webm: 4f35f7cbe854078d1ac9338744f61a02 -> 
  custom:video-encoder-webm-vp8: eb34c28f22e8b96e1ab97ce403110664 -> 
  custom:audio-encoder-webm-vorbis: bf7c407c2cedff20999df2af8eb42d56 -> 
  custom:framework-win-MediaFoundation: 216162199b28c13a410421893ffa2e32 -> 
  custom:SearchIndexIgnoredProperties: e643bd26f0fe6173181afceb89e7c659 -> 
  custom:container-demuxer-ogg: 62fdf1f143b41e24485cea50d1cbac27 -> 
  custom:video-decoder-webm-vp8: 9c59270c3fd7afecdb556c50c9e8de78 -> 
  custom:audio-decoder-ogg-vorbis: bf7c407c2cedff20999df2af8eb42d56 -> 
========================================================================
Received Prepare
Registering precompiled user dll's ...
Registered in 0.003538 seconds.
Begin MonoManager ReloadAssembly
Symbol file LoadedFromMemory doesn't match image C:\PetProjects\AzurTestTaskTA\Library\PackageCache\com.unity.visualscripting@1.8.0\Editor\VisualScripting.Core\Dependencies\YamlDotNet\Unity.VisualScripting.YamlDotNet.dll
Symbol file LoadedFromMemory doesn't match image C:\PetProjects\AzurTestTaskTA\Library\PackageCache\com.unity.visualscripting@1.8.0\Editor\VisualScripting.Core\Dependencies\DotNetZip\Unity.VisualScripting.IonicZip.dll
Native extension for WindowsStandalone target not found
Native extension for iOS target not found
Native extension for Android target not found
Native extension for WebGL target not found
Refreshing native plugins compatible for Editor in 1.23 ms, found 3 plugins.
Preloading 0 native plugins for Editor in 0.00 ms.
Mono: successfully reloaded assembly
- Completed reload, in  1.248 seconds
Domain Reload Profiling:
	ReloadAssembly (1250ms)
		BeginReloadAssembly (256ms)
			ExecutionOrderSort (0ms)
			DisableScriptedObjects (12ms)
			BackupInstance (0ms)
			ReleaseScriptingObjects (0ms)
			CreateAndSetChildDomain (88ms)
		EndReloadAssembly (897ms)
			LoadAssemblies (111ms)
			RebuildTransferFunctionScriptingTraits (0ms)
			SetupTypeCache (315ms)
			ReleaseScriptCaches (2ms)
			RebuildScriptCaches (60ms)
			SetupLoadedEditorAssemblies (376ms)
				LogAssemblyErrors (0ms)
				InitializePlatformSupportModulesInManaged (47ms)
				SetLoadedEditorAssemblies (1ms)
				RefreshPlugins (1ms)
				BeforeProcessingInitializeOnLoad (72ms)
				ProcessInitializeOnLoadAttributes (223ms)
				ProcessInitializeOnLoadMethodAttributes (24ms)
				AfterProcessingInitializeOnLoad (7ms)
				EditorAssembliesLoaded (0ms)
			ExecutionOrderSort2 (0ms)
			AwakeInstancesAfterBackupRestoration (9ms)
Platform modules already initialized, skipping
Refreshing native plugins compatible for Editor in 2.60 ms, found 3 plugins.
Preloading 0 native plugins for Editor in 0.00 ms.
Unloading 3096 Unused Serialized files (Serialized files now loaded: 0)
Unloading 27 unused Assets / (0.6 MB). Loaded Objects now: 3746.
Memory consumption went from 128.9 MB to 128.2 MB.
Total: 5.710100 ms (FindLiveObjects: 0.639800 ms CreateObjectMapping: 0.412700 ms MarkObjects: 4.153400 ms  DeleteObjects: 0.502300 ms)

AssetImportParameters requested are different than current active one (requested -> active):
  custom:video-decoder-ogg-theora: a1e56fd34408186e4bbccfd4996cb3dc -> 
  custom:container-muxer-webm: aa71ff27fc2769a1b78a27578f13a17b -> 
  custom:container-demuxer-webm: 4f35f7cbe854078d1ac9338744f61a02 -> 
  custom:video-encoder-webm-vp8: eb34c28f22e8b96e1ab97ce403110664 -> 
  custom:audio-encoder-webm-vorbis: bf7c407c2cedff20999df2af8eb42d56 -> 
  custom:framework-win-MediaFoundation: 216162199b28c13a410421893ffa2e32 -> 
  custom:SearchIndexIgnoredProperties: e643bd26f0fe6173181afceb89e7c659 -> 
  custom:container-demuxer-ogg: 62fdf1f143b41e24485cea50d1cbac27 -> 
  custom:video-decoder-webm-vp8: 9c59270c3fd7afecdb556c50c9e8de78 -> 
  custom:audio-decoder-ogg-vorbis: bf7c407c2cedff20999df2af8eb42d56 -> 
========================================================================
Received Prepare
Registering precompiled user dll's ...
Registered in 0.003437 seconds.
Begin MonoManager ReloadAssembly
Symbol file LoadedFromMemory doesn't match image C:\PetProjects\AzurTestTaskTA\Library\PackageCache\com.unity.visualscripting@1.8.0\Editor\VisualScripting.Core\Dependencies\YamlDotNet\Unity.VisualScripting.YamlDotNet.dll
Symbol file LoadedFromMemory doesn't match image C:\PetProjects\AzurTestTaskTA\Library\PackageCache\com.unity.visualscripting@1.8.0\Editor\VisualScripting.Core\Dependencies\DotNetZip\Unity.VisualScripting.IonicZip.dll
Native extension for WindowsStandalone target not found
Native extension for iOS target not found
Native extension for Android target not found
Native extension for WebGL target not found
Refreshing native plugins compatible for Editor in 0.61 ms, found 3 plugins.
Preloading 0 native plugins for Editor in 0.00 ms.
Mono: successfully reloaded assembly
- Completed reload, in  0.935 seconds
Domain Reload Profiling:
	ReloadAssembly (936ms)
		BeginReloadAssembly (136ms)
			ExecutionOrderSort (0ms)
			DisableScriptedObjects (5ms)
			BackupInstance (0ms)
			ReleaseScriptingObjects (0ms)
			CreateAndSetChildDomain (36ms)
		EndReloadAssembly (715ms)
			LoadAssemblies (81ms)
			RebuildTransferFunctionScriptingTraits (0ms)
			SetupTypeCache (227ms)
			ReleaseScriptCaches (1ms)
			RebuildScriptCaches (35ms)
			SetupLoadedEditorAssemblies (333ms)
				LogAssemblyErrors (0ms)
				InitializePlatformSupportModulesInManaged (32ms)
				SetLoadedEditorAssemblies (0ms)
				RefreshPlugins (1ms)
				BeforeProcessingInitializeOnLoad (61ms)
				ProcessInitializeOnLoadAttributes (205ms)
				ProcessInitializeOnLoadMethodAttributes (27ms)
				AfterProcessingInitializeOnLoad (8ms)
				EditorAssembliesLoaded (0ms)
			ExecutionOrderSort2 (0ms)
			AwakeInstancesAfterBackupRestoration (7ms)
Platform modules already initialized, skipping
Refreshing native plugins compatible for Editor in 1.70 ms, found 3 plugins.
Preloading 0 native plugins for Editor in 0.00 ms.
Unloading 3096 Unused Serialized files (Serialized files now loaded: 0)
Unloading 27 unused Assets / (0.6 MB). Loaded Objects now: 3749.
Memory consumption went from 128.9 MB to 128.2 MB.
Total: 4.434000 ms (FindLiveObjects: 0.322300 ms CreateObjectMapping: 0.164100 ms MarkObjects: 3.281700 ms  DeleteObjects: 0.663900 ms)

AssetImportParameters requested are different than current active one (requested -> active):
  custom:video-decoder-ogg-theora: a1e56fd34408186e4bbccfd4996cb3dc -> 
  custom:container-muxer-webm: aa71ff27fc2769a1b78a27578f13a17b -> 
  custom:container-demuxer-webm: 4f35f7cbe854078d1ac9338744f61a02 -> 
  custom:video-encoder-webm-vp8: eb34c28f22e8b96e1ab97ce403110664 -> 
  custom:audio-encoder-webm-vorbis: bf7c407c2cedff20999df2af8eb42d56 -> 
  custom:framework-win-MediaFoundation: 216162199b28c13a410421893ffa2e32 -> 
  custom:SearchIndexIgnoredProperties: e643bd26f0fe6173181afceb89e7c659 -> 
  custom:container-demuxer-ogg: 62fdf1f143b41e24485cea50d1cbac27 -> 
  custom:video-decoder-webm-vp8: 9c59270c3fd7afecdb556c50c9e8de78 -> 
  custom:audio-decoder-ogg-vorbis: bf7c407c2cedff20999df2af8eb42d56 -> 
========================================================================
Received Prepare
Registering precompiled user dll's ...
Registered in 0.005020 seconds.
Begin MonoManager ReloadAssembly
Symbol file LoadedFromMemory doesn't match image C:\PetProjects\AzurTestTaskTA\Library\PackageCache\com.unity.visualscripting@1.8.0\Editor\VisualScripting.Core\Dependencies\YamlDotNet\Unity.VisualScripting.YamlDotNet.dll
Symbol file LoadedFromMemory doesn't match image C:\PetProjects\AzurTestTaskTA\Library\PackageCache\com.unity.visualscripting@1.8.0\Editor\VisualScripting.Core\Dependencies\DotNetZip\Unity.VisualScripting.IonicZip.dll
Native extension for WindowsStandalone target not found
Native extension for iOS target not found
Native extension for Android target not found
Native extension for WebGL target not found
Refreshing native plugins compatible for Editor in 0.60 ms, found 3 plugins.
Preloading 0 native plugins for Editor in 0.00 ms.
Mono: successfully reloaded assembly
- Completed reload, in  0.964 seconds
Domain Reload Profiling:
	ReloadAssembly (965ms)
		BeginReloadAssembly (141ms)
			ExecutionOrderSort (0ms)
			DisableScriptedObjects (7ms)
			BackupInstance (0ms)
			ReleaseScriptingObjects (0ms)
			CreateAndSetChildDomain (34ms)
		EndReloadAssembly (735ms)
			LoadAssemblies (92ms)
			RebuildTransferFunctionScriptingTraits (0ms)
			SetupTypeCache (239ms)
			ReleaseScriptCaches (2ms)
			RebuildScriptCaches (35ms)
			SetupLoadedEditorAssemblies (335ms)
				LogAssemblyErrors (0ms)
				InitializePlatformSupportModulesInManaged (33ms)
				SetLoadedEditorAssemblies (0ms)
				RefreshPlugins (1ms)
				BeforeProcessingInitializeOnLoad (61ms)
				ProcessInitializeOnLoadAttributes (211ms)
				ProcessInitializeOnLoadMethodAttributes (21ms)
				AfterProcessingInitializeOnLoad (9ms)
				EditorAssembliesLoaded (0ms)
			ExecutionOrderSort2 (0ms)
			AwakeInstancesAfterBackupRestoration (7ms)
Platform modules already initialized, skipping
Refreshing native plugins compatible for Editor in 1.90 ms, found 3 plugins.
Preloading 0 native plugins for Editor in 0.00 ms.
Unloading 3096 Unused Serialized files (Serialized files now loaded: 0)
Unloading 27 unused Assets / (0.6 MB). Loaded Objects now: 3752.
Memory consumption went from 128.9 MB to 128.2 MB.
Total: 4.811400 ms (FindLiveObjects: 0.702500 ms CreateObjectMapping: 0.276100 ms MarkObjects: 3.248400 ms  DeleteObjects: 0.582500 ms)

AssetImportParameters requested are different than current active one (requested -> active):
  custom:video-decoder-ogg-theora: a1e56fd34408186e4bbccfd4996cb3dc -> 
  custom:container-muxer-webm: aa71ff27fc2769a1b78a27578f13a17b -> 
  custom:container-demuxer-webm: 4f35f7cbe854078d1ac9338744f61a02 -> 
  custom:video-encoder-webm-vp8: eb34c28f22e8b96e1ab97ce403110664 -> 
  custom:audio-encoder-webm-vorbis: bf7c407c2cedff20999df2af8eb42d56 -> 
  custom:framework-win-MediaFoundation: 216162199b28c13a410421893ffa2e32 -> 
  custom:SearchIndexIgnoredProperties: e643bd26f0fe6173181afceb89e7c659 -> 
  custom:container-demuxer-ogg: 62fdf1f143b41e24485cea50d1cbac27 -> 
  custom:video-decoder-webm-vp8: 9c59270c3fd7afecdb556c50c9e8de78 -> 
  custom:audio-decoder-ogg-vorbis: bf7c407c2cedff20999df2af8eb42d56 -> 
========================================================================
Received Prepare
Registering precompiled user dll's ...
Registered in 0.003377 seconds.
Begin MonoManager ReloadAssembly
Symbol file LoadedFromMemory doesn't match image C:\PetProjects\AzurTestTaskTA\Library\PackageCache\com.unity.visualscripting@1.8.0\Editor\VisualScripting.Core\Dependencies\YamlDotNet\Unity.VisualScripting.YamlDotNet.dll
Symbol file LoadedFromMemory doesn't match image C:\PetProjects\AzurTestTaskTA\Library\PackageCache\com.unity.visualscripting@1.8.0\Editor\VisualScripting.Core\Dependencies\DotNetZip\Unity.VisualScripting.IonicZip.dll
Native extension for WindowsStandalone target not found
Native extension for iOS target not found
Native extension for Android target not found
Native extension for WebGL target not found
Refreshing native plugins compatible for Editor in 0.58 ms, found 3 plugins.
Preloading 0 native plugins for Editor in 0.00 ms.
Mono: successfully reloaded assembly
- Completed reload, in  0.928 seconds
Domain Reload Profiling:
	ReloadAssembly (929ms)
		BeginReloadAssembly (135ms)
			ExecutionOrderSort (0ms)
			DisableScriptedObjects (5ms)
			BackupInstance (0ms)
			ReleaseScriptingObjects (0ms)
			CreateAndSetChildDomain (38ms)
		EndReloadAssembly (712ms)
			LoadAssemblies (83ms)
			RebuildTransferFunctionScriptingTraits (0ms)
			SetupTypeCache (222ms)
			ReleaseScriptCaches (1ms)
			RebuildScriptCaches (40ms)
			SetupLoadedEditorAssemblies (333ms)
				LogAssemblyErrors (0ms)
				InitializePlatformSupportModulesInManaged (33ms)
				SetLoadedEditorAssemblies (0ms)
				RefreshPlugins (1ms)
				BeforeProcessingInitializeOnLoad (57ms)
				ProcessInitializeOnLoadAttributes (209ms)
				ProcessInitializeOnLoadMethodAttributes (25ms)
				AfterProcessingInitializeOnLoad (7ms)
				EditorAssembliesLoaded (0ms)
			ExecutionOrderSort2 (0ms)
			AwakeInstancesAfterBackupRestoration (6ms)
Platform modules already initialized, skipping
Refreshing native plugins compatible for Editor in 1.85 ms, found 3 plugins.
Preloading 0 native plugins for Editor in 0.00 ms.
Unloading 3096 Unused Serialized files (Serialized files now loaded: 0)
Unloading 27 unused Assets / (0.6 MB). Loaded Objects now: 3755.
Memory consumption went from 128.9 MB to 128.2 MB.
Total: 4.574300 ms (FindLiveObjects: 0.297800 ms CreateObjectMapping: 0.131400 ms MarkObjects: 3.633900 ms  DeleteObjects: 0.509400 ms)

AssetImportParameters requested are different than current active one (requested -> active):
  custom:video-decoder-ogg-theora: a1e56fd34408186e4bbccfd4996cb3dc -> 
  custom:container-muxer-webm: aa71ff27fc2769a1b78a27578f13a17b -> 
  custom:container-demuxer-webm: 4f35f7cbe854078d1ac9338744f61a02 -> 
  custom:video-encoder-webm-vp8: eb34c28f22e8b96e1ab97ce403110664 -> 
  custom:audio-encoder-webm-vorbis: bf7c407c2cedff20999df2af8eb42d56 -> 
  custom:framework-win-MediaFoundation: 216162199b28c13a410421893ffa2e32 -> 
  custom:SearchIndexIgnoredProperties: e643bd26f0fe6173181afceb89e7c659 -> 
  custom:container-demuxer-ogg: 62fdf1f143b41e24485cea50d1cbac27 -> 
  custom:video-decoder-webm-vp8: 9c59270c3fd7afecdb556c50c9e8de78 -> 
  custom:audio-decoder-ogg-vorbis: bf7c407c2cedff20999df2af8eb42d56 -> 
========================================================================
Received Prepare
Registering precompiled user dll's ...
Registered in 0.004613 seconds.
Begin MonoManager ReloadAssembly
Symbol file LoadedFromMemory doesn't match image C:\PetProjects\AzurTestTaskTA\Library\PackageCache\com.unity.visualscripting@1.8.0\Editor\VisualScripting.Core\Dependencies\YamlDotNet\Unity.VisualScripting.YamlDotNet.dll
Symbol file LoadedFromMemory doesn't match image C:\PetProjects\AzurTestTaskTA\Library\PackageCache\com.unity.visualscripting@1.8.0\Editor\VisualScripting.Core\Dependencies\DotNetZip\Unity.VisualScripting.IonicZip.dll
Native extension for WindowsStandalone target not found
Native extension for iOS target not found
Native extension for Android target not found
Native extension for WebGL target not found
Refreshing native plugins compatible for Editor in 1.00 ms, found 3 plugins.
Preloading 0 native plugins for Editor in 0.00 ms.
Mono: successfully reloaded assembly
- Completed reload, in  0.941 seconds
Domain Reload Profiling:
	ReloadAssembly (942ms)
		BeginReloadAssembly (138ms)
			ExecutionOrderSort (0ms)
			DisableScriptedObjects (5ms)
			BackupInstance (0ms)
			ReleaseScriptingObjects (0ms)
			CreateAndSetChildDomain (41ms)
		EndReloadAssembly (722ms)
			LoadAssemblies (80ms)
			RebuildTransferFunctionScriptingTraits (0ms)
			SetupTypeCache (223ms)
			ReleaseScriptCaches (1ms)
			RebuildScriptCaches (33ms)
			SetupLoadedEditorAssemblies (350ms)
				LogAssemblyErrors (0ms)
				InitializePlatformSupportModulesInManaged (31ms)
				SetLoadedEditorAssemblies (1ms)
				RefreshPlugins (1ms)
				BeforeProcessingInitializeOnLoad (65ms)
				ProcessInitializeOnLoadAttributes (219ms)
				ProcessInitializeOnLoadMethodAttributes (24ms)
				AfterProcessingInitializeOnLoad (9ms)
				EditorAssembliesLoaded (0ms)
			ExecutionOrderSort2 (0ms)
			AwakeInstancesAfterBackupRestoration (7ms)
Platform modules already initialized, skipping
Refreshing native plugins compatible for Editor in 2.75 ms, found 3 plugins.
Preloading 0 native plugins for Editor in 0.00 ms.
Unloading 3096 Unused Serialized files (Serialized files now loaded: 0)
Unloading 27 unused Assets / (0.6 MB). Loaded Objects now: 3758.
Memory consumption went from 128.9 MB to 128.3 MB.
Total: 4.588000 ms (FindLiveObjects: 0.394700 ms CreateObjectMapping: 0.204600 ms MarkObjects: 3.544000 ms  DeleteObjects: 0.442700 ms)

AssetImportParameters requested are different than current active one (requested -> active):
  custom:video-decoder-ogg-theora: a1e56fd34408186e4bbccfd4996cb3dc -> 
  custom:container-muxer-webm: aa71ff27fc2769a1b78a27578f13a17b -> 
  custom:container-demuxer-webm: 4f35f7cbe854078d1ac9338744f61a02 -> 
  custom:video-encoder-webm-vp8: eb34c28f22e8b96e1ab97ce403110664 -> 
  custom:audio-encoder-webm-vorbis: bf7c407c2cedff20999df2af8eb42d56 -> 
  custom:framework-win-MediaFoundation: 216162199b28c13a410421893ffa2e32 -> 
  custom:SearchIndexIgnoredProperties: e643bd26f0fe6173181afceb89e7c659 -> 
  custom:container-demuxer-ogg: 62fdf1f143b41e24485cea50d1cbac27 -> 
  custom:video-decoder-webm-vp8: 9c59270c3fd7afecdb556c50c9e8de78 -> 
  custom:audio-decoder-ogg-vorbis: bf7c407c2cedff20999df2af8eb42d56 -> 
========================================================================
Received Prepare
Registering precompiled user dll's ...
Registered in 0.004036 seconds.
Begin MonoManager ReloadAssembly
Symbol file LoadedFromMemory doesn't match image C:\PetProjects\AzurTestTaskTA\Library\PackageCache\com.unity.visualscripting@1.8.0\Editor\VisualScripting.Core\Dependencies\YamlDotNet\Unity.VisualScripting.YamlDotNet.dll
Symbol file LoadedFromMemory doesn't match image C:\PetProjects\AzurTestTaskTA\Library\PackageCache\com.unity.visualscripting@1.8.0\Editor\VisualScripting.Core\Dependencies\DotNetZip\Unity.VisualScripting.IonicZip.dll
Native extension for WindowsStandalone target not found
Native extension for iOS target not found
Native extension for Android target not found
Native extension for WebGL target not found
Refreshing native plugins compatible for Editor in 0.59 ms, found 3 plugins.
Preloading 0 native plugins for Editor in 0.00 ms.
Mono: successfully reloaded assembly
- Completed reload, in  0.944 seconds
Domain Reload Profiling:
	ReloadAssembly (944ms)
		BeginReloadAssembly (139ms)
			ExecutionOrderSort (0ms)
			DisableScriptedObjects (5ms)
			BackupInstance (0ms)
			ReleaseScriptingObjects (0ms)
			CreateAndSetChildDomain (39ms)
		EndReloadAssembly (721ms)
			LoadAssemblies (84ms)
			RebuildTransferFunctionScriptingTraits (0ms)
			SetupTypeCache (211ms)
			ReleaseScriptCaches (1ms)
			RebuildScriptCaches (35ms)
			SetupLoadedEditorAssemblies (342ms)
				LogAssemblyErrors (0ms)
				InitializePlatformSupportModulesInManaged (30ms)
				SetLoadedEditorAssemblies (0ms)
				RefreshPlugins (1ms)
				BeforeProcessingInitializeOnLoad (60ms)
				ProcessInitializeOnLoadAttributes (218ms)
				ProcessInitializeOnLoadMethodAttributes (25ms)
				AfterProcessingInitializeOnLoad (7ms)
				EditorAssembliesLoaded (0ms)
			ExecutionOrderSort2 (0ms)
			AwakeInstancesAfterBackupRestoration (7ms)
Platform modules already initialized, skipping
Refreshing native plugins compatible for Editor in 2.15 ms, found 3 plugins.
Preloading 0 native plugins for Editor in 0.00 ms.
Unloading 3096 Unused Serialized files (Serialized files now loaded: 0)
Unloading 27 unused Assets / (0.6 MB). Loaded Objects now: 3761.
Memory consumption went from 128.9 MB to 128.3 MB.
Total: 4.829300 ms (FindLiveObjects: 0.263100 ms CreateObjectMapping: 0.096800 ms MarkObjects: 3.773100 ms  DeleteObjects: 0.694900 ms)

AssetImportParameters requested are different than current active one (requested -> active):
  custom:video-decoder-ogg-theora: a1e56fd34408186e4bbccfd4996cb3dc -> 
  custom:container-muxer-webm: aa71ff27fc2769a1b78a27578f13a17b -> 
  custom:container-demuxer-webm: 4f35f7cbe854078d1ac9338744f61a02 -> 
  custom:video-encoder-webm-vp8: eb34c28f22e8b96e1ab97ce403110664 -> 
  custom:audio-encoder-webm-vorbis: bf7c407c2cedff20999df2af8eb42d56 -> 
  custom:framework-win-MediaFoundation: 216162199b28c13a410421893ffa2e32 -> 
  custom:SearchIndexIgnoredProperties: e643bd26f0fe6173181afceb89e7c659 -> 
  custom:container-demuxer-ogg: 62fdf1f143b41e24485cea50d1cbac27 -> 
  custom:video-decoder-webm-vp8: 9c59270c3fd7afecdb556c50c9e8de78 -> 
  custom:audio-decoder-ogg-vorbis: bf7c407c2cedff20999df2af8eb42d56 -> 
========================================================================
Received Prepare
Registering precompiled user dll's ...
Registered in 0.003625 seconds.
Begin MonoManager ReloadAssembly
Symbol file LoadedFromMemory doesn't match image C:\PetProjects\AzurTestTaskTA\Library\PackageCache\com.unity.visualscripting@1.8.0\Editor\VisualScripting.Core\Dependencies\YamlDotNet\Unity.VisualScripting.YamlDotNet.dll
Symbol file LoadedFromMemory doesn't match image C:\PetProjects\AzurTestTaskTA\Library\PackageCache\com.unity.visualscripting@1.8.0\Editor\VisualScripting.Core\Dependencies\DotNetZip\Unity.VisualScripting.IonicZip.dll
Native extension for WindowsStandalone target not found
Native extension for iOS target not found
Native extension for Android target not found
Native extension for WebGL target not found
Refreshing native plugins compatible for Editor in 0.59 ms, found 3 plugins.
Preloading 0 native plugins for Editor in 0.00 ms.
Mono: successfully reloaded assembly
- Completed reload, in  0.936 seconds
Domain Reload Profiling:
	ReloadAssembly (937ms)
		BeginReloadAssembly (138ms)
			ExecutionOrderSort (0ms)
			DisableScriptedObjects (5ms)
			BackupInstance (0ms)
			ReleaseScriptingObjects (0ms)
			CreateAndSetChildDomain (35ms)
		EndReloadAssembly (716ms)
			LoadAssemblies (87ms)
			RebuildTransferFunctionScriptingTraits (0ms)
			SetupTypeCache (223ms)
			ReleaseScriptCaches (1ms)
			RebuildScriptCaches (36ms)
			SetupLoadedEditorAssemblies (336ms)
				LogAssemblyErrors (0ms)
				InitializePlatformSupportModulesInManaged (31ms)
				SetLoadedEditorAssemblies (0ms)
				RefreshPlugins (1ms)
				BeforeProcessingInitializeOnLoad (58ms)
				ProcessInitializeOnLoadAttributes (216ms)
				ProcessInitializeOnLoadMethodAttributes (23ms)
				AfterProcessingInitializeOnLoad (7ms)
				EditorAssembliesLoaded (0ms)
			ExecutionOrderSort2 (0ms)
			AwakeInstancesAfterBackupRestoration (8ms)
Platform modules already initialized, skipping
Refreshing native plugins compatible for Editor in 2.99 ms, found 3 plugins.
Preloading 0 native plugins for Editor in 0.00 ms.
Unloading 3096 Unused Serialized files (Serialized files now loaded: 0)
Unloading 27 unused Assets / (0.6 MB). Loaded Objects now: 3764.
Memory consumption went from 128.9 MB to 128.3 MB.
Total: 5.470100 ms (FindLiveObjects: 0.502100 ms CreateObjectMapping: 0.153900 ms MarkObjects: 4.321100 ms  DeleteObjects: 0.491500 ms)

AssetImportParameters requested are different than current active one (requested -> active):
  custom:video-decoder-ogg-theora: a1e56fd34408186e4bbccfd4996cb3dc -> 
  custom:container-muxer-webm: aa71ff27fc2769a1b78a27578f13a17b -> 
  custom:container-demuxer-webm: 4f35f7cbe854078d1ac9338744f61a02 -> 
  custom:video-encoder-webm-vp8: eb34c28f22e8b96e1ab97ce403110664 -> 
  custom:audio-encoder-webm-vorbis: bf7c407c2cedff20999df2af8eb42d56 -> 
  custom:framework-win-MediaFoundation: 216162199b28c13a410421893ffa2e32 -> 
  custom:SearchIndexIgnoredProperties: e643bd26f0fe6173181afceb89e7c659 -> 
  custom:container-demuxer-ogg: 62fdf1f143b41e24485cea50d1cbac27 -> 
  custom:video-decoder-webm-vp8: 9c59270c3fd7afecdb556c50c9e8de78 -> 
  custom:audio-decoder-ogg-vorbis: bf7c407c2cedff20999df2af8eb42d56 -> 
========================================================================
Received Prepare
Registering precompiled user dll's ...
Registered in 0.004811 seconds.
Begin MonoManager ReloadAssembly
Symbol file LoadedFromMemory doesn't match image C:\PetProjects\AzurTestTaskTA\Library\PackageCache\com.unity.visualscripting@1.8.0\Editor\VisualScripting.Core\Dependencies\YamlDotNet\Unity.VisualScripting.YamlDotNet.dll
Symbol file LoadedFromMemory doesn't match image C:\PetProjects\AzurTestTaskTA\Library\PackageCache\com.unity.visualscripting@1.8.0\Editor\VisualScripting.Core\Dependencies\DotNetZip\Unity.VisualScripting.IonicZip.dll
Native extension for WindowsStandalone target not found
Native extension for iOS target not found
Native extension for Android target not found
Native extension for WebGL target not found
Refreshing native plugins compatible for Editor in 0.57 ms, found 3 plugins.
Preloading 0 native plugins for Editor in 0.00 ms.
Mono: successfully reloaded assembly
- Completed reload, in  1.024 seconds
Domain Reload Profiling:
	ReloadAssembly (1025ms)
		BeginReloadAssembly (161ms)
			ExecutionOrderSort (0ms)
			DisableScriptedObjects (5ms)
			BackupInstance (0ms)
			ReleaseScriptingObjects (0ms)
			CreateAndSetChildDomain (38ms)
		EndReloadAssembly (772ms)
			LoadAssemblies (132ms)
			RebuildTransferFunctionScriptingTraits (0ms)
			SetupTypeCache (223ms)
			ReleaseScriptCaches (1ms)
			RebuildScriptCaches (33ms)
			SetupLoadedEditorAssemblies (368ms)
				LogAssemblyErrors (0ms)
				InitializePlatformSupportModulesInManaged (38ms)
				SetLoadedEditorAssemblies (0ms)
				RefreshPlugins (1ms)
				BeforeProcessingInitializeOnLoad (72ms)
				ProcessInitializeOnLoadAttributes (221ms)
				ProcessInitializeOnLoadMethodAttributes (27ms)
				AfterProcessingInitializeOnLoad (9ms)
				EditorAssembliesLoaded (0ms)
			ExecutionOrderSort2 (0ms)
			AwakeInstancesAfterBackupRestoration (9ms)
Platform modules already initialized, skipping
Refreshing native plugins compatible for Editor in 2.19 ms, found 3 plugins.
Preloading 0 native plugins for Editor in 0.00 ms.
Unloading 3096 Unused Serialized files (Serialized files now loaded: 0)
Unloading 27 unused Assets / (0.6 MB). Loaded Objects now: 3767.
Memory consumption went from 128.9 MB to 128.3 MB.
Total: 4.243500 ms (FindLiveObjects: 0.464800 ms CreateObjectMapping: 0.155300 ms MarkObjects: 3.158800 ms  DeleteObjects: 0.462600 ms)

AssetImportParameters requested are different than current active one (requested -> active):
  custom:video-decoder-ogg-theora: a1e56fd34408186e4bbccfd4996cb3dc -> 
  custom:container-muxer-webm: aa71ff27fc2769a1b78a27578f13a17b -> 
  custom:container-demuxer-webm: 4f35f7cbe854078d1ac9338744f61a02 -> 
  custom:video-encoder-webm-vp8: eb34c28f22e8b96e1ab97ce403110664 -> 
  custom:audio-encoder-webm-vorbis: bf7c407c2cedff20999df2af8eb42d56 -> 
  custom:framework-win-MediaFoundation: 216162199b28c13a410421893ffa2e32 -> 
  custom:SearchIndexIgnoredProperties: e643bd26f0fe6173181afceb89e7c659 -> 
  custom:container-demuxer-ogg: 62fdf1f143b41e24485cea50d1cbac27 -> 
  custom:video-decoder-webm-vp8: 9c59270c3fd7afecdb556c50c9e8de78 -> 
  custom:audio-decoder-ogg-vorbis: bf7c407c2cedff20999df2af8eb42d56 -> 
========================================================================
Received Prepare
Registering precompiled user dll's ...
Registered in 0.003405 seconds.
Begin MonoManager ReloadAssembly
Symbol file LoadedFromMemory doesn't match image C:\PetProjects\AzurTestTaskTA\Library\PackageCache\com.unity.visualscripting@1.8.0\Editor\VisualScripting.Core\Dependencies\YamlDotNet\Unity.VisualScripting.YamlDotNet.dll
Symbol file LoadedFromMemory doesn't match image C:\PetProjects\AzurTestTaskTA\Library\PackageCache\com.unity.visualscripting@1.8.0\Editor\VisualScripting.Core\Dependencies\DotNetZip\Unity.VisualScripting.IonicZip.dll
Native extension for WindowsStandalone target not found
Native extension for iOS target not found
Native extension for Android target not found
Native extension for WebGL target not found
Refreshing native plugins compatible for Editor in 0.62 ms, found 3 plugins.
Preloading 0 native plugins for Editor in 0.00 ms.
Mono: successfully reloaded assembly
- Completed reload, in  0.945 seconds
Domain Reload Profiling:
	ReloadAssembly (945ms)
		BeginReloadAssembly (136ms)
			ExecutionOrderSort (0ms)
			DisableScriptedObjects (5ms)
			BackupInstance (0ms)
			ReleaseScriptingObjects (0ms)
			CreateAndSetChildDomain (34ms)
		EndReloadAssembly (723ms)
			LoadAssemblies (84ms)
			RebuildTransferFunctionScriptingTraits (0ms)
			SetupTypeCache (234ms)
			ReleaseScriptCaches (2ms)
			RebuildScriptCaches (39ms)
			SetupLoadedEditorAssemblies (330ms)
				LogAssemblyErrors (0ms)
				InitializePlatformSupportModulesInManaged (36ms)
				SetLoadedEditorAssemblies (0ms)
				RefreshPlugins (1ms)
				BeforeProcessingInitializeOnLoad (53ms)
				ProcessInitializeOnLoadAttributes (211ms)
				ProcessInitializeOnLoadMethodAttributes (23ms)
				AfterProcessingInitializeOnLoad (6ms)
				EditorAssembliesLoaded (0ms)
			ExecutionOrderSort2 (0ms)
			AwakeInstancesAfterBackupRestoration (7ms)
Platform modules already initialized, skipping
Refreshing native plugins compatible for Editor in 1.57 ms, found 3 plugins.
Preloading 0 native plugins for Editor in 0.00 ms.
Unloading 3096 Unused Serialized files (Serialized files now loaded: 0)
Unloading 27 unused Assets / (0.6 MB). Loaded Objects now: 3770.
Memory consumption went from 128.9 MB to 128.3 MB.
Total: 3.232200 ms (FindLiveObjects: 0.254900 ms CreateObjectMapping: 0.103200 ms MarkObjects: 2.544700 ms  DeleteObjects: 0.328200 ms)

AssetImportParameters requested are different than current active one (requested -> active):
  custom:video-decoder-ogg-theora: a1e56fd34408186e4bbccfd4996cb3dc -> 
  custom:container-muxer-webm: aa71ff27fc2769a1b78a27578f13a17b -> 
  custom:container-demuxer-webm: 4f35f7cbe854078d1ac9338744f61a02 -> 
  custom:video-encoder-webm-vp8: eb34c28f22e8b96e1ab97ce403110664 -> 
  custom:audio-encoder-webm-vorbis: bf7c407c2cedff20999df2af8eb42d56 -> 
  custom:framework-win-MediaFoundation: 216162199b28c13a410421893ffa2e32 -> 
  custom:SearchIndexIgnoredProperties: e643bd26f0fe6173181afceb89e7c659 -> 
  custom:container-demuxer-ogg: 62fdf1f143b41e24485cea50d1cbac27 -> 
  custom:video-decoder-webm-vp8: 9c59270c3fd7afecdb556c50c9e8de78 -> 
  custom:audio-decoder-ogg-vorbis: bf7c407c2cedff20999df2af8eb42d56 -> 
========================================================================
Received Import Request.
  Time since last request: 15573.964989 seconds.
  path: Assets/AzurTestTask/Scripts/CloudFloating.cs
  artifactKey: Guid(d520345e468688f4f81ae3f6526add18) Importer(815301076,1909f56bfc062723c751e8b465ee728b)
Start importing Assets/AzurTestTask/Scripts/CloudFloating.cs using Guid(d520345e468688f4f81ae3f6526add18) Importer(815301076,1909f56bfc062723c751e8b465ee728b)  -> (artifact id: 'e3e573d22596071ac6d92f24177a5efe') in 0.013832 seconds 
========================================================================
Received Prepare
Registering precompiled user dll's ...
Registered in 0.003351 seconds.
Begin MonoManager ReloadAssembly
Symbol file LoadedFromMemory doesn't match image C:\PetProjects\AzurTestTaskTA\Library\PackageCache\com.unity.visualscripting@1.8.0\Editor\VisualScripting.Core\Dependencies\YamlDotNet\Unity.VisualScripting.YamlDotNet.dll
Symbol file LoadedFromMemory doesn't match image C:\PetProjects\AzurTestTaskTA\Library\PackageCache\com.unity.visualscripting@1.8.0\Editor\VisualScripting.Core\Dependencies\DotNetZip\Unity.VisualScripting.IonicZip.dll
Native extension for WindowsStandalone target not found
Native extension for iOS target not found
Native extension for Android target not found
Native extension for WebGL target not found
Refreshing native plugins compatible for Editor in 0.63 ms, found 3 plugins.
Preloading 0 native plugins for Editor in 0.00 ms.
Mono: successfully reloaded assembly
- Completed reload, in  0.925 seconds
Domain Reload Profiling:
	ReloadAssembly (926ms)
		BeginReloadAssembly (144ms)
			ExecutionOrderSort (0ms)
			DisableScriptedObjects (5ms)
			BackupInstance (0ms)
			ReleaseScriptingObjects (0ms)
			CreateAndSetChildDomain (35ms)
		EndReloadAssembly (699ms)
			LoadAssemblies (88ms)
			RebuildTransferFunctionScriptingTraits (0ms)
			SetupTypeCache (228ms)
			ReleaseScriptCaches (1ms)
			RebuildScriptCaches (33ms)
			SetupLoadedEditorAssemblies (316ms)
				LogAssemblyErrors (0ms)
				InitializePlatformSupportModulesInManaged (33ms)
				SetLoadedEditorAssemblies (0ms)
				RefreshPlugins (1ms)
				BeforeProcessingInitializeOnLoad (56ms)
				ProcessInitializeOnLoadAttributes (191ms)
				ProcessInitializeOnLoadMethodAttributes (27ms)
				AfterProcessingInitializeOnLoad (8ms)
				EditorAssembliesLoaded (0ms)
			ExecutionOrderSort2 (0ms)
			AwakeInstancesAfterBackupRestoration (8ms)
Platform modules already initialized, skipping
Refreshing native plugins compatible for Editor in 2.01 ms, found 3 plugins.
Preloading 0 native plugins for Editor in 0.00 ms.
Unloading 3096 Unused Serialized files (Serialized files now loaded: 0)
Unloading 27 unused Assets / (0.6 MB). Loaded Objects now: 3773.
Memory consumption went from 128.9 MB to 128.3 MB.
Total: 4.134900 ms (FindLiveObjects: 0.331400 ms CreateObjectMapping: 0.136900 ms MarkObjects: 3.215800 ms  DeleteObjects: 0.449200 ms)

AssetImportParameters requested are different than current active one (requested -> active):
  custom:video-decoder-ogg-theora: a1e56fd34408186e4bbccfd4996cb3dc -> 
  custom:container-muxer-webm: aa71ff27fc2769a1b78a27578f13a17b -> 
  custom:container-demuxer-webm: 4f35f7cbe854078d1ac9338744f61a02 -> 
  custom:video-encoder-webm-vp8: eb34c28f22e8b96e1ab97ce403110664 -> 
  custom:audio-encoder-webm-vorbis: bf7c407c2cedff20999df2af8eb42d56 -> 
  custom:framework-win-MediaFoundation: 216162199b28c13a410421893ffa2e32 -> 
  custom:SearchIndexIgnoredProperties: e643bd26f0fe6173181afceb89e7c659 -> 
  custom:container-demuxer-ogg: 62fdf1f143b41e24485cea50d1cbac27 -> 
  custom:video-decoder-webm-vp8: 9c59270c3fd7afecdb556c50c9e8de78 -> 
  custom:audio-decoder-ogg-vorbis: bf7c407c2cedff20999df2af8eb42d56 -> 
========================================================================
Received Prepare
Registering precompiled user dll's ...
Registered in 0.003878 seconds.
Begin MonoManager ReloadAssembly
Symbol file LoadedFromMemory doesn't match image C:\PetProjects\AzurTestTaskTA\Library\PackageCache\com.unity.visualscripting@1.8.0\Editor\VisualScripting.Core\Dependencies\YamlDotNet\Unity.VisualScripting.YamlDotNet.dll
Symbol file LoadedFromMemory doesn't match image C:\PetProjects\AzurTestTaskTA\Library\PackageCache\com.unity.visualscripting@1.8.0\Editor\VisualScripting.Core\Dependencies\DotNetZip\Unity.VisualScripting.IonicZip.dll
Native extension for WindowsStandalone target not found
Native extension for iOS target not found
Native extension for Android target not found
Native extension for WebGL target not found
Refreshing native plugins compatible for Editor in 0.58 ms, found 3 plugins.
Preloading 0 native plugins for Editor in 0.00 ms.
Mono: successfully reloaded assembly
- Completed reload, in  0.903 seconds
Domain Reload Profiling:
	ReloadAssembly (904ms)
		BeginReloadAssembly (142ms)
			ExecutionOrderSort (0ms)
			DisableScriptedObjects (5ms)
			BackupInstance (0ms)
			ReleaseScriptingObjects (0ms)
			CreateAndSetChildDomain (36ms)
		EndReloadAssembly (664ms)
			LoadAssemblies (87ms)
			RebuildTransferFunctionScriptingTraits (0ms)
			SetupTypeCache (214ms)
			ReleaseScriptCaches (1ms)
			RebuildScriptCaches (34ms)
			SetupLoadedEditorAssemblies (302ms)
				LogAssemblyErrors (0ms)
				InitializePlatformSupportModulesInManaged (30ms)
				SetLoadedEditorAssemblies (0ms)
				RefreshPlugins (1ms)
				BeforeProcessingInitializeOnLoad (53ms)
				ProcessInitializeOnLoadAttributes (188ms)
				ProcessInitializeOnLoadMethodAttributes (22ms)
				AfterProcessingInitializeOnLoad (7ms)
				EditorAssembliesLoaded (0ms)
			ExecutionOrderSort2 (0ms)
			AwakeInstancesAfterBackupRestoration (6ms)
Platform modules already initialized, skipping
Refreshing native plugins compatible for Editor in 1.86 ms, found 3 plugins.
Preloading 0 native plugins for Editor in 0.00 ms.
Unloading 3097 Unused Serialized files (Serialized files now loaded: 0)
Unloading 27 unused Assets / (0.6 MB). Loaded Objects now: 3777.
Memory consumption went from 129.0 MB to 128.3 MB.
Total: 3.341200 ms (FindLiveObjects: 0.289400 ms CreateObjectMapping: 0.160700 ms MarkObjects: 2.548400 ms  DeleteObjects: 0.341100 ms)

AssetImportParameters requested are different than current active one (requested -> active):
  custom:video-decoder-ogg-theora: a1e56fd34408186e4bbccfd4996cb3dc -> 
  custom:container-muxer-webm: aa71ff27fc2769a1b78a27578f13a17b -> 
  custom:container-demuxer-webm: 4f35f7cbe854078d1ac9338744f61a02 -> 
  custom:video-encoder-webm-vp8: eb34c28f22e8b96e1ab97ce403110664 -> 
  custom:audio-encoder-webm-vorbis: bf7c407c2cedff20999df2af8eb42d56 -> 
  custom:framework-win-MediaFoundation: 216162199b28c13a410421893ffa2e32 -> 
  custom:SearchIndexIgnoredProperties: e643bd26f0fe6173181afceb89e7c659 -> 
  custom:container-demuxer-ogg: 62fdf1f143b41e24485cea50d1cbac27 -> 
  custom:video-decoder-webm-vp8: 9c59270c3fd7afecdb556c50c9e8de78 -> 
  custom:audio-decoder-ogg-vorbis: bf7c407c2cedff20999df2af8eb42d56 -> 
========================================================================
Received Prepare
Registering precompiled user dll's ...
Registered in 0.003410 seconds.
Begin MonoManager ReloadAssembly
Symbol file LoadedFromMemory doesn't match image C:\PetProjects\AzurTestTaskTA\Library\PackageCache\com.unity.visualscripting@1.8.0\Editor\VisualScripting.Core\Dependencies\YamlDotNet\Unity.VisualScripting.YamlDotNet.dll
Symbol file LoadedFromMemory doesn't match image C:\PetProjects\AzurTestTaskTA\Library\PackageCache\com.unity.visualscripting@1.8.0\Editor\VisualScripting.Core\Dependencies\DotNetZip\Unity.VisualScripting.IonicZip.dll
Native extension for WindowsStandalone target not found
Native extension for iOS target not found
Native extension for Android target not found
Native extension for WebGL target not found
Refreshing native plugins compatible for Editor in 0.88 ms, found 3 plugins.
Preloading 0 native plugins for Editor in 0.00 ms.
Mono: successfully reloaded assembly
- Completed reload, in  0.937 seconds
Domain Reload Profiling:
	ReloadAssembly (938ms)
		BeginReloadAssembly (135ms)
			ExecutionOrderSort (0ms)
			DisableScriptedObjects (5ms)
			BackupInstance (0ms)
			ReleaseScriptingObjects (0ms)
			CreateAndSetChildDomain (33ms)
		EndReloadAssembly (716ms)
			LoadAssemblies (86ms)
			RebuildTransferFunctionScriptingTraits (0ms)
			SetupTypeCache (221ms)
			ReleaseScriptCaches (1ms)
			RebuildScriptCaches (36ms)
			SetupLoadedEditorAssemblies (343ms)
				LogAssemblyErrors (0ms)
				InitializePlatformSupportModulesInManaged (40ms)
				SetLoadedEditorAssemblies (0ms)
				RefreshPlugins (1ms)
				BeforeProcessingInitializeOnLoad (72ms)
				ProcessInitializeOnLoadAttributes (203ms)
				ProcessInitializeOnLoadMethodAttributes (19ms)
				AfterProcessingInitializeOnLoad (8ms)
				EditorAssembliesLoaded (0ms)
			ExecutionOrderSort2 (0ms)
			AwakeInstancesAfterBackupRestoration (5ms)
Platform modules already initialized, skipping
Refreshing native plugins compatible for Editor in 1.52 ms, found 3 plugins.
Preloading 0 native plugins for Editor in 0.00 ms.
Unloading 3097 Unused Serialized files (Serialized files now loaded: 0)
Unloading 27 unused Assets / (0.6 MB). Loaded Objects now: 3780.
Memory consumption went from 129.0 MB to 128.3 MB.
Total: 3.037200 ms (FindLiveObjects: 0.273600 ms CreateObjectMapping: 0.095400 ms MarkObjects: 2.345900 ms  DeleteObjects: 0.321500 ms)

AssetImportParameters requested are different than current active one (requested -> active):
  custom:video-decoder-ogg-theora: a1e56fd34408186e4bbccfd4996cb3dc -> 
  custom:container-muxer-webm: aa71ff27fc2769a1b78a27578f13a17b -> 
  custom:container-demuxer-webm: 4f35f7cbe854078d1ac9338744f61a02 -> 
  custom:video-encoder-webm-vp8: eb34c28f22e8b96e1ab97ce403110664 -> 
  custom:audio-encoder-webm-vorbis: bf7c407c2cedff20999df2af8eb42d56 -> 
  custom:framework-win-MediaFoundation: 216162199b28c13a410421893ffa2e32 -> 
  custom:SearchIndexIgnoredProperties: e643bd26f0fe6173181afceb89e7c659 -> 
  custom:container-demuxer-ogg: 62fdf1f143b41e24485cea50d1cbac27 -> 
  custom:video-decoder-webm-vp8: 9c59270c3fd7afecdb556c50c9e8de78 -> 
  custom:audio-decoder-ogg-vorbis: bf7c407c2cedff20999df2af8eb42d56 -> 
========================================================================
Received Prepare
Registering precompiled user dll's ...
Registered in 0.005206 seconds.
Begin MonoManager ReloadAssembly
Symbol file LoadedFromMemory doesn't match image C:\PetProjects\AzurTestTaskTA\Library\PackageCache\com.unity.visualscripting@1.8.0\Editor\VisualScripting.Core\Dependencies\YamlDotNet\Unity.VisualScripting.YamlDotNet.dll
Symbol file LoadedFromMemory doesn't match image C:\PetProjects\AzurTestTaskTA\Library\PackageCache\com.unity.visualscripting@1.8.0\Editor\VisualScripting.Core\Dependencies\DotNetZip\Unity.VisualScripting.IonicZip.dll
Native extension for WindowsStandalone target not found
Native extension for iOS target not found
Native extension for Android target not found
Native extension for WebGL target not found
Refreshing native plugins compatible for Editor in 0.77 ms, found 3 plugins.
Preloading 0 native plugins for Editor in 0.00 ms.
Mono: successfully reloaded assembly
- Completed reload, in  0.939 seconds
Domain Reload Profiling:
	ReloadAssembly (939ms)
		BeginReloadAssembly (135ms)
			ExecutionOrderSort (0ms)
			DisableScriptedObjects (6ms)
			BackupInstance (0ms)
			ReleaseScriptingObjects (0ms)
			CreateAndSetChildDomain (34ms)
		EndReloadAssembly (711ms)
			LoadAssemblies (82ms)
			RebuildTransferFunctionScriptingTraits (0ms)
			SetupTypeCache (233ms)
			ReleaseScriptCaches (1ms)
			RebuildScriptCaches (40ms)
			SetupLoadedEditorAssemblies (315ms)
				LogAssemblyErrors (0ms)
				InitializePlatformSupportModulesInManaged (33ms)
				SetLoadedEditorAssemblies (0ms)
				RefreshPlugins (1ms)
				BeforeProcessingInitializeOnLoad (54ms)
				ProcessInitializeOnLoadAttributes (198ms)
				ProcessInitializeOnLoadMethodAttributes (22ms)
				AfterProcessingInitializeOnLoad (7ms)
				EditorAssembliesLoaded (0ms)
			ExecutionOrderSort2 (0ms)
			AwakeInstancesAfterBackupRestoration (8ms)
Platform modules already initialized, skipping
Refreshing native plugins compatible for Editor in 1.47 ms, found 3 plugins.
Preloading 0 native plugins for Editor in 0.00 ms.
Unloading 3097 Unused Serialized files (Serialized files now loaded: 0)
Unloading 27 unused Assets / (0.6 MB). Loaded Objects now: 3783.
Memory consumption went from 129.0 MB to 128.3 MB.
Total: 2.990100 ms (FindLiveObjects: 0.246800 ms CreateObjectMapping: 0.081500 ms MarkObjects: 2.337700 ms  DeleteObjects: 0.323000 ms)

AssetImportParameters requested are different than current active one (requested -> active):
  custom:video-decoder-ogg-theora: a1e56fd34408186e4bbccfd4996cb3dc -> 
  custom:container-muxer-webm: aa71ff27fc2769a1b78a27578f13a17b -> 
  custom:container-demuxer-webm: 4f35f7cbe854078d1ac9338744f61a02 -> 
  custom:video-encoder-webm-vp8: eb34c28f22e8b96e1ab97ce403110664 -> 
  custom:audio-encoder-webm-vorbis: bf7c407c2cedff20999df2af8eb42d56 -> 
  custom:framework-win-MediaFoundation: 216162199b28c13a410421893ffa2e32 -> 
  custom:SearchIndexIgnoredProperties: e643bd26f0fe6173181afceb89e7c659 -> 
  custom:container-demuxer-ogg: 62fdf1f143b41e24485cea50d1cbac27 -> 
  custom:video-decoder-webm-vp8: 9c59270c3fd7afecdb556c50c9e8de78 -> 
  custom:audio-decoder-ogg-vorbis: bf7c407c2cedff20999df2af8eb42d56 -> 
========================================================================
Received Import Request.
  Time since last request: 418.078347 seconds.
  path: Assets/AzurTestTask/Scripts/PlayableCameraFix.cs
  artifactKey: Guid(688b040d06bcb2240a8293420158ed35) Importer(815301076,1909f56bfc062723c751e8b465ee728b)
Start importing Assets/AzurTestTask/Scripts/PlayableCameraFix.cs using Guid(688b040d06bcb2240a8293420158ed35) Importer(815301076,1909f56bfc062723c751e8b465ee728b)  -> (artifact id: '0d6c0c3d274224862ba9da4e87579660') in 0.007528 seconds 
========================================================================
Received Prepare
Registering precompiled user dll's ...
Registered in 0.003399 seconds.
Begin MonoManager ReloadAssembly
Symbol file LoadedFromMemory doesn't match image C:\PetProjects\AzurTestTaskTA\Library\PackageCache\com.unity.visualscripting@1.8.0\Editor\VisualScripting.Core\Dependencies\YamlDotNet\Unity.VisualScripting.YamlDotNet.dll
Symbol file LoadedFromMemory doesn't match image C:\PetProjects\AzurTestTaskTA\Library\PackageCache\com.unity.visualscripting@1.8.0\Editor\VisualScripting.Core\Dependencies\DotNetZip\Unity.VisualScripting.IonicZip.dll
Native extension for WindowsStandalone target not found
Native extension for iOS target not found
Native extension for Android target not found
Native extension for WebGL target not found
Refreshing native plugins compatible for Editor in 0.63 ms, found 3 plugins.
Preloading 0 native plugins for Editor in 0.00 ms.
Mono: successfully reloaded assembly
- Completed reload, in  0.900 seconds
Domain Reload Profiling:
	ReloadAssembly (901ms)
		BeginReloadAssembly (139ms)
			ExecutionOrderSort (0ms)
			DisableScriptedObjects (6ms)
			BackupInstance (0ms)
			ReleaseScriptingObjects (0ms)
			CreateAndSetChildDomain (32ms)
		EndReloadAssembly (681ms)
			LoadAssemblies (88ms)
			RebuildTransferFunctionScriptingTraits (0ms)
			SetupTypeCache (228ms)
			ReleaseScriptCaches (1ms)
			RebuildScriptCaches (42ms)
			SetupLoadedEditorAssemblies (292ms)
				LogAssemblyErrors (0ms)
				InitializePlatformSupportModulesInManaged (29ms)
				SetLoadedEditorAssemblies (0ms)
				RefreshPlugins (1ms)
				BeforeProcessingInitializeOnLoad (51ms)
				ProcessInitializeOnLoadAttributes (183ms)
				ProcessInitializeOnLoadMethodAttributes (20ms)
				AfterProcessingInitializeOnLoad (7ms)
				EditorAssembliesLoaded (0ms)
			ExecutionOrderSort2 (0ms)
			AwakeInstancesAfterBackupRestoration (7ms)
Platform modules already initialized, skipping
Refreshing native plugins compatible for Editor in 1.70 ms, found 3 plugins.
Preloading 0 native plugins for Editor in 0.00 ms.
Unloading 3097 Unused Serialized files (Serialized files now loaded: 0)
Unloading 27 unused Assets / (0.6 MB). Loaded Objects now: 3786.
Memory consumption went from 129.0 MB to 128.4 MB.
Total: 4.344200 ms (FindLiveObjects: 0.300300 ms CreateObjectMapping: 0.133300 ms MarkObjects: 3.530700 ms  DeleteObjects: 0.378600 ms)

AssetImportParameters requested are different than current active one (requested -> active):
  custom:video-decoder-ogg-theora: a1e56fd34408186e4bbccfd4996cb3dc -> 
  custom:container-muxer-webm: aa71ff27fc2769a1b78a27578f13a17b -> 
  custom:container-demuxer-webm: 4f35f7cbe854078d1ac9338744f61a02 -> 
  custom:video-encoder-webm-vp8: eb34c28f22e8b96e1ab97ce403110664 -> 
  custom:audio-encoder-webm-vorbis: bf7c407c2cedff20999df2af8eb42d56 -> 
  custom:framework-win-MediaFoundation: 216162199b28c13a410421893ffa2e32 -> 
  custom:SearchIndexIgnoredProperties: e643bd26f0fe6173181afceb89e7c659 -> 
  custom:container-demuxer-ogg: 62fdf1f143b41e24485cea50d1cbac27 -> 
  custom:video-decoder-webm-vp8: 9c59270c3fd7afecdb556c50c9e8de78 -> 
  custom:audio-decoder-ogg-vorbis: bf7c407c2cedff20999df2af8eb42d56 -> 
========================================================================
Received Prepare
Registering precompiled user dll's ...
Registered in 0.004224 seconds.
Begin MonoManager ReloadAssembly
Symbol file LoadedFromMemory doesn't match image C:\PetProjects\AzurTestTaskTA\Library\PackageCache\com.unity.visualscripting@1.8.0\Editor\VisualScripting.Core\Dependencies\YamlDotNet\Unity.VisualScripting.YamlDotNet.dll
Symbol file LoadedFromMemory doesn't match image C:\PetProjects\AzurTestTaskTA\Library\PackageCache\com.unity.visualscripting@1.8.0\Editor\VisualScripting.Core\Dependencies\DotNetZip\Unity.VisualScripting.IonicZip.dll
Native extension for WindowsStandalone target not found
Native extension for iOS target not found
Native extension for Android target not found
Native extension for WebGL target not found
Refreshing native plugins compatible for Editor in 0.61 ms, found 3 plugins.
Preloading 0 native plugins for Editor in 0.00 ms.
Mono: successfully reloaded assembly
- Completed reload, in  0.906 seconds
Domain Reload Profiling:
	ReloadAssembly (907ms)
		BeginReloadAssembly (137ms)
			ExecutionOrderSort (0ms)
			DisableScriptedObjects (5ms)
			BackupInstance (0ms)
			ReleaseScriptingObjects (0ms)
			CreateAndSetChildDomain (39ms)
		EndReloadAssembly (682ms)
			LoadAssemblies (83ms)
			RebuildTransferFunctionScriptingTraits (0ms)
			SetupTypeCache (226ms)
			ReleaseScriptCaches (1ms)
			RebuildScriptCaches (38ms)
			SetupLoadedEditorAssemblies (296ms)
				LogAssemblyErrors (0ms)
				InitializePlatformSupportModulesInManaged (35ms)
				SetLoadedEditorAssemblies (0ms)
				RefreshPlugins (1ms)
				BeforeProcessingInitializeOnLoad (59ms)
				ProcessInitializeOnLoadAttributes (170ms)
				ProcessInitializeOnLoadMethodAttributes (24ms)
				AfterProcessingInitializeOnLoad (7ms)
				EditorAssembliesLoaded (0ms)
			ExecutionOrderSort2 (0ms)
			AwakeInstancesAfterBackupRestoration (7ms)
Platform modules already initialized, skipping
Refreshing native plugins compatible for Editor in 1.49 ms, found 3 plugins.
Preloading 0 native plugins for Editor in 0.00 ms.
Unloading 3097 Unused Serialized files (Serialized files now loaded: 0)
Unloading 27 unused Assets / (0.6 MB). Loaded Objects now: 3789.
Memory consumption went from 129.0 MB to 128.4 MB.
Total: 2.969900 ms (FindLiveObjects: 0.264400 ms CreateObjectMapping: 0.090400 ms MarkObjects: 2.276200 ms  DeleteObjects: 0.337900 ms)

AssetImportParameters requested are different than current active one (requested -> active):
  custom:video-decoder-ogg-theora: a1e56fd34408186e4bbccfd4996cb3dc -> 
  custom:container-muxer-webm: aa71ff27fc2769a1b78a27578f13a17b -> 
  custom:container-demuxer-webm: 4f35f7cbe854078d1ac9338744f61a02 -> 
  custom:video-encoder-webm-vp8: eb34c28f22e8b96e1ab97ce403110664 -> 
  custom:audio-encoder-webm-vorbis: bf7c407c2cedff20999df2af8eb42d56 -> 
  custom:framework-win-MediaFoundation: 216162199b28c13a410421893ffa2e32 -> 
  custom:SearchIndexIgnoredProperties: e643bd26f0fe6173181afceb89e7c659 -> 
  custom:container-demuxer-ogg: 62fdf1f143b41e24485cea50d1cbac27 -> 
  custom:video-decoder-webm-vp8: 9c59270c3fd7afecdb556c50c9e8de78 -> 
  custom:audio-decoder-ogg-vorbis: bf7c407c2cedff20999df2af8eb42d56 -> 
========================================================================
Received Prepare
Registering precompiled user dll's ...
Registered in 0.004696 seconds.
Begin MonoManager ReloadAssembly
Symbol file LoadedFromMemory doesn't match image C:\PetProjects\AzurTestTaskTA\Library\PackageCache\com.unity.visualscripting@1.8.0\Editor\VisualScripting.Core\Dependencies\YamlDotNet\Unity.VisualScripting.YamlDotNet.dll
Symbol file LoadedFromMemory doesn't match image C:\PetProjects\AzurTestTaskTA\Library\PackageCache\com.unity.visualscripting@1.8.0\Editor\VisualScripting.Core\Dependencies\DotNetZip\Unity.VisualScripting.IonicZip.dll
Native extension for WindowsStandalone target not found
Native extension for iOS target not found
Native extension for Android target not found
Native extension for WebGL target not found
Refreshing native plugins compatible for Editor in 0.61 ms, found 3 plugins.
Preloading 0 native plugins for Editor in 0.00 ms.
Mono: successfully reloaded assembly
- Completed reload, in  0.954 seconds
Domain Reload Profiling:
	ReloadAssembly (955ms)
		BeginReloadAssembly (133ms)
			ExecutionOrderSort (0ms)
			DisableScriptedObjects (5ms)
			BackupInstance (0ms)
			ReleaseScriptingObjects (0ms)
			CreateAndSetChildDomain (34ms)
		EndReloadAssembly (728ms)
			LoadAssemblies (84ms)
			RebuildTransferFunctionScriptingTraits (0ms)
			SetupTypeCache (229ms)
			ReleaseScriptCaches (1ms)
			RebuildScriptCaches (37ms)
			SetupLoadedEditorAssemblies (335ms)
				LogAssemblyErrors (0ms)
				InitializePlatformSupportModulesInManaged (31ms)
				SetLoadedEditorAssemblies (0ms)
				RefreshPlugins (1ms)
				BeforeProcessingInitializeOnLoad (61ms)
				ProcessInitializeOnLoadAttributes (212ms)
				ProcessInitializeOnLoadMethodAttributes (24ms)
				AfterProcessingInitializeOnLoad (6ms)
				EditorAssembliesLoaded (0ms)
			ExecutionOrderSort2 (0ms)
			AwakeInstancesAfterBackupRestoration (9ms)
Platform modules already initialized, skipping
Refreshing native plugins compatible for Editor in 3.34 ms, found 3 plugins.
Preloading 0 native plugins for Editor in 0.00 ms.
Unloading 3097 Unused Serialized files (Serialized files now loaded: 0)
Unloading 27 unused Assets / (0.6 MB). Loaded Objects now: 3792.
Memory consumption went from 129.0 MB to 128.4 MB.
Total: 4.753500 ms (FindLiveObjects: 0.371800 ms CreateObjectMapping: 0.187400 ms MarkObjects: 3.621200 ms  DeleteObjects: 0.571500 ms)

AssetImportParameters requested are different than current active one (requested -> active):
  custom:video-decoder-ogg-theora: a1e56fd34408186e4bbccfd4996cb3dc -> 
  custom:container-muxer-webm: aa71ff27fc2769a1b78a27578f13a17b -> 
  custom:container-demuxer-webm: 4f35f7cbe854078d1ac9338744f61a02 -> 
  custom:video-encoder-webm-vp8: eb34c28f22e8b96e1ab97ce403110664 -> 
  custom:audio-encoder-webm-vorbis: bf7c407c2cedff20999df2af8eb42d56 -> 
  custom:framework-win-MediaFoundation: 216162199b28c13a410421893ffa2e32 -> 
  custom:SearchIndexIgnoredProperties: e643bd26f0fe6173181afceb89e7c659 -> 
  custom:container-demuxer-ogg: 62fdf1f143b41e24485cea50d1cbac27 -> 
  custom:video-decoder-webm-vp8: 9c59270c3fd7afecdb556c50c9e8de78 -> 
  custom:audio-decoder-ogg-vorbis: bf7c407c2cedff20999df2af8eb42d56 -> 
========================================================================
Received Prepare
Registering precompiled user dll's ...
Registered in 0.003866 seconds.
Begin MonoManager ReloadAssembly
Symbol file LoadedFromMemory doesn't match image C:\PetProjects\AzurTestTaskTA\Library\PackageCache\com.unity.visualscripting@1.8.0\Editor\VisualScripting.Core\Dependencies\YamlDotNet\Unity.VisualScripting.YamlDotNet.dll
Symbol file LoadedFromMemory doesn't match image C:\PetProjects\AzurTestTaskTA\Library\PackageCache\com.unity.visualscripting@1.8.0\Editor\VisualScripting.Core\Dependencies\DotNetZip\Unity.VisualScripting.IonicZip.dll
Native extension for WindowsStandalone target not found
Native extension for iOS target not found
Native extension for Android target not found
Native extension for WebGL target not found
Refreshing native plugins compatible for Editor in 0.58 ms, found 3 plugins.
Preloading 0 native plugins for Editor in 0.00 ms.
Mono: successfully reloaded assembly
- Completed reload, in  0.866 seconds
Domain Reload Profiling:
	ReloadAssembly (866ms)
		BeginReloadAssembly (135ms)
			ExecutionOrderSort (0ms)
			DisableScriptedObjects (5ms)
			BackupInstance (0ms)
			ReleaseScriptingObjects (0ms)
			CreateAndSetChildDomain (36ms)
		EndReloadAssembly (644ms)
			LoadAssemblies (84ms)
			RebuildTransferFunctionScriptingTraits (0ms)
			SetupTypeCache (222ms)
			ReleaseScriptCaches (1ms)
			RebuildScriptCaches (36ms)
			SetupLoadedEditorAssemblies (276ms)
				LogAssemblyErrors (0ms)
				InitializePlatformSupportModulesInManaged (31ms)
				SetLoadedEditorAssemblies (0ms)
				RefreshPlugins (1ms)
				BeforeProcessingInitializeOnLoad (59ms)
				ProcessInitializeOnLoadAttributes (161ms)
				ProcessInitializeOnLoadMethodAttributes (18ms)
				AfterProcessingInitializeOnLoad (6ms)
				EditorAssembliesLoaded (0ms)
			ExecutionOrderSort2 (0ms)
			AwakeInstancesAfterBackupRestoration (5ms)
Platform modules already initialized, skipping
Refreshing native plugins compatible for Editor in 1.46 ms, found 3 plugins.
Preloading 0 native plugins for Editor in 0.00 ms.
Unloading 3096 Unused Serialized files (Serialized files now loaded: 0)
Unloading 28 unused Assets / (0.6 MB). Loaded Objects now: 3794.
Memory consumption went from 129.0 MB to 128.4 MB.
Total: 2.972500 ms (FindLiveObjects: 0.270700 ms CreateObjectMapping: 0.090400 ms MarkObjects: 2.292100 ms  DeleteObjects: 0.318100 ms)

AssetImportParameters requested are different than current active one (requested -> active):
  custom:video-decoder-ogg-theora: a1e56fd34408186e4bbccfd4996cb3dc -> 
  custom:container-muxer-webm: aa71ff27fc2769a1b78a27578f13a17b -> 
  custom:container-demuxer-webm: 4f35f7cbe854078d1ac9338744f61a02 -> 
  custom:video-encoder-webm-vp8: eb34c28f22e8b96e1ab97ce403110664 -> 
  custom:audio-encoder-webm-vorbis: bf7c407c2cedff20999df2af8eb42d56 -> 
  custom:framework-win-MediaFoundation: 216162199b28c13a410421893ffa2e32 -> 
  custom:SearchIndexIgnoredProperties: e643bd26f0fe6173181afceb89e7c659 -> 
  custom:container-demuxer-ogg: 62fdf1f143b41e24485cea50d1cbac27 -> 
  custom:video-decoder-webm-vp8: 9c59270c3fd7afecdb556c50c9e8de78 -> 
  custom:audio-decoder-ogg-vorbis: bf7c407c2cedff20999df2af8eb42d56 -> 
========================================================================
Received Prepare
Registering precompiled user dll's ...
Registered in 0.003479 seconds.
Begin MonoManager ReloadAssembly
Symbol file LoadedFromMemory doesn't match image C:\PetProjects\AzurTestTaskTA\Library\PackageCache\com.unity.visualscripting@1.8.0\Editor\VisualScripting.Core\Dependencies\YamlDotNet\Unity.VisualScripting.YamlDotNet.dll
Symbol file LoadedFromMemory doesn't match image C:\PetProjects\AzurTestTaskTA\Library\PackageCache\com.unity.visualscripting@1.8.0\Editor\VisualScripting.Core\Dependencies\DotNetZip\Unity.VisualScripting.IonicZip.dll
Native extension for WindowsStandalone target not found
Native extension for iOS target not found
Native extension for Android target not found
Native extension for WebGL target not found
Refreshing native plugins compatible for Editor in 1.00 ms, found 3 plugins.
Preloading 0 native plugins for Editor in 0.00 ms.
Mono: successfully reloaded assembly
- Completed reload, in  0.984 seconds
Domain Reload Profiling:
	ReloadAssembly (985ms)
		BeginReloadAssembly (149ms)
			ExecutionOrderSort (0ms)
			DisableScriptedObjects (9ms)
			BackupInstance (0ms)
			ReleaseScriptingObjects (0ms)
			CreateAndSetChildDomain (34ms)
		EndReloadAssembly (737ms)
			LoadAssemblies (94ms)
			RebuildTransferFunctionScriptingTraits (0ms)
			SetupTypeCache (249ms)
			ReleaseScriptCaches (1ms)
			RebuildScriptCaches (43ms)
			SetupLoadedEditorAssemblies (329ms)
				LogAssemblyErrors (0ms)
				InitializePlatformSupportModulesInManaged (40ms)
				SetLoadedEditorAssemblies (0ms)
				RefreshPlugins (1ms)
				BeforeProcessingInitializeOnLoad (67ms)
				ProcessInitializeOnLoadAttributes (196ms)
				ProcessInitializeOnLoadMethodAttributes (17ms)
				AfterProcessingInitializeOnLoad (6ms)
				EditorAssembliesLoaded (0ms)
			ExecutionOrderSort2 (0ms)
			AwakeInstancesAfterBackupRestoration (5ms)
Platform modules already initialized, skipping
Refreshing native plugins compatible for Editor in 1.49 ms, found 3 plugins.
Preloading 0 native plugins for Editor in 0.00 ms.
Unloading 3097 Unused Serialized files (Serialized files now loaded: 0)
Unloading 27 unused Assets / (0.6 MB). Loaded Objects now: 3798.
Memory consumption went from 129.0 MB to 128.4 MB.
Total: 3.309400 ms (FindLiveObjects: 0.276000 ms CreateObjectMapping: 0.100500 ms MarkObjects: 2.529500 ms  DeleteObjects: 0.401600 ms)

AssetImportParameters requested are different than current active one (requested -> active):
  custom:video-decoder-ogg-theora: a1e56fd34408186e4bbccfd4996cb3dc -> 
  custom:container-muxer-webm: aa71ff27fc2769a1b78a27578f13a17b -> 
  custom:container-demuxer-webm: 4f35f7cbe854078d1ac9338744f61a02 -> 
  custom:video-encoder-webm-vp8: eb34c28f22e8b96e1ab97ce403110664 -> 
  custom:audio-encoder-webm-vorbis: bf7c407c2cedff20999df2af8eb42d56 -> 
  custom:framework-win-MediaFoundation: 216162199b28c13a410421893ffa2e32 -> 
  custom:SearchIndexIgnoredProperties: e643bd26f0fe6173181afceb89e7c659 -> 
  custom:container-demuxer-ogg: 62fdf1f143b41e24485cea50d1cbac27 -> 
  custom:video-decoder-webm-vp8: 9c59270c3fd7afecdb556c50c9e8de78 -> 
  custom:audio-decoder-ogg-vorbis: bf7c407c2cedff20999df2af8eb42d56 -> 
========================================================================
Received Prepare
Registering precompiled user dll's ...
Registered in 0.003442 seconds.
Begin MonoManager ReloadAssembly
Symbol file LoadedFromMemory doesn't match image C:\PetProjects\AzurTestTaskTA\Library\PackageCache\com.unity.visualscripting@1.8.0\Editor\VisualScripting.Core\Dependencies\YamlDotNet\Unity.VisualScripting.YamlDotNet.dll
Symbol file LoadedFromMemory doesn't match image C:\PetProjects\AzurTestTaskTA\Library\PackageCache\com.unity.visualscripting@1.8.0\Editor\VisualScripting.Core\Dependencies\DotNetZip\Unity.VisualScripting.IonicZip.dll
Native extension for WindowsStandalone target not found
Native extension for iOS target not found
Native extension for Android target not found
Native extension for WebGL target not found
Refreshing native plugins compatible for Editor in 0.67 ms, found 3 plugins.
Preloading 0 native plugins for Editor in 0.00 ms.
Mono: successfully reloaded assembly
- Completed reload, in  0.981 seconds
Domain Reload Profiling:
	ReloadAssembly (982ms)
		BeginReloadAssembly (134ms)
			ExecutionOrderSort (0ms)
			DisableScriptedObjects (6ms)
			BackupInstance (0ms)
			ReleaseScriptingObjects (0ms)
			CreateAndSetChildDomain (33ms)
		EndReloadAssembly (751ms)
			LoadAssemblies (87ms)
			RebuildTransferFunctionScriptingTraits (0ms)
			SetupTypeCache (238ms)
			ReleaseScriptCaches (1ms)
			RebuildScriptCaches (36ms)
			SetupLoadedEditorAssemblies (349ms)
				LogAssemblyErrors (0ms)
				InitializePlatformSupportModulesInManaged (33ms)
				SetLoadedEditorAssemblies (0ms)
				RefreshPlugins (1ms)
				BeforeProcessingInitializeOnLoad (68ms)
				ProcessInitializeOnLoadAttributes (215ms)
				ProcessInitializeOnLoadMethodAttributes (25ms)
				AfterProcessingInitializeOnLoad (6ms)
				EditorAssembliesLoaded (0ms)
			ExecutionOrderSort2 (0ms)
			AwakeInstancesAfterBackupRestoration (5ms)
Platform modules already initialized, skipping
Refreshing native plugins compatible for Editor in 1.45 ms, found 3 plugins.
Preloading 0 native plugins for Editor in 0.00 ms.
Unloading 3097 Unused Serialized files (Serialized files now loaded: 0)
Unloading 27 unused Assets / (0.6 MB). Loaded Objects now: 3801.
Memory consumption went from 129.0 MB to 128.4 MB.
Total: 3.312000 ms (FindLiveObjects: 0.466500 ms CreateObjectMapping: 0.193600 ms MarkObjects: 2.317700 ms  DeleteObjects: 0.332900 ms)

AssetImportParameters requested are different than current active one (requested -> active):
  custom:video-decoder-ogg-theora: a1e56fd34408186e4bbccfd4996cb3dc -> 
  custom:container-muxer-webm: aa71ff27fc2769a1b78a27578f13a17b -> 
  custom:container-demuxer-webm: 4f35f7cbe854078d1ac9338744f61a02 -> 
  custom:video-encoder-webm-vp8: eb34c28f22e8b96e1ab97ce403110664 -> 
  custom:audio-encoder-webm-vorbis: bf7c407c2cedff20999df2af8eb42d56 -> 
  custom:framework-win-MediaFoundation: 216162199b28c13a410421893ffa2e32 -> 
  custom:SearchIndexIgnoredProperties: e643bd26f0fe6173181afceb89e7c659 -> 
  custom:container-demuxer-ogg: 62fdf1f143b41e24485cea50d1cbac27 -> 
  custom:video-decoder-webm-vp8: 9c59270c3fd7afecdb556c50c9e8de78 -> 
  custom:audio-decoder-ogg-vorbis: bf7c407c2cedff20999df2af8eb42d56 -> 
========================================================================
Received Import Request.
  Time since last request: 721.864797 seconds.
  path: Assets/AzurTestTask/Scripts/CameraFitter.cs
  artifactKey: Guid(315209a67f650d14b8905c41545e20db) Importer(815301076,1909f56bfc062723c751e8b465ee728b)
Start importing Assets/AzurTestTask/Scripts/CameraFitter.cs using Guid(315209a67f650d14b8905c41545e20db) Importer(815301076,1909f56bfc062723c751e8b465ee728b)  -> (artifact id: '070ef0bca1001721297f5ade7442d3a6') in 0.007364 seconds 
========================================================================
Received Prepare
Registering precompiled user dll's ...
Registered in 0.003456 seconds.
Begin MonoManager ReloadAssembly
Symbol file LoadedFromMemory doesn't match image C:\PetProjects\AzurTestTaskTA\Library\PackageCache\com.unity.visualscripting@1.8.0\Editor\VisualScripting.Core\Dependencies\YamlDotNet\Unity.VisualScripting.YamlDotNet.dll
Symbol file LoadedFromMemory doesn't match image C:\PetProjects\AzurTestTaskTA\Library\PackageCache\com.unity.visualscripting@1.8.0\Editor\VisualScripting.Core\Dependencies\DotNetZip\Unity.VisualScripting.IonicZip.dll
Native extension for WindowsStandalone target not found
Native extension for iOS target not found
Native extension for Android target not found
Native extension for WebGL target not found
Refreshing native plugins compatible for Editor in 0.61 ms, found 3 plugins.
Preloading 0 native plugins for Editor in 0.00 ms.
Mono: successfully reloaded assembly
- Completed reload, in  0.939 seconds
Domain Reload Profiling:
	ReloadAssembly (939ms)
		BeginReloadAssembly (156ms)
			ExecutionOrderSort (0ms)
			DisableScriptedObjects (6ms)
			BackupInstance (0ms)
			ReleaseScriptingObjects (0ms)
			CreateAndSetChildDomain (42ms)
		EndReloadAssembly (701ms)
			LoadAssemblies (92ms)
			RebuildTransferFunctionScriptingTraits (0ms)
			SetupTypeCache (235ms)
			ReleaseScriptCaches (1ms)
			RebuildScriptCaches (38ms)
			SetupLoadedEditorAssemblies (311ms)
				LogAssemblyErrors (0ms)
				InitializePlatformSupportModulesInManaged (30ms)
				SetLoadedEditorAssemblies (0ms)
				RefreshPlugins (1ms)
				BeforeProcessingInitializeOnLoad (53ms)
				ProcessInitializeOnLoadAttributes (188ms)
				ProcessInitializeOnLoadMethodAttributes (28ms)
				AfterProcessingInitializeOnLoad (9ms)
				EditorAssembliesLoaded (0ms)
			ExecutionOrderSort2 (0ms)
			AwakeInstancesAfterBackupRestoration (8ms)
Platform modules already initialized, skipping
Refreshing native plugins compatible for Editor in 2.26 ms, found 3 plugins.
Preloading 0 native plugins for Editor in 0.00 ms.
Unloading 3097 Unused Serialized files (Serialized files now loaded: 0)
Unloading 27 unused Assets / (0.6 MB). Loaded Objects now: 3804.
Memory consumption went from 129.0 MB to 128.4 MB.
Total: 3.854200 ms (FindLiveObjects: 0.294200 ms CreateObjectMapping: 0.123800 ms MarkObjects: 3.040200 ms  DeleteObjects: 0.394100 ms)

AssetImportParameters requested are different than current active one (requested -> active):
  custom:video-decoder-ogg-theora: a1e56fd34408186e4bbccfd4996cb3dc -> 
  custom:container-muxer-webm: aa71ff27fc2769a1b78a27578f13a17b -> 
  custom:container-demuxer-webm: 4f35f7cbe854078d1ac9338744f61a02 -> 
  custom:video-encoder-webm-vp8: eb34c28f22e8b96e1ab97ce403110664 -> 
  custom:audio-encoder-webm-vorbis: bf7c407c2cedff20999df2af8eb42d56 -> 
  custom:framework-win-MediaFoundation: 216162199b28c13a410421893ffa2e32 -> 
  custom:SearchIndexIgnoredProperties: e643bd26f0fe6173181afceb89e7c659 -> 
  custom:container-demuxer-ogg: 62fdf1f143b41e24485cea50d1cbac27 -> 
  custom:video-decoder-webm-vp8: 9c59270c3fd7afecdb556c50c9e8de78 -> 
  custom:audio-decoder-ogg-vorbis: bf7c407c2cedff20999df2af8eb42d56 -> 
========================================================================
Received Prepare
Registering precompiled user dll's ...
Registered in 0.004276 seconds.
Begin MonoManager ReloadAssembly
Symbol file LoadedFromMemory doesn't match image C:\PetProjects\AzurTestTaskTA\Library\PackageCache\com.unity.visualscripting@1.8.0\Editor\VisualScripting.Core\Dependencies\YamlDotNet\Unity.VisualScripting.YamlDotNet.dll
Symbol file LoadedFromMemory doesn't match image C:\PetProjects\AzurTestTaskTA\Library\PackageCache\com.unity.visualscripting@1.8.0\Editor\VisualScripting.Core\Dependencies\DotNetZip\Unity.VisualScripting.IonicZip.dll
Native extension for WindowsStandalone target not found
Native extension for iOS target not found
Native extension for Android target not found
Native extension for WebGL target not found
Refreshing native plugins compatible for Editor in 0.59 ms, found 3 plugins.
Preloading 0 native plugins for Editor in 0.00 ms.
Mono: successfully reloaded assembly
- Completed reload, in  0.997 seconds
Domain Reload Profiling:
	ReloadAssembly (998ms)
		BeginReloadAssembly (145ms)
			ExecutionOrderSort (0ms)
			DisableScriptedObjects (5ms)
			BackupInstance (0ms)
			ReleaseScriptingObjects (0ms)
			CreateAndSetChildDomain (35ms)
		EndReloadAssembly (769ms)
			LoadAssemblies (91ms)
			RebuildTransferFunctionScriptingTraits (0ms)
			SetupTypeCache (233ms)
			ReleaseScriptCaches (1ms)
			RebuildScriptCaches (36ms)
			SetupLoadedEditorAssemblies (377ms)
				LogAssemblyErrors (0ms)
				InitializePlatformSupportModulesInManaged (32ms)
				SetLoadedEditorAssemblies (2ms)
				RefreshPlugins (1ms)
				BeforeProcessingInitializeOnLoad (64ms)
				ProcessInitializeOnLoadAttributes (242ms)
				ProcessInitializeOnLoadMethodAttributes (28ms)
				AfterProcessingInitializeOnLoad (7ms)
				EditorAssembliesLoaded (0ms)
			ExecutionOrderSort2 (0ms)
			AwakeInstancesAfterBackupRestoration (8ms)
Platform modules already initialized, skipping
Refreshing native plugins compatible for Editor in 2.47 ms, found 3 plugins.
Preloading 0 native plugins for Editor in 0.00 ms.
Unloading 3097 Unused Serialized files (Serialized files now loaded: 0)
Unloading 27 unused Assets / (0.6 MB). Loaded Objects now: 3807.
Memory consumption went from 129.1 MB to 128.4 MB.
Total: 6.196600 ms (FindLiveObjects: 0.771600 ms CreateObjectMapping: 0.217600 ms MarkObjects: 4.571900 ms  DeleteObjects: 0.633500 ms)

AssetImportParameters requested are different than current active one (requested -> active):
  custom:video-decoder-ogg-theora: a1e56fd34408186e4bbccfd4996cb3dc -> 
  custom:container-muxer-webm: aa71ff27fc2769a1b78a27578f13a17b -> 
  custom:container-demuxer-webm: 4f35f7cbe854078d1ac9338744f61a02 -> 
  custom:video-encoder-webm-vp8: eb34c28f22e8b96e1ab97ce403110664 -> 
  custom:audio-encoder-webm-vorbis: bf7c407c2cedff20999df2af8eb42d56 -> 
  custom:framework-win-MediaFoundation: 216162199b28c13a410421893ffa2e32 -> 
  custom:SearchIndexIgnoredProperties: e643bd26f0fe6173181afceb89e7c659 -> 
  custom:container-demuxer-ogg: 62fdf1f143b41e24485cea50d1cbac27 -> 
  custom:video-decoder-webm-vp8: 9c59270c3fd7afecdb556c50c9e8de78 -> 
  custom:audio-decoder-ogg-vorbis: bf7c407c2cedff20999df2af8eb42d56 -> 
========================================================================
Received Prepare
Registering precompiled user dll's ...
Registered in 0.005018 seconds.
Begin MonoManager ReloadAssembly
Symbol file LoadedFromMemory doesn't match image C:\PetProjects\AzurTestTaskTA\Library\PackageCache\com.unity.visualscripting@1.8.0\Editor\VisualScripting.Core\Dependencies\YamlDotNet\Unity.VisualScripting.YamlDotNet.dll
Symbol file LoadedFromMemory doesn't match image C:\PetProjects\AzurTestTaskTA\Library\PackageCache\com.unity.visualscripting@1.8.0\Editor\VisualScripting.Core\Dependencies\DotNetZip\Unity.VisualScripting.IonicZip.dll
Native extension for WindowsStandalone target not found
Native extension for iOS target not found
Native extension for Android target not found
Native extension for WebGL target not found
Refreshing native plugins compatible for Editor in 0.58 ms, found 3 plugins.
Preloading 0 native plugins for Editor in 0.00 ms.
Mono: successfully reloaded assembly
- Completed reload, in  1.001 seconds
Domain Reload Profiling:
	ReloadAssembly (1002ms)
		BeginReloadAssembly (144ms)
			ExecutionOrderSort (0ms)
			DisableScriptedObjects (5ms)
			BackupInstance (0ms)
			ReleaseScriptingObjects (0ms)
			CreateAndSetChildDomain (34ms)
		EndReloadAssembly (765ms)
			LoadAssemblies (93ms)
			RebuildTransferFunctionScriptingTraits (0ms)
			SetupTypeCache (241ms)
			ReleaseScriptCaches (2ms)
			RebuildScriptCaches (36ms)
			SetupLoadedEditorAssemblies (352ms)
				LogAssemblyErrors (0ms)
				InitializePlatformSupportModulesInManaged (30ms)
				SetLoadedEditorAssemblies (0ms)
				RefreshPlugins (1ms)
				BeforeProcessingInitializeOnLoad (55ms)
				ProcessInitializeOnLoadAttributes (231ms)
				ProcessInitializeOnLoadMethodAttributes (27ms)
				AfterProcessingInitializeOnLoad (8ms)
				EditorAssembliesLoaded (0ms)
			ExecutionOrderSort2 (0ms)
			AwakeInstancesAfterBackupRestoration (9ms)
Platform modules already initialized, skipping
Refreshing native plugins compatible for Editor in 2.59 ms, found 3 plugins.
Preloading 0 native plugins for Editor in 0.00 ms.
Unloading 3097 Unused Serialized files (Serialized files now loaded: 0)
Unloading 27 unused Assets / (0.6 MB). Loaded Objects now: 3810.
Memory consumption went from 129.1 MB to 128.4 MB.
Total: 5.259300 ms (FindLiveObjects: 0.429700 ms CreateObjectMapping: 0.166000 ms MarkObjects: 4.034700 ms  DeleteObjects: 0.627100 ms)

AssetImportParameters requested are different than current active one (requested -> active):
  custom:video-decoder-ogg-theora: a1e56fd34408186e4bbccfd4996cb3dc -> 
  custom:container-muxer-webm: aa71ff27fc2769a1b78a27578f13a17b -> 
  custom:container-demuxer-webm: 4f35f7cbe854078d1ac9338744f61a02 -> 
  custom:video-encoder-webm-vp8: eb34c28f22e8b96e1ab97ce403110664 -> 
  custom:audio-encoder-webm-vorbis: bf7c407c2cedff20999df2af8eb42d56 -> 
  custom:framework-win-MediaFoundation: 216162199b28c13a410421893ffa2e32 -> 
  custom:SearchIndexIgnoredProperties: e643bd26f0fe6173181afceb89e7c659 -> 
  custom:container-demuxer-ogg: 62fdf1f143b41e24485cea50d1cbac27 -> 
  custom:video-decoder-webm-vp8: 9c59270c3fd7afecdb556c50c9e8de78 -> 
  custom:audio-decoder-ogg-vorbis: bf7c407c2cedff20999df2af8eb42d56 -> 
========================================================================
Received Prepare
Registering precompiled user dll's ...
Registered in 0.003768 seconds.
Begin MonoManager ReloadAssembly
Symbol file LoadedFromMemory doesn't match image C:\PetProjects\AzurTestTaskTA\Library\PackageCache\com.unity.visualscripting@1.8.0\Editor\VisualScripting.Core\Dependencies\YamlDotNet\Unity.VisualScripting.YamlDotNet.dll
Symbol file LoadedFromMemory doesn't match image C:\PetProjects\AzurTestTaskTA\Library\PackageCache\com.unity.visualscripting@1.8.0\Editor\VisualScripting.Core\Dependencies\DotNetZip\Unity.VisualScripting.IonicZip.dll
Native extension for WindowsStandalone target not found
Native extension for iOS target not found
Native extension for Android target not found
Native extension for WebGL target not found
Refreshing native plugins compatible for Editor in 0.59 ms, found 3 plugins.
Preloading 0 native plugins for Editor in 0.00 ms.
Mono: successfully reloaded assembly
- Completed reload, in  0.968 seconds
Domain Reload Profiling:
	ReloadAssembly (969ms)
		BeginReloadAssembly (129ms)
			ExecutionOrderSort (0ms)
			DisableScriptedObjects (5ms)
			BackupInstance (0ms)
			ReleaseScriptingObjects (0ms)
			CreateAndSetChildDomain (33ms)
		EndReloadAssembly (754ms)
			LoadAssemblies (78ms)
			RebuildTransferFunctionScriptingTraits (0ms)
			SetupTypeCache (216ms)
			ReleaseScriptCaches (2ms)
			RebuildScriptCaches (36ms)
			SetupLoadedEditorAssemblies (373ms)
				LogAssemblyErrors (0ms)
				InitializePlatformSupportModulesInManaged (31ms)
				SetLoadedEditorAssemblies (0ms)
				RefreshPlugins (1ms)
				BeforeProcessingInitializeOnLoad (62ms)
				ProcessInitializeOnLoadAttributes (242ms)
				ProcessInitializeOnLoadMethodAttributes (29ms)
				AfterProcessingInitializeOnLoad (8ms)
				EditorAssembliesLoaded (0ms)
			ExecutionOrderSort2 (0ms)
			AwakeInstancesAfterBackupRestoration (8ms)
Platform modules already initialized, skipping
Refreshing native plugins compatible for Editor in 2.31 ms, found 3 plugins.
Preloading 0 native plugins for Editor in 0.00 ms.
Unloading 3097 Unused Serialized files (Serialized files now loaded: 0)
Unloading 27 unused Assets / (0.6 MB). Loaded Objects now: 3813.
Memory consumption went from 129.1 MB to 128.4 MB.
Total: 5.103100 ms (FindLiveObjects: 0.594300 ms CreateObjectMapping: 0.268400 ms MarkObjects: 3.604600 ms  DeleteObjects: 0.633700 ms)

AssetImportParameters requested are different than current active one (requested -> active):
  custom:video-decoder-ogg-theora: a1e56fd34408186e4bbccfd4996cb3dc -> 
  custom:container-muxer-webm: aa71ff27fc2769a1b78a27578f13a17b -> 
  custom:container-demuxer-webm: 4f35f7cbe854078d1ac9338744f61a02 -> 
  custom:video-encoder-webm-vp8: eb34c28f22e8b96e1ab97ce403110664 -> 
  custom:audio-encoder-webm-vorbis: bf7c407c2cedff20999df2af8eb42d56 -> 
  custom:framework-win-MediaFoundation: 216162199b28c13a410421893ffa2e32 -> 
  custom:SearchIndexIgnoredProperties: e643bd26f0fe6173181afceb89e7c659 -> 
  custom:container-demuxer-ogg: 62fdf1f143b41e24485cea50d1cbac27 -> 
  custom:video-decoder-webm-vp8: 9c59270c3fd7afecdb556c50c9e8de78 -> 
  custom:audio-decoder-ogg-vorbis: bf7c407c2cedff20999df2af8eb42d56 -> 
========================================================================
Received Prepare
Registering precompiled user dll's ...
Registered in 0.004243 seconds.
Begin MonoManager ReloadAssembly
Symbol file LoadedFromMemory doesn't match image C:\PetProjects\AzurTestTaskTA\Library\PackageCache\com.unity.visualscripting@1.8.0\Editor\VisualScripting.Core\Dependencies\YamlDotNet\Unity.VisualScripting.YamlDotNet.dll
Symbol file LoadedFromMemory doesn't match image C:\PetProjects\AzurTestTaskTA\Library\PackageCache\com.unity.visualscripting@1.8.0\Editor\VisualScripting.Core\Dependencies\DotNetZip\Unity.VisualScripting.IonicZip.dll
Native extension for WindowsStandalone target not found
Native extension for iOS target not found
Native extension for Android target not found
Native extension for WebGL target not found
Refreshing native plugins compatible for Editor in 0.59 ms, found 3 plugins.
Preloading 0 native plugins for Editor in 0.00 ms.
Mono: successfully reloaded assembly
- Completed reload, in  0.968 seconds
Domain Reload Profiling:
	ReloadAssembly (969ms)
		BeginReloadAssembly (142ms)
			ExecutionOrderSort (0ms)
			DisableScriptedObjects (5ms)
			BackupInstance (0ms)
			ReleaseScriptingObjects (0ms)
			CreateAndSetChildDomain (35ms)
		EndReloadAssembly (740ms)
			LoadAssemblies (94ms)
			RebuildTransferFunctionScriptingTraits (0ms)
			SetupTypeCache (236ms)
			ReleaseScriptCaches (1ms)
			RebuildScriptCaches (36ms)
			SetupLoadedEditorAssemblies (339ms)
				LogAssemblyErrors (0ms)
				InitializePlatformSupportModulesInManaged (31ms)
				SetLoadedEditorAssemblies (0ms)
				RefreshPlugins (1ms)
				BeforeProcessingInitializeOnLoad (58ms)
				ProcessInitializeOnLoadAttributes (216ms)
				ProcessInitializeOnLoadMethodAttributes (25ms)
				AfterProcessingInitializeOnLoad (8ms)
				EditorAssembliesLoaded (0ms)
			ExecutionOrderSort2 (0ms)
			AwakeInstancesAfterBackupRestoration (10ms)
Platform modules already initialized, skipping
Refreshing native plugins compatible for Editor in 2.31 ms, found 3 plugins.
Preloading 0 native plugins for Editor in 0.00 ms.
Unloading 3097 Unused Serialized files (Serialized files now loaded: 0)
Unloading 27 unused Assets / (0.6 MB). Loaded Objects now: 3816.
Memory consumption went from 129.1 MB to 128.4 MB.
Total: 3.221500 ms (FindLiveObjects: 0.279000 ms CreateObjectMapping: 0.107600 ms MarkObjects: 2.482100 ms  DeleteObjects: 0.351700 ms)

AssetImportParameters requested are different than current active one (requested -> active):
  custom:video-decoder-ogg-theora: a1e56fd34408186e4bbccfd4996cb3dc -> 
  custom:container-muxer-webm: aa71ff27fc2769a1b78a27578f13a17b -> 
  custom:container-demuxer-webm: 4f35f7cbe854078d1ac9338744f61a02 -> 
  custom:video-encoder-webm-vp8: eb34c28f22e8b96e1ab97ce403110664 -> 
  custom:audio-encoder-webm-vorbis: bf7c407c2cedff20999df2af8eb42d56 -> 
  custom:framework-win-MediaFoundation: 216162199b28c13a410421893ffa2e32 -> 
  custom:SearchIndexIgnoredProperties: e643bd26f0fe6173181afceb89e7c659 -> 
  custom:container-demuxer-ogg: 62fdf1f143b41e24485cea50d1cbac27 -> 
  custom:video-decoder-webm-vp8: 9c59270c3fd7afecdb556c50c9e8de78 -> 
  custom:audio-decoder-ogg-vorbis: bf7c407c2cedff20999df2af8eb42d56 -> 
========================================================================
Received Prepare
Registering precompiled user dll's ...
Registered in 0.004880 seconds.
Begin MonoManager ReloadAssembly
Symbol file LoadedFromMemory doesn't match image C:\PetProjects\AzurTestTaskTA\Library\PackageCache\com.unity.visualscripting@1.8.0\Editor\VisualScripting.Core\Dependencies\YamlDotNet\Unity.VisualScripting.YamlDotNet.dll
Symbol file LoadedFromMemory doesn't match image C:\PetProjects\AzurTestTaskTA\Library\PackageCache\com.unity.visualscripting@1.8.0\Editor\VisualScripting.Core\Dependencies\DotNetZip\Unity.VisualScripting.IonicZip.dll
Native extension for WindowsStandalone target not found
Native extension for iOS target not found
Native extension for Android target not found
Native extension for WebGL target not found
Refreshing native plugins compatible for Editor in 0.59 ms, found 3 plugins.
Preloading 0 native plugins for Editor in 0.00 ms.
Mono: successfully reloaded assembly
- Completed reload, in  0.963 seconds
Domain Reload Profiling:
	ReloadAssembly (964ms)
		BeginReloadAssembly (130ms)
			ExecutionOrderSort (0ms)
			DisableScriptedObjects (5ms)
			BackupInstance (0ms)
			ReleaseScriptingObjects (0ms)
			CreateAndSetChildDomain (33ms)
		EndReloadAssembly (740ms)
			LoadAssemblies (80ms)
			RebuildTransferFunctionScriptingTraits (0ms)
			SetupTypeCache (236ms)
			ReleaseScriptCaches (1ms)
			RebuildScriptCaches (33ms)
			SetupLoadedEditorAssemblies (353ms)
				LogAssemblyErrors (0ms)
				InitializePlatformSupportModulesInManaged (34ms)
				SetLoadedEditorAssemblies (0ms)
				RefreshPlugins (1ms)
				BeforeProcessingInitializeOnLoad (57ms)
				ProcessInitializeOnLoadAttributes (229ms)
				ProcessInitializeOnLoadMethodAttributes (25ms)
				AfterProcessingInitializeOnLoad (8ms)
				EditorAssembliesLoaded (0ms)
			ExecutionOrderSort2 (0ms)
			AwakeInstancesAfterBackupRestoration (8ms)
Platform modules already initialized, skipping
Refreshing native plugins compatible for Editor in 2.09 ms, found 3 plugins.
Preloading 0 native plugins for Editor in 0.00 ms.
Unloading 3097 Unused Serialized files (Serialized files now loaded: 0)
Unloading 27 unused Assets / (0.6 MB). Loaded Objects now: 3819.
Memory consumption went from 129.1 MB to 128.4 MB.
Total: 4.769600 ms (FindLiveObjects: 0.334000 ms CreateObjectMapping: 0.125700 ms MarkObjects: 3.766900 ms  DeleteObjects: 0.540900 ms)

AssetImportParameters requested are different than current active one (requested -> active):
  custom:video-decoder-ogg-theora: a1e56fd34408186e4bbccfd4996cb3dc -> 
  custom:container-muxer-webm: aa71ff27fc2769a1b78a27578f13a17b -> 
  custom:container-demuxer-webm: 4f35f7cbe854078d1ac9338744f61a02 -> 
  custom:video-encoder-webm-vp8: eb34c28f22e8b96e1ab97ce403110664 -> 
  custom:audio-encoder-webm-vorbis: bf7c407c2cedff20999df2af8eb42d56 -> 
  custom:framework-win-MediaFoundation: 216162199b28c13a410421893ffa2e32 -> 
  custom:SearchIndexIgnoredProperties: e643bd26f0fe6173181afceb89e7c659 -> 
  custom:container-demuxer-ogg: 62fdf1f143b41e24485cea50d1cbac27 -> 
  custom:video-decoder-webm-vp8: 9c59270c3fd7afecdb556c50c9e8de78 -> 
  custom:audio-decoder-ogg-vorbis: bf7c407c2cedff20999df2af8eb42d56 -> 
========================================================================
Received Prepare
Registering precompiled user dll's ...
Registered in 0.004579 seconds.
Begin MonoManager ReloadAssembly
Symbol file LoadedFromMemory doesn't match image C:\PetProjects\AzurTestTaskTA\Library\PackageCache\com.unity.visualscripting@1.8.0\Editor\VisualScripting.Core\Dependencies\YamlDotNet\Unity.VisualScripting.YamlDotNet.dll
Symbol file LoadedFromMemory doesn't match image C:\PetProjects\AzurTestTaskTA\Library\PackageCache\com.unity.visualscripting@1.8.0\Editor\VisualScripting.Core\Dependencies\DotNetZip\Unity.VisualScripting.IonicZip.dll
Native extension for WindowsStandalone target not found
Native extension for iOS target not found
Native extension for Android target not found
Native extension for WebGL target not found
Refreshing native plugins compatible for Editor in 0.77 ms, found 3 plugins.
Preloading 0 native plugins for Editor in 0.00 ms.
Mono: successfully reloaded assembly
- Completed reload, in  0.941 seconds
Domain Reload Profiling:
	ReloadAssembly (942ms)
		BeginReloadAssembly (131ms)
			ExecutionOrderSort (0ms)
			DisableScriptedObjects (5ms)
			BackupInstance (0ms)
			ReleaseScriptingObjects (0ms)
			CreateAndSetChildDomain (34ms)
		EndReloadAssembly (726ms)
			LoadAssemblies (84ms)
			RebuildTransferFunctionScriptingTraits (0ms)
			SetupTypeCache (228ms)
			ReleaseScriptCaches (1ms)
			RebuildScriptCaches (39ms)
			SetupLoadedEditorAssemblies (331ms)
				LogAssemblyErrors (0ms)
				InitializePlatformSupportModulesInManaged (33ms)
				SetLoadedEditorAssemblies (0ms)
				RefreshPlugins (1ms)
				BeforeProcessingInitializeOnLoad (56ms)
				ProcessInitializeOnLoadAttributes (213ms)
				ProcessInitializeOnLoadMethodAttributes (22ms)
				AfterProcessingInitializeOnLoad (6ms)
				EditorAssembliesLoaded (0ms)
			ExecutionOrderSort2 (0ms)
			AwakeInstancesAfterBackupRestoration (7ms)
Platform modules already initialized, skipping
Refreshing native plugins compatible for Editor in 2.13 ms, found 3 plugins.
Preloading 0 native plugins for Editor in 0.00 ms.
Unloading 3097 Unused Serialized files (Serialized files now loaded: 0)
Unloading 27 unused Assets / (0.6 MB). Loaded Objects now: 3822.
Memory consumption went from 129.1 MB to 128.4 MB.
Total: 5.578800 ms (FindLiveObjects: 0.647200 ms CreateObjectMapping: 0.297300 ms MarkObjects: 3.879000 ms  DeleteObjects: 0.753300 ms)

AssetImportParameters requested are different than current active one (requested -> active):
  custom:video-decoder-ogg-theora: a1e56fd34408186e4bbccfd4996cb3dc -> 
  custom:container-muxer-webm: aa71ff27fc2769a1b78a27578f13a17b -> 
  custom:container-demuxer-webm: 4f35f7cbe854078d1ac9338744f61a02 -> 
  custom:video-encoder-webm-vp8: eb34c28f22e8b96e1ab97ce403110664 -> 
  custom:audio-encoder-webm-vorbis: bf7c407c2cedff20999df2af8eb42d56 -> 
  custom:framework-win-MediaFoundation: 216162199b28c13a410421893ffa2e32 -> 
  custom:SearchIndexIgnoredProperties: e643bd26f0fe6173181afceb89e7c659 -> 
  custom:container-demuxer-ogg: 62fdf1f143b41e24485cea50d1cbac27 -> 
  custom:video-decoder-webm-vp8: 9c59270c3fd7afecdb556c50c9e8de78 -> 
  custom:audio-decoder-ogg-vorbis: bf7c407c2cedff20999df2af8eb42d56 -> 
========================================================================
Received Prepare
Registering precompiled user dll's ...
Registered in 0.003406 seconds.
Begin MonoManager ReloadAssembly
Symbol file LoadedFromMemory doesn't match image C:\PetProjects\AzurTestTaskTA\Library\PackageCache\com.unity.visualscripting@1.8.0\Editor\VisualScripting.Core\Dependencies\YamlDotNet\Unity.VisualScripting.YamlDotNet.dll
Symbol file LoadedFromMemory doesn't match image C:\PetProjects\AzurTestTaskTA\Library\PackageCache\com.unity.visualscripting@1.8.0\Editor\VisualScripting.Core\Dependencies\DotNetZip\Unity.VisualScripting.IonicZip.dll
Native extension for WindowsStandalone target not found
Native extension for iOS target not found
Native extension for Android target not found
Native extension for WebGL target not found
Refreshing native plugins compatible for Editor in 0.86 ms, found 3 plugins.
Preloading 0 native plugins for Editor in 0.00 ms.
Mono: successfully reloaded assembly
- Completed reload, in  1.034 seconds
Domain Reload Profiling:
	ReloadAssembly (1035ms)
		BeginReloadAssembly (141ms)
			ExecutionOrderSort (0ms)
			DisableScriptedObjects (5ms)
			BackupInstance (0ms)
			ReleaseScriptingObjects (0ms)
			CreateAndSetChildDomain (37ms)
		EndReloadAssembly (801ms)
			LoadAssemblies (89ms)
			RebuildTransferFunctionScriptingTraits (0ms)
			SetupTypeCache (272ms)
			ReleaseScriptCaches (2ms)
			RebuildScriptCaches (38ms)
			SetupLoadedEditorAssemblies (356ms)
				LogAssemblyErrors (0ms)
				InitializePlatformSupportModulesInManaged (34ms)
				SetLoadedEditorAssemblies (0ms)
				RefreshPlugins (1ms)
				BeforeProcessingInitializeOnLoad (68ms)
				ProcessInitializeOnLoadAttributes (222ms)
				ProcessInitializeOnLoadMethodAttributes (24ms)
				AfterProcessingInitializeOnLoad (7ms)
				EditorAssembliesLoaded (0ms)
			ExecutionOrderSort2 (0ms)
			AwakeInstancesAfterBackupRestoration (7ms)
Platform modules already initialized, skipping
Refreshing native plugins compatible for Editor in 2.22 ms, found 3 plugins.
Preloading 0 native plugins for Editor in 0.00 ms.
Unloading 3097 Unused Serialized files (Serialized files now loaded: 0)
Unloading 27 unused Assets / (0.6 MB). Loaded Objects now: 3825.
Memory consumption went from 129.1 MB to 128.5 MB.
Total: 3.528900 ms (FindLiveObjects: 0.311100 ms CreateObjectMapping: 0.122200 ms MarkObjects: 2.549200 ms  DeleteObjects: 0.545000 ms)

AssetImportParameters requested are different than current active one (requested -> active):
  custom:video-decoder-ogg-theora: a1e56fd34408186e4bbccfd4996cb3dc -> 
  custom:container-muxer-webm: aa71ff27fc2769a1b78a27578f13a17b -> 
  custom:container-demuxer-webm: 4f35f7cbe854078d1ac9338744f61a02 -> 
  custom:video-encoder-webm-vp8: eb34c28f22e8b96e1ab97ce403110664 -> 
  custom:audio-encoder-webm-vorbis: bf7c407c2cedff20999df2af8eb42d56 -> 
  custom:framework-win-MediaFoundation: 216162199b28c13a410421893ffa2e32 -> 
  custom:SearchIndexIgnoredProperties: e643bd26f0fe6173181afceb89e7c659 -> 
  custom:container-demuxer-ogg: 62fdf1f143b41e24485cea50d1cbac27 -> 
  custom:video-decoder-webm-vp8: 9c59270c3fd7afecdb556c50c9e8de78 -> 
  custom:audio-decoder-ogg-vorbis: bf7c407c2cedff20999df2af8eb42d56 -> 
========================================================================
Received Prepare
Registering precompiled user dll's ...
Registered in 0.004730 seconds.
Begin MonoManager ReloadAssembly
Symbol file LoadedFromMemory doesn't match image C:\PetProjects\AzurTestTaskTA\Library\PackageCache\com.unity.visualscripting@1.8.0\Editor\VisualScripting.Core\Dependencies\YamlDotNet\Unity.VisualScripting.YamlDotNet.dll
Symbol file LoadedFromMemory doesn't match image C:\PetProjects\AzurTestTaskTA\Library\PackageCache\com.unity.visualscripting@1.8.0\Editor\VisualScripting.Core\Dependencies\DotNetZip\Unity.VisualScripting.IonicZip.dll
Native extension for WindowsStandalone target not found
Native extension for iOS target not found
Native extension for Android target not found
Native extension for WebGL target not found
Refreshing native plugins compatible for Editor in 0.58 ms, found 3 plugins.
Preloading 0 native plugins for Editor in 0.00 ms.
Mono: successfully reloaded assembly
- Completed reload, in  0.935 seconds
Domain Reload Profiling:
	ReloadAssembly (936ms)
		BeginReloadAssembly (130ms)
			ExecutionOrderSort (0ms)
			DisableScriptedObjects (8ms)
			BackupInstance (0ms)
			ReleaseScriptingObjects (0ms)
			CreateAndSetChildDomain (33ms)
		EndReloadAssembly (722ms)
			LoadAssemblies (78ms)
			RebuildTransferFunctionScriptingTraits (0ms)
			SetupTypeCache (236ms)
			ReleaseScriptCaches (1ms)
			RebuildScriptCaches (33ms)
			SetupLoadedEditorAssemblies (338ms)
				LogAssemblyErrors (0ms)
				InitializePlatformSupportModulesInManaged (32ms)
				SetLoadedEditorAssemblies (0ms)
				RefreshPlugins (1ms)
				BeforeProcessingInitializeOnLoad (58ms)
				ProcessInitializeOnLoadAttributes (212ms)
				ProcessInitializeOnLoadMethodAttributes (25ms)
				AfterProcessingInitializeOnLoad (9ms)
				EditorAssembliesLoaded (0ms)
			ExecutionOrderSort2 (0ms)
			AwakeInstancesAfterBackupRestoration (7ms)
Platform modules already initialized, skipping
Refreshing native plugins compatible for Editor in 2.25 ms, found 3 plugins.
Preloading 0 native plugins for Editor in 0.00 ms.
Unloading 3097 Unused Serialized files (Serialized files now loaded: 0)
Unloading 27 unused Assets / (0.6 MB). Loaded Objects now: 3828.
Memory consumption went from 129.1 MB to 128.5 MB.
Total: 4.345100 ms (FindLiveObjects: 0.550900 ms CreateObjectMapping: 0.323900 ms MarkObjects: 2.856500 ms  DeleteObjects: 0.612300 ms)

AssetImportParameters requested are different than current active one (requested -> active):
  custom:video-decoder-ogg-theora: a1e56fd34408186e4bbccfd4996cb3dc -> 
  custom:container-muxer-webm: aa71ff27fc2769a1b78a27578f13a17b -> 
  custom:container-demuxer-webm: 4f35f7cbe854078d1ac9338744f61a02 -> 
  custom:video-encoder-webm-vp8: eb34c28f22e8b96e1ab97ce403110664 -> 
  custom:audio-encoder-webm-vorbis: bf7c407c2cedff20999df2af8eb42d56 -> 
  custom:framework-win-MediaFoundation: 216162199b28c13a410421893ffa2e32 -> 
  custom:SearchIndexIgnoredProperties: e643bd26f0fe6173181afceb89e7c659 -> 
  custom:container-demuxer-ogg: 62fdf1f143b41e24485cea50d1cbac27 -> 
  custom:video-decoder-webm-vp8: 9c59270c3fd7afecdb556c50c9e8de78 -> 
  custom:audio-decoder-ogg-vorbis: bf7c407c2cedff20999df2af8eb42d56 -> 
========================================================================
Received Prepare
Registering precompiled user dll's ...
Registered in 0.004504 seconds.
Begin MonoManager ReloadAssembly
Symbol file LoadedFromMemory doesn't match image C:\PetProjects\AzurTestTaskTA\Library\PackageCache\com.unity.visualscripting@1.8.0\Editor\VisualScripting.Core\Dependencies\YamlDotNet\Unity.VisualScripting.YamlDotNet.dll
Symbol file LoadedFromMemory doesn't match image C:\PetProjects\AzurTestTaskTA\Library\PackageCache\com.unity.visualscripting@1.8.0\Editor\VisualScripting.Core\Dependencies\DotNetZip\Unity.VisualScripting.IonicZip.dll
Native extension for WindowsStandalone target not found
Native extension for iOS target not found
Native extension for Android target not found
Native extension for WebGL target not found
Refreshing native plugins compatible for Editor in 0.59 ms, found 3 plugins.
Preloading 0 native plugins for Editor in 0.00 ms.
Mono: successfully reloaded assembly
- Completed reload, in  0.921 seconds
Domain Reload Profiling:
	ReloadAssembly (922ms)
		BeginReloadAssembly (138ms)
			ExecutionOrderSort (0ms)
			DisableScriptedObjects (5ms)
			BackupInstance (0ms)
			ReleaseScriptingObjects (0ms)
			CreateAndSetChildDomain (34ms)
		EndReloadAssembly (696ms)
			LoadAssemblies (87ms)
			RebuildTransferFunctionScriptingTraits (0ms)
			SetupTypeCache (219ms)
			ReleaseScriptCaches (1ms)
			RebuildScriptCaches (34ms)
			SetupLoadedEditorAssemblies (324ms)
				LogAssemblyErrors (0ms)
				InitializePlatformSupportModulesInManaged (30ms)
				SetLoadedEditorAssemblies (0ms)
				RefreshPlugins (1ms)
				BeforeProcessingInitializeOnLoad (57ms)
				ProcessInitializeOnLoadAttributes (205ms)
				ProcessInitializeOnLoadMethodAttributes (24ms)
				AfterProcessingInitializeOnLoad (7ms)
				EditorAssembliesLoaded (0ms)
			ExecutionOrderSort2 (0ms)
			AwakeInstancesAfterBackupRestoration (7ms)
Platform modules already initialized, skipping
Refreshing native plugins compatible for Editor in 1.50 ms, found 3 plugins.
Preloading 0 native plugins for Editor in 0.00 ms.
Unloading 3097 Unused Serialized files (Serialized files now loaded: 0)
Unloading 27 unused Assets / (0.6 MB). Loaded Objects now: 3831.
Memory consumption went from 129.1 MB to 128.5 MB.
Total: 2.967200 ms (FindLiveObjects: 0.259700 ms CreateObjectMapping: 0.080500 ms MarkObjects: 2.318300 ms  DeleteObjects: 0.307900 ms)

AssetImportParameters requested are different than current active one (requested -> active):
  custom:video-decoder-ogg-theora: a1e56fd34408186e4bbccfd4996cb3dc -> 
  custom:container-muxer-webm: aa71ff27fc2769a1b78a27578f13a17b -> 
  custom:container-demuxer-webm: 4f35f7cbe854078d1ac9338744f61a02 -> 
  custom:video-encoder-webm-vp8: eb34c28f22e8b96e1ab97ce403110664 -> 
  custom:audio-encoder-webm-vorbis: bf7c407c2cedff20999df2af8eb42d56 -> 
  custom:framework-win-MediaFoundation: 216162199b28c13a410421893ffa2e32 -> 
  custom:SearchIndexIgnoredProperties: e643bd26f0fe6173181afceb89e7c659 -> 
  custom:container-demuxer-ogg: 62fdf1f143b41e24485cea50d1cbac27 -> 
  custom:video-decoder-webm-vp8: 9c59270c3fd7afecdb556c50c9e8de78 -> 
  custom:audio-decoder-ogg-vorbis: bf7c407c2cedff20999df2af8eb42d56 -> 
========================================================================
Received Prepare
Registering precompiled user dll's ...
Registered in 0.003465 seconds.
Begin MonoManager ReloadAssembly
Symbol file LoadedFromMemory doesn't match image C:\PetProjects\AzurTestTaskTA\Library\PackageCache\com.unity.visualscripting@1.8.0\Editor\VisualScripting.Core\Dependencies\YamlDotNet\Unity.VisualScripting.YamlDotNet.dll
Symbol file LoadedFromMemory doesn't match image C:\PetProjects\AzurTestTaskTA\Library\PackageCache\com.unity.visualscripting@1.8.0\Editor\VisualScripting.Core\Dependencies\DotNetZip\Unity.VisualScripting.IonicZip.dll
Native extension for WindowsStandalone target not found
Native extension for iOS target not found
Native extension for Android target not found
Native extension for WebGL target not found
Refreshing native plugins compatible for Editor in 0.64 ms, found 3 plugins.
Preloading 0 native plugins for Editor in 0.00 ms.
Mono: successfully reloaded assembly
- Completed reload, in  0.928 seconds
Domain Reload Profiling:
	ReloadAssembly (929ms)
		BeginReloadAssembly (131ms)
			ExecutionOrderSort (0ms)
			DisableScriptedObjects (5ms)
			BackupInstance (0ms)
			ReleaseScriptingObjects (0ms)
			CreateAndSetChildDomain (34ms)
		EndReloadAssembly (716ms)
			LoadAssemblies (82ms)
			RebuildTransferFunctionScriptingTraits (0ms)
			SetupTypeCache (220ms)
			ReleaseScriptCaches (1ms)
			RebuildScriptCaches (45ms)
			SetupLoadedEditorAssemblies (331ms)
				LogAssemblyErrors (0ms)
				InitializePlatformSupportModulesInManaged (29ms)
				SetLoadedEditorAssemblies (0ms)
				RefreshPlugins (1ms)
				BeforeProcessingInitializeOnLoad (53ms)
				ProcessInitializeOnLoadAttributes (214ms)
				ProcessInitializeOnLoadMethodAttributes (25ms)
				AfterProcessingInitializeOnLoad (8ms)
				EditorAssembliesLoaded (0ms)
			ExecutionOrderSort2 (0ms)
			AwakeInstancesAfterBackupRestoration (7ms)
Platform modules already initialized, skipping
Refreshing native plugins compatible for Editor in 2.33 ms, found 3 plugins.
Preloading 0 native plugins for Editor in 0.00 ms.
Unloading 3097 Unused Serialized files (Serialized files now loaded: 0)
Unloading 27 unused Assets / (0.6 MB). Loaded Objects now: 3834.
Memory consumption went from 129.1 MB to 128.5 MB.
Total: 4.046500 ms (FindLiveObjects: 0.454200 ms CreateObjectMapping: 0.102400 ms MarkObjects: 2.988800 ms  DeleteObjects: 0.499500 ms)

AssetImportParameters requested are different than current active one (requested -> active):
  custom:video-decoder-ogg-theora: a1e56fd34408186e4bbccfd4996cb3dc -> 
  custom:container-muxer-webm: aa71ff27fc2769a1b78a27578f13a17b -> 
  custom:container-demuxer-webm: 4f35f7cbe854078d1ac9338744f61a02 -> 
  custom:video-encoder-webm-vp8: eb34c28f22e8b96e1ab97ce403110664 -> 
  custom:audio-encoder-webm-vorbis: bf7c407c2cedff20999df2af8eb42d56 -> 
  custom:framework-win-MediaFoundation: 216162199b28c13a410421893ffa2e32 -> 
  custom:SearchIndexIgnoredProperties: e643bd26f0fe6173181afceb89e7c659 -> 
  custom:container-demuxer-ogg: 62fdf1f143b41e24485cea50d1cbac27 -> 
  custom:video-decoder-webm-vp8: 9c59270c3fd7afecdb556c50c9e8de78 -> 
  custom:audio-decoder-ogg-vorbis: bf7c407c2cedff20999df2af8eb42d56 -> 
========================================================================
Received Prepare
Registering precompiled user dll's ...
Registered in 0.004466 seconds.
Begin MonoManager ReloadAssembly
Symbol file LoadedFromMemory doesn't match image C:\PetProjects\AzurTestTaskTA\Library\PackageCache\com.unity.visualscripting@1.8.0\Editor\VisualScripting.Core\Dependencies\YamlDotNet\Unity.VisualScripting.YamlDotNet.dll
Symbol file LoadedFromMemory doesn't match image C:\PetProjects\AzurTestTaskTA\Library\PackageCache\com.unity.visualscripting@1.8.0\Editor\VisualScripting.Core\Dependencies\DotNetZip\Unity.VisualScripting.IonicZip.dll
Native extension for WindowsStandalone target not found
Native extension for iOS target not found
Native extension for Android target not found
Native extension for WebGL target not found
Refreshing native plugins compatible for Editor in 0.61 ms, found 3 plugins.
Preloading 0 native plugins for Editor in 0.00 ms.
Mono: successfully reloaded assembly
- Completed reload, in  0.958 seconds
Domain Reload Profiling:
	ReloadAssembly (959ms)
		BeginReloadAssembly (132ms)
			ExecutionOrderSort (0ms)
			DisableScriptedObjects (5ms)
			BackupInstance (0ms)
			ReleaseScriptingObjects (0ms)
			CreateAndSetChildDomain (34ms)
		EndReloadAssembly (742ms)
			LoadAssemblies (85ms)
			RebuildTransferFunctionScriptingTraits (0ms)
			SetupTypeCache (248ms)
			ReleaseScriptCaches (1ms)
			RebuildScriptCaches (36ms)
			SetupLoadedEditorAssemblies (335ms)
				LogAssemblyErrors (0ms)
				InitializePlatformSupportModulesInManaged (32ms)
				SetLoadedEditorAssemblies (0ms)
				RefreshPlugins (1ms)
				BeforeProcessingInitializeOnLoad (54ms)
				ProcessInitializeOnLoadAttributes (215ms)
				ProcessInitializeOnLoadMethodAttributes (27ms)
				AfterProcessingInitializeOnLoad (7ms)
				EditorAssembliesLoaded (0ms)
			ExecutionOrderSort2 (0ms)
			AwakeInstancesAfterBackupRestoration (7ms)
Platform modules already initialized, skipping
Refreshing native plugins compatible for Editor in 2.50 ms, found 3 plugins.
Preloading 0 native plugins for Editor in 0.00 ms.
Unloading 3097 Unused Serialized files (Serialized files now loaded: 0)
Unloading 27 unused Assets / (0.6 MB). Loaded Objects now: 3837.
Memory consumption went from 129.1 MB to 128.5 MB.
Total: 4.274900 ms (FindLiveObjects: 0.346300 ms CreateObjectMapping: 0.115100 ms MarkObjects: 3.277000 ms  DeleteObjects: 0.535200 ms)

AssetImportParameters requested are different than current active one (requested -> active):
  custom:video-decoder-ogg-theora: a1e56fd34408186e4bbccfd4996cb3dc -> 
  custom:container-muxer-webm: aa71ff27fc2769a1b78a27578f13a17b -> 
  custom:container-demuxer-webm: 4f35f7cbe854078d1ac9338744f61a02 -> 
  custom:video-encoder-webm-vp8: eb34c28f22e8b96e1ab97ce403110664 -> 
  custom:audio-encoder-webm-vorbis: bf7c407c2cedff20999df2af8eb42d56 -> 
  custom:framework-win-MediaFoundation: 216162199b28c13a410421893ffa2e32 -> 
  custom:SearchIndexIgnoredProperties: e643bd26f0fe6173181afceb89e7c659 -> 
  custom:container-demuxer-ogg: 62fdf1f143b41e24485cea50d1cbac27 -> 
  custom:video-decoder-webm-vp8: 9c59270c3fd7afecdb556c50c9e8de78 -> 
  custom:audio-decoder-ogg-vorbis: bf7c407c2cedff20999df2af8eb42d56 -> 
========================================================================
Received Prepare
Registering precompiled user dll's ...
Registered in 0.003646 seconds.
Begin MonoManager ReloadAssembly
Symbol file LoadedFromMemory doesn't match image C:\PetProjects\AzurTestTaskTA\Library\PackageCache\com.unity.visualscripting@1.8.0\Editor\VisualScripting.Core\Dependencies\YamlDotNet\Unity.VisualScripting.YamlDotNet.dll
Symbol file LoadedFromMemory doesn't match image C:\PetProjects\AzurTestTaskTA\Library\PackageCache\com.unity.visualscripting@1.8.0\Editor\VisualScripting.Core\Dependencies\DotNetZip\Unity.VisualScripting.IonicZip.dll
Native extension for WindowsStandalone target not found
Native extension for iOS target not found
Native extension for Android target not found
Native extension for WebGL target not found
Refreshing native plugins compatible for Editor in 0.63 ms, found 3 plugins.
Preloading 0 native plugins for Editor in 0.00 ms.
Mono: successfully reloaded assembly
- Completed reload, in  0.904 seconds
Domain Reload Profiling:
	ReloadAssembly (905ms)
		BeginReloadAssembly (136ms)
			ExecutionOrderSort (0ms)
			DisableScriptedObjects (7ms)
			BackupInstance (0ms)
			ReleaseScriptingObjects (0ms)
			CreateAndSetChildDomain (33ms)
		EndReloadAssembly (686ms)
			LoadAssemblies (82ms)
			RebuildTransferFunctionScriptingTraits (0ms)
			SetupTypeCache (250ms)
			ReleaseScriptCaches (1ms)
			RebuildScriptCaches (42ms)
			SetupLoadedEditorAssemblies (278ms)
				LogAssemblyErrors (0ms)
				InitializePlatformSupportModulesInManaged (33ms)
				SetLoadedEditorAssemblies (0ms)
				RefreshPlugins (1ms)
				BeforeProcessingInitializeOnLoad (55ms)
				ProcessInitializeOnLoadAttributes (165ms)
				ProcessInitializeOnLoadMethodAttributes (18ms)
				AfterProcessingInitializeOnLoad (6ms)
				EditorAssembliesLoaded (0ms)
			ExecutionOrderSort2 (0ms)
			AwakeInstancesAfterBackupRestoration (5ms)
Platform modules already initialized, skipping
Refreshing native plugins compatible for Editor in 1.56 ms, found 3 plugins.
Preloading 0 native plugins for Editor in 0.00 ms.
Unloading 3097 Unused Serialized files (Serialized files now loaded: 0)
Unloading 27 unused Assets / (0.6 MB). Loaded Objects now: 3840.
Memory consumption went from 129.1 MB to 128.5 MB.
Total: 3.043900 ms (FindLiveObjects: 0.280400 ms CreateObjectMapping: 0.095600 ms MarkObjects: 2.336700 ms  DeleteObjects: 0.329900 ms)

AssetImportParameters requested are different than current active one (requested -> active):
  custom:video-decoder-ogg-theora: a1e56fd34408186e4bbccfd4996cb3dc -> 
  custom:container-muxer-webm: aa71ff27fc2769a1b78a27578f13a17b -> 
  custom:container-demuxer-webm: 4f35f7cbe854078d1ac9338744f61a02 -> 
  custom:video-encoder-webm-vp8: eb34c28f22e8b96e1ab97ce403110664 -> 
  custom:audio-encoder-webm-vorbis: bf7c407c2cedff20999df2af8eb42d56 -> 
  custom:framework-win-MediaFoundation: 216162199b28c13a410421893ffa2e32 -> 
  custom:SearchIndexIgnoredProperties: e643bd26f0fe6173181afceb89e7c659 -> 
  custom:container-demuxer-ogg: 62fdf1f143b41e24485cea50d1cbac27 -> 
  custom:video-decoder-webm-vp8: 9c59270c3fd7afecdb556c50c9e8de78 -> 
  custom:audio-decoder-ogg-vorbis: bf7c407c2cedff20999df2af8eb42d56 -> 
========================================================================
Received Prepare
Registering precompiled user dll's ...
Registered in 0.004225 seconds.
Begin MonoManager ReloadAssembly
Symbol file LoadedFromMemory doesn't match image C:\PetProjects\AzurTestTaskTA\Library\PackageCache\com.unity.visualscripting@1.8.0\Editor\VisualScripting.Core\Dependencies\YamlDotNet\Unity.VisualScripting.YamlDotNet.dll
Symbol file LoadedFromMemory doesn't match image C:\PetProjects\AzurTestTaskTA\Library\PackageCache\com.unity.visualscripting@1.8.0\Editor\VisualScripting.Core\Dependencies\DotNetZip\Unity.VisualScripting.IonicZip.dll
Native extension for WindowsStandalone target not found
Native extension for iOS target not found
Native extension for Android target not found
Native extension for WebGL target not found
Refreshing native plugins compatible for Editor in 0.63 ms, found 3 plugins.
Preloading 0 native plugins for Editor in 0.00 ms.
Mono: successfully reloaded assembly
- Completed reload, in  0.982 seconds
Domain Reload Profiling:
	ReloadAssembly (983ms)
		BeginReloadAssembly (132ms)
			ExecutionOrderSort (0ms)
			DisableScriptedObjects (5ms)
			BackupInstance (0ms)
			ReleaseScriptingObjects (0ms)
			CreateAndSetChildDomain (33ms)
		EndReloadAssembly (761ms)
			LoadAssemblies (79ms)
			RebuildTransferFunctionScriptingTraits (0ms)
			SetupTypeCache (242ms)
			ReleaseScriptCaches (1ms)
			RebuildScriptCaches (33ms)
			SetupLoadedEditorAssemblies (362ms)
				LogAssemblyErrors (0ms)
				InitializePlatformSupportModulesInManaged (32ms)
				SetLoadedEditorAssemblies (0ms)
				RefreshPlugins (1ms)
				BeforeProcessingInitializeOnLoad (70ms)
				ProcessInitializeOnLoadAttributes (225ms)
				ProcessInitializeOnLoadMethodAttributes (26ms)
				AfterProcessingInitializeOnLoad (7ms)
				EditorAssembliesLoaded (0ms)
			ExecutionOrderSort2 (0ms)
			AwakeInstancesAfterBackupRestoration (7ms)
Platform modules already initialized, skipping
Refreshing native plugins compatible for Editor in 2.36 ms, found 3 plugins.
Preloading 0 native plugins for Editor in 0.00 ms.
Unloading 3097 Unused Serialized files (Serialized files now loaded: 0)
Unloading 27 unused Assets / (0.6 MB). Loaded Objects now: 3843.
Memory consumption went from 129.1 MB to 128.5 MB.
Total: 4.737200 ms (FindLiveObjects: 0.563800 ms CreateObjectMapping: 0.202400 ms MarkObjects: 3.356200 ms  DeleteObjects: 0.613200 ms)

AssetImportParameters requested are different than current active one (requested -> active):
  custom:video-decoder-ogg-theora: a1e56fd34408186e4bbccfd4996cb3dc -> 
  custom:container-muxer-webm: aa71ff27fc2769a1b78a27578f13a17b -> 
  custom:container-demuxer-webm: 4f35f7cbe854078d1ac9338744f61a02 -> 
  custom:video-encoder-webm-vp8: eb34c28f22e8b96e1ab97ce403110664 -> 
  custom:audio-encoder-webm-vorbis: bf7c407c2cedff20999df2af8eb42d56 -> 
  custom:framework-win-MediaFoundation: 216162199b28c13a410421893ffa2e32 -> 
  custom:SearchIndexIgnoredProperties: e643bd26f0fe6173181afceb89e7c659 -> 
  custom:container-demuxer-ogg: 62fdf1f143b41e24485cea50d1cbac27 -> 
  custom:video-decoder-webm-vp8: 9c59270c3fd7afecdb556c50c9e8de78 -> 
  custom:audio-decoder-ogg-vorbis: bf7c407c2cedff20999df2af8eb42d56 -> 
========================================================================
Received Prepare
Registering precompiled user dll's ...
Registered in 0.004447 seconds.
Begin MonoManager ReloadAssembly
Symbol file LoadedFromMemory doesn't match image C:\PetProjects\AzurTestTaskTA\Library\PackageCache\com.unity.visualscripting@1.8.0\Editor\VisualScripting.Core\Dependencies\YamlDotNet\Unity.VisualScripting.YamlDotNet.dll
Symbol file LoadedFromMemory doesn't match image C:\PetProjects\AzurTestTaskTA\Library\PackageCache\com.unity.visualscripting@1.8.0\Editor\VisualScripting.Core\Dependencies\DotNetZip\Unity.VisualScripting.IonicZip.dll
Native extension for WindowsStandalone target not found
Native extension for iOS target not found
Native extension for Android target not found
Native extension for WebGL target not found
Refreshing native plugins compatible for Editor in 0.59 ms, found 3 plugins.
Preloading 0 native plugins for Editor in 0.00 ms.
Mono: successfully reloaded assembly
- Completed reload, in  0.935 seconds
Domain Reload Profiling:
	ReloadAssembly (935ms)
		BeginReloadAssembly (141ms)
			ExecutionOrderSort (0ms)
			DisableScriptedObjects (5ms)
			BackupInstance (0ms)
			ReleaseScriptingObjects (0ms)
			CreateAndSetChildDomain (35ms)
		EndReloadAssembly (705ms)
			LoadAssemblies (87ms)
			RebuildTransferFunctionScriptingTraits (0ms)
			SetupTypeCache (234ms)
			ReleaseScriptCaches (1ms)
			RebuildScriptCaches (36ms)
			SetupLoadedEditorAssemblies (310ms)
				LogAssemblyErrors (0ms)
				InitializePlatformSupportModulesInManaged (32ms)
				SetLoadedEditorAssemblies (0ms)
				RefreshPlugins (1ms)
				BeforeProcessingInitializeOnLoad (58ms)
				ProcessInitializeOnLoadAttributes (185ms)
				ProcessInitializeOnLoadMethodAttributes (26ms)
				AfterProcessingInitializeOnLoad (8ms)
				EditorAssembliesLoaded (0ms)
			ExecutionOrderSort2 (0ms)
			AwakeInstancesAfterBackupRestoration (9ms)
Platform modules already initialized, skipping
Refreshing native plugins compatible for Editor in 1.44 ms, found 3 plugins.
Preloading 0 native plugins for Editor in 0.00 ms.
Unloading 3097 Unused Serialized files (Serialized files now loaded: 0)
Unloading 27 unused Assets / (0.6 MB). Loaded Objects now: 3846.
Memory consumption went from 129.2 MB to 128.5 MB.
Total: 3.068400 ms (FindLiveObjects: 0.260400 ms CreateObjectMapping: 0.086800 ms MarkObjects: 2.397800 ms  DeleteObjects: 0.322500 ms)

AssetImportParameters requested are different than current active one (requested -> active):
  custom:video-decoder-ogg-theora: a1e56fd34408186e4bbccfd4996cb3dc -> 
  custom:container-muxer-webm: aa71ff27fc2769a1b78a27578f13a17b -> 
  custom:container-demuxer-webm: 4f35f7cbe854078d1ac9338744f61a02 -> 
  custom:video-encoder-webm-vp8: eb34c28f22e8b96e1ab97ce403110664 -> 
  custom:audio-encoder-webm-vorbis: bf7c407c2cedff20999df2af8eb42d56 -> 
  custom:framework-win-MediaFoundation: 216162199b28c13a410421893ffa2e32 -> 
  custom:SearchIndexIgnoredProperties: e643bd26f0fe6173181afceb89e7c659 -> 
  custom:container-demuxer-ogg: 62fdf1f143b41e24485cea50d1cbac27 -> 
  custom:video-decoder-webm-vp8: 9c59270c3fd7afecdb556c50c9e8de78 -> 
  custom:audio-decoder-ogg-vorbis: bf7c407c2cedff20999df2af8eb42d56 -> 
========================================================================
Received Prepare
Registering precompiled user dll's ...
Registered in 0.003468 seconds.
Begin MonoManager ReloadAssembly
Symbol file LoadedFromMemory doesn't match image C:\PetProjects\AzurTestTaskTA\Library\PackageCache\com.unity.visualscripting@1.8.0\Editor\VisualScripting.Core\Dependencies\YamlDotNet\Unity.VisualScripting.YamlDotNet.dll
Symbol file LoadedFromMemory doesn't match image C:\PetProjects\AzurTestTaskTA\Library\PackageCache\com.unity.visualscripting@1.8.0\Editor\VisualScripting.Core\Dependencies\DotNetZip\Unity.VisualScripting.IonicZip.dll
Native extension for WindowsStandalone target not found
Native extension for iOS target not found
Native extension for Android target not found
Native extension for WebGL target not found
Refreshing native plugins compatible for Editor in 0.63 ms, found 3 plugins.
Preloading 0 native plugins for Editor in 0.00 ms.
Mono: successfully reloaded assembly
- Completed reload, in  0.888 seconds
Domain Reload Profiling:
	ReloadAssembly (889ms)
		BeginReloadAssembly (138ms)
			ExecutionOrderSort (0ms)
			DisableScriptedObjects (7ms)
			BackupInstance (0ms)
			ReleaseScriptingObjects (0ms)
			CreateAndSetChildDomain (34ms)
		EndReloadAssembly (667ms)
			LoadAssemblies (85ms)
			RebuildTransferFunctionScriptingTraits (0ms)
			SetupTypeCache (228ms)
			ReleaseScriptCaches (1ms)
			RebuildScriptCaches (34ms)
			SetupLoadedEditorAssemblies (290ms)
				LogAssemblyErrors (0ms)
				InitializePlatformSupportModulesInManaged (33ms)
				SetLoadedEditorAssemblies (0ms)
				RefreshPlugins (1ms)
				BeforeProcessingInitializeOnLoad (56ms)
				ProcessInitializeOnLoadAttributes (176ms)
				ProcessInitializeOnLoadMethodAttributes (18ms)
				AfterProcessingInitializeOnLoad (6ms)
				EditorAssembliesLoaded (0ms)
			ExecutionOrderSort2 (0ms)
			AwakeInstancesAfterBackupRestoration (5ms)
Platform modules already initialized, skipping
Refreshing native plugins compatible for Editor in 1.42 ms, found 3 plugins.
Preloading 0 native plugins for Editor in 0.00 ms.
Unloading 3097 Unused Serialized files (Serialized files now loaded: 0)
Unloading 27 unused Assets / (0.6 MB). Loaded Objects now: 3849.
Memory consumption went from 129.2 MB to 128.5 MB.
Total: 3.244900 ms (FindLiveObjects: 0.302600 ms CreateObjectMapping: 0.123500 ms MarkObjects: 2.470900 ms  DeleteObjects: 0.346200 ms)

AssetImportParameters requested are different than current active one (requested -> active):
  custom:video-decoder-ogg-theora: a1e56fd34408186e4bbccfd4996cb3dc -> 
  custom:container-muxer-webm: aa71ff27fc2769a1b78a27578f13a17b -> 
  custom:container-demuxer-webm: 4f35f7cbe854078d1ac9338744f61a02 -> 
  custom:video-encoder-webm-vp8: eb34c28f22e8b96e1ab97ce403110664 -> 
  custom:audio-encoder-webm-vorbis: bf7c407c2cedff20999df2af8eb42d56 -> 
  custom:framework-win-MediaFoundation: 216162199b28c13a410421893ffa2e32 -> 
  custom:SearchIndexIgnoredProperties: e643bd26f0fe6173181afceb89e7c659 -> 
  custom:container-demuxer-ogg: 62fdf1f143b41e24485cea50d1cbac27 -> 
  custom:video-decoder-webm-vp8: 9c59270c3fd7afecdb556c50c9e8de78 -> 
  custom:audio-decoder-ogg-vorbis: bf7c407c2cedff20999df2af8eb42d56 -> 
========================================================================
Received Prepare
Registering precompiled user dll's ...
Registered in 0.004254 seconds.
Begin MonoManager ReloadAssembly
Symbol file LoadedFromMemory doesn't match image C:\PetProjects\AzurTestTaskTA\Library\PackageCache\com.unity.visualscripting@1.8.0\Editor\VisualScripting.Core\Dependencies\YamlDotNet\Unity.VisualScripting.YamlDotNet.dll
Symbol file LoadedFromMemory doesn't match image C:\PetProjects\AzurTestTaskTA\Library\PackageCache\com.unity.visualscripting@1.8.0\Editor\VisualScripting.Core\Dependencies\DotNetZip\Unity.VisualScripting.IonicZip.dll
Native extension for WindowsStandalone target not found
Native extension for iOS target not found
Native extension for Android target not found
Native extension for WebGL target not found
Refreshing native plugins compatible for Editor in 0.62 ms, found 3 plugins.
Preloading 0 native plugins for Editor in 0.00 ms.
Mono: successfully reloaded assembly
- Completed reload, in  0.933 seconds
Domain Reload Profiling:
	ReloadAssembly (934ms)
		BeginReloadAssembly (133ms)
			ExecutionOrderSort (0ms)
			DisableScriptedObjects (5ms)
			BackupInstance (0ms)
			ReleaseScriptingObjects (0ms)
			CreateAndSetChildDomain (38ms)
		EndReloadAssembly (710ms)
			LoadAssemblies (77ms)
			RebuildTransferFunctionScriptingTraits (0ms)
			SetupTypeCache (228ms)
			ReleaseScriptCaches (1ms)
			RebuildScriptCaches (33ms)
			SetupLoadedEditorAssemblies (330ms)
				LogAssemblyErrors (0ms)
				InitializePlatformSupportModulesInManaged (31ms)
				SetLoadedEditorAssemblies (0ms)
				RefreshPlugins (1ms)
				BeforeProcessingInitializeOnLoad (57ms)
				ProcessInitializeOnLoadAttributes (208ms)
				ProcessInitializeOnLoadMethodAttributes (24ms)
				AfterProcessingInitializeOnLoad (8ms)
				EditorAssembliesLoaded (0ms)
			ExecutionOrderSort2 (0ms)
			AwakeInstancesAfterBackupRestoration (8ms)
Platform modules already initialized, skipping
Refreshing native plugins compatible for Editor in 2.14 ms, found 3 plugins.
Preloading 0 native plugins for Editor in 0.00 ms.
Unloading 3097 Unused Serialized files (Serialized files now loaded: 0)
Unloading 27 unused Assets / (0.6 MB). Loaded Objects now: 3852.
Memory consumption went from 129.2 MB to 128.5 MB.
Total: 4.648000 ms (FindLiveObjects: 0.413000 ms CreateObjectMapping: 0.099000 ms MarkObjects: 3.576400 ms  DeleteObjects: 0.557600 ms)

AssetImportParameters requested are different than current active one (requested -> active):
  custom:video-decoder-ogg-theora: a1e56fd34408186e4bbccfd4996cb3dc -> 
  custom:container-muxer-webm: aa71ff27fc2769a1b78a27578f13a17b -> 
  custom:container-demuxer-webm: 4f35f7cbe854078d1ac9338744f61a02 -> 
  custom:video-encoder-webm-vp8: eb34c28f22e8b96e1ab97ce403110664 -> 
  custom:audio-encoder-webm-vorbis: bf7c407c2cedff20999df2af8eb42d56 -> 
  custom:framework-win-MediaFoundation: 216162199b28c13a410421893ffa2e32 -> 
  custom:SearchIndexIgnoredProperties: e643bd26f0fe6173181afceb89e7c659 -> 
  custom:container-demuxer-ogg: 62fdf1f143b41e24485cea50d1cbac27 -> 
  custom:video-decoder-webm-vp8: 9c59270c3fd7afecdb556c50c9e8de78 -> 
  custom:audio-decoder-ogg-vorbis: bf7c407c2cedff20999df2af8eb42d56 -> 
========================================================================
Received Prepare
Registering precompiled user dll's ...
Registered in 0.006276 seconds.
Begin MonoManager ReloadAssembly
Symbol file LoadedFromMemory doesn't match image C:\PetProjects\AzurTestTaskTA\Library\PackageCache\com.unity.visualscripting@1.8.0\Editor\VisualScripting.Core\Dependencies\YamlDotNet\Unity.VisualScripting.YamlDotNet.dll
Symbol file LoadedFromMemory doesn't match image C:\PetProjects\AzurTestTaskTA\Library\PackageCache\com.unity.visualscripting@1.8.0\Editor\VisualScripting.Core\Dependencies\DotNetZip\Unity.VisualScripting.IonicZip.dll
Native extension for WindowsStandalone target not found
Native extension for iOS target not found
Native extension for Android target not found
Native extension for WebGL target not found
Refreshing native plugins compatible for Editor in 0.58 ms, found 3 plugins.
Preloading 0 native plugins for Editor in 0.00 ms.
Mono: successfully reloaded assembly
- Completed reload, in  0.963 seconds
Domain Reload Profiling:
	ReloadAssembly (964ms)
		BeginReloadAssembly (136ms)
			ExecutionOrderSort (0ms)
			DisableScriptedObjects (5ms)
			BackupInstance (0ms)
			ReleaseScriptingObjects (0ms)
			CreateAndSetChildDomain (36ms)
		EndReloadAssembly (732ms)
			LoadAssemblies (81ms)
			RebuildTransferFunctionScriptingTraits (0ms)
			SetupTypeCache (231ms)
			ReleaseScriptCaches (1ms)
			RebuildScriptCaches (34ms)
			SetupLoadedEditorAssemblies (346ms)
				LogAssemblyErrors (0ms)
				InitializePlatformSupportModulesInManaged (32ms)
				SetLoadedEditorAssemblies (0ms)
				RefreshPlugins (1ms)
				BeforeProcessingInitializeOnLoad (59ms)
				ProcessInitializeOnLoadAttributes (220ms)
				ProcessInitializeOnLoadMethodAttributes (25ms)
				AfterProcessingInitializeOnLoad (9ms)
				EditorAssembliesLoaded (0ms)
			ExecutionOrderSort2 (0ms)
			AwakeInstancesAfterBackupRestoration (8ms)
Platform modules already initialized, skipping
Refreshing native plugins compatible for Editor in 2.29 ms, found 3 plugins.
Preloading 0 native plugins for Editor in 0.00 ms.
Unloading 3097 Unused Serialized files (Serialized files now loaded: 0)
Unloading 27 unused Assets / (0.6 MB). Loaded Objects now: 3855.
Memory consumption went from 129.2 MB to 128.5 MB.
Total: 4.512000 ms (FindLiveObjects: 0.482000 ms CreateObjectMapping: 0.100600 ms MarkObjects: 3.382800 ms  DeleteObjects: 0.544900 ms)

AssetImportParameters requested are different than current active one (requested -> active):
  custom:video-decoder-ogg-theora: a1e56fd34408186e4bbccfd4996cb3dc -> 
  custom:container-muxer-webm: aa71ff27fc2769a1b78a27578f13a17b -> 
  custom:container-demuxer-webm: 4f35f7cbe854078d1ac9338744f61a02 -> 
  custom:video-encoder-webm-vp8: eb34c28f22e8b96e1ab97ce403110664 -> 
  custom:audio-encoder-webm-vorbis: bf7c407c2cedff20999df2af8eb42d56 -> 
  custom:framework-win-MediaFoundation: 216162199b28c13a410421893ffa2e32 -> 
  custom:SearchIndexIgnoredProperties: e643bd26f0fe6173181afceb89e7c659 -> 
  custom:container-demuxer-ogg: 62fdf1f143b41e24485cea50d1cbac27 -> 
  custom:video-decoder-webm-vp8: 9c59270c3fd7afecdb556c50c9e8de78 -> 
  custom:audio-decoder-ogg-vorbis: bf7c407c2cedff20999df2af8eb42d56 -> 
========================================================================
Received Prepare
Registering precompiled user dll's ...
Registered in 0.004112 seconds.
Begin MonoManager ReloadAssembly
Symbol file LoadedFromMemory doesn't match image C:\PetProjects\AzurTestTaskTA\Library\PackageCache\com.unity.visualscripting@1.8.0\Editor\VisualScripting.Core\Dependencies\YamlDotNet\Unity.VisualScripting.YamlDotNet.dll
Symbol file LoadedFromMemory doesn't match image C:\PetProjects\AzurTestTaskTA\Library\PackageCache\com.unity.visualscripting@1.8.0\Editor\VisualScripting.Core\Dependencies\DotNetZip\Unity.VisualScripting.IonicZip.dll
Native extension for WindowsStandalone target not found
Native extension for iOS target not found
Native extension for Android target not found
Native extension for WebGL target not found
Refreshing native plugins compatible for Editor in 0.61 ms, found 3 plugins.
Preloading 0 native plugins for Editor in 0.00 ms.
Mono: successfully reloaded assembly
- Completed reload, in  0.927 seconds
Domain Reload Profiling:
	ReloadAssembly (928ms)
		BeginReloadAssembly (136ms)
			ExecutionOrderSort (0ms)
			DisableScriptedObjects (6ms)
			BackupInstance (0ms)
			ReleaseScriptingObjects (0ms)
			CreateAndSetChildDomain (37ms)
		EndReloadAssembly (706ms)
			LoadAssemblies (82ms)
			RebuildTransferFunctionScriptingTraits (0ms)
			SetupTypeCache (218ms)
			ReleaseScriptCaches (2ms)
			RebuildScriptCaches (43ms)
			SetupLoadedEditorAssemblies (325ms)
				LogAssemblyErrors (0ms)
				InitializePlatformSupportModulesInManaged (30ms)
				SetLoadedEditorAssemblies (0ms)
				RefreshPlugins (1ms)
				BeforeProcessingInitializeOnLoad (55ms)
				ProcessInitializeOnLoadAttributes (207ms)
				ProcessInitializeOnLoadMethodAttributes (24ms)
				AfterProcessingInitializeOnLoad (7ms)
				EditorAssembliesLoaded (0ms)
			ExecutionOrderSort2 (0ms)
			AwakeInstancesAfterBackupRestoration (7ms)
Platform modules already initialized, skipping
Refreshing native plugins compatible for Editor in 2.65 ms, found 3 plugins.
Preloading 0 native plugins for Editor in 0.00 ms.
Unloading 3097 Unused Serialized files (Serialized files now loaded: 0)
Unloading 27 unused Assets / (0.6 MB). Loaded Objects now: 3858.
Memory consumption went from 129.2 MB to 128.5 MB.
Total: 5.912800 ms (FindLiveObjects: 0.820000 ms CreateObjectMapping: 0.521300 ms MarkObjects: 3.948600 ms  DeleteObjects: 0.621300 ms)

AssetImportParameters requested are different than current active one (requested -> active):
  custom:video-decoder-ogg-theora: a1e56fd34408186e4bbccfd4996cb3dc -> 
  custom:container-muxer-webm: aa71ff27fc2769a1b78a27578f13a17b -> 
  custom:container-demuxer-webm: 4f35f7cbe854078d1ac9338744f61a02 -> 
  custom:video-encoder-webm-vp8: eb34c28f22e8b96e1ab97ce403110664 -> 
  custom:audio-encoder-webm-vorbis: bf7c407c2cedff20999df2af8eb42d56 -> 
  custom:framework-win-MediaFoundation: 216162199b28c13a410421893ffa2e32 -> 
  custom:SearchIndexIgnoredProperties: e643bd26f0fe6173181afceb89e7c659 -> 
  custom:container-demuxer-ogg: 62fdf1f143b41e24485cea50d1cbac27 -> 
  custom:video-decoder-webm-vp8: 9c59270c3fd7afecdb556c50c9e8de78 -> 
  custom:audio-decoder-ogg-vorbis: bf7c407c2cedff20999df2af8eb42d56 -> 
========================================================================
Received Prepare
Registering precompiled user dll's ...
Registered in 0.003426 seconds.
Begin MonoManager ReloadAssembly
Symbol file LoadedFromMemory doesn't match image C:\PetProjects\AzurTestTaskTA\Library\PackageCache\com.unity.visualscripting@1.8.0\Editor\VisualScripting.Core\Dependencies\YamlDotNet\Unity.VisualScripting.YamlDotNet.dll
Symbol file LoadedFromMemory doesn't match image C:\PetProjects\AzurTestTaskTA\Library\PackageCache\com.unity.visualscripting@1.8.0\Editor\VisualScripting.Core\Dependencies\DotNetZip\Unity.VisualScripting.IonicZip.dll
Native extension for WindowsStandalone target not found
Native extension for iOS target not found
Native extension for Android target not found
Native extension for WebGL target not found
Refreshing native plugins compatible for Editor in 0.59 ms, found 3 plugins.
Preloading 0 native plugins for Editor in 0.00 ms.
Mono: successfully reloaded assembly
- Completed reload, in  0.961 seconds
Domain Reload Profiling:
	ReloadAssembly (962ms)
		BeginReloadAssembly (140ms)
			ExecutionOrderSort (0ms)
			DisableScriptedObjects (5ms)
			BackupInstance (0ms)
			ReleaseScriptingObjects (0ms)
			CreateAndSetChildDomain (34ms)
		EndReloadAssembly (735ms)
			LoadAssemblies (91ms)
			RebuildTransferFunctionScriptingTraits (0ms)
			SetupTypeCache (231ms)
			ReleaseScriptCaches (1ms)
			RebuildScriptCaches (36ms)
			SetupLoadedEditorAssemblies (341ms)
				LogAssemblyErrors (0ms)
				InitializePlatformSupportModulesInManaged (31ms)
				SetLoadedEditorAssemblies (0ms)
				RefreshPlugins (1ms)
				BeforeProcessingInitializeOnLoad (59ms)
				ProcessInitializeOnLoadAttributes (216ms)
				ProcessInitializeOnLoadMethodAttributes (26ms)
				AfterProcessingInitializeOnLoad (8ms)
				EditorAssembliesLoaded (0ms)
			ExecutionOrderSort2 (0ms)
			AwakeInstancesAfterBackupRestoration (7ms)
Platform modules already initialized, skipping
Refreshing native plugins compatible for Editor in 2.60 ms, found 3 plugins.
Preloading 0 native plugins for Editor in 0.00 ms.
Unloading 3097 Unused Serialized files (Serialized files now loaded: 0)
Unloading 27 unused Assets / (0.6 MB). Loaded Objects now: 3861.
Memory consumption went from 129.2 MB to 128.6 MB.
Total: 4.631500 ms (FindLiveObjects: 0.732700 ms CreateObjectMapping: 0.250800 ms MarkObjects: 3.113800 ms  DeleteObjects: 0.532800 ms)

AssetImportParameters requested are different than current active one (requested -> active):
  custom:video-decoder-ogg-theora: a1e56fd34408186e4bbccfd4996cb3dc -> 
  custom:container-muxer-webm: aa71ff27fc2769a1b78a27578f13a17b -> 
  custom:container-demuxer-webm: 4f35f7cbe854078d1ac9338744f61a02 -> 
  custom:video-encoder-webm-vp8: eb34c28f22e8b96e1ab97ce403110664 -> 
  custom:audio-encoder-webm-vorbis: bf7c407c2cedff20999df2af8eb42d56 -> 
  custom:framework-win-MediaFoundation: 216162199b28c13a410421893ffa2e32 -> 
  custom:SearchIndexIgnoredProperties: e643bd26f0fe6173181afceb89e7c659 -> 
  custom:container-demuxer-ogg: 62fdf1f143b41e24485cea50d1cbac27 -> 
  custom:video-decoder-webm-vp8: 9c59270c3fd7afecdb556c50c9e8de78 -> 
  custom:audio-decoder-ogg-vorbis: bf7c407c2cedff20999df2af8eb42d56 -> 
========================================================================
Received Prepare
Registering precompiled user dll's ...
Registered in 0.003441 seconds.
Begin MonoManager ReloadAssembly
Symbol file LoadedFromMemory doesn't match image C:\PetProjects\AzurTestTaskTA\Library\PackageCache\com.unity.visualscripting@1.8.0\Editor\VisualScripting.Core\Dependencies\YamlDotNet\Unity.VisualScripting.YamlDotNet.dll
Symbol file LoadedFromMemory doesn't match image C:\PetProjects\AzurTestTaskTA\Library\PackageCache\com.unity.visualscripting@1.8.0\Editor\VisualScripting.Core\Dependencies\DotNetZip\Unity.VisualScripting.IonicZip.dll
Native extension for WindowsStandalone target not found
Native extension for iOS target not found
Native extension for Android target not found
Native extension for WebGL target not found
Refreshing native plugins compatible for Editor in 0.62 ms, found 3 plugins.
Preloading 0 native plugins for Editor in 0.00 ms.
Mono: successfully reloaded assembly
- Completed reload, in  0.882 seconds
Domain Reload Profiling:
	ReloadAssembly (883ms)
		BeginReloadAssembly (133ms)
			ExecutionOrderSort (0ms)
			DisableScriptedObjects (6ms)
			BackupInstance (0ms)
			ReleaseScriptingObjects (0ms)
			CreateAndSetChildDomain (36ms)
		EndReloadAssembly (668ms)
			LoadAssemblies (82ms)
			RebuildTransferFunctionScriptingTraits (0ms)
			SetupTypeCache (227ms)
			ReleaseScriptCaches (1ms)
			RebuildScriptCaches (35ms)
			SetupLoadedEditorAssemblies (283ms)
				LogAssemblyErrors (0ms)
				InitializePlatformSupportModulesInManaged (32ms)
				SetLoadedEditorAssemblies (0ms)
				RefreshPlugins (1ms)
				BeforeProcessingInitializeOnLoad (55ms)
				ProcessInitializeOnLoadAttributes (162ms)
				ProcessInitializeOnLoadMethodAttributes (23ms)
				AfterProcessingInitializeOnLoad (9ms)
				EditorAssembliesLoaded (0ms)
			ExecutionOrderSort2 (0ms)
			AwakeInstancesAfterBackupRestoration (7ms)
Platform modules already initialized, skipping
Refreshing native plugins compatible for Editor in 1.45 ms, found 3 plugins.
Preloading 0 native plugins for Editor in 0.00 ms.
Unloading 3097 Unused Serialized files (Serialized files now loaded: 0)
Unloading 27 unused Assets / (0.6 MB). Loaded Objects now: 3864.
Memory consumption went from 129.2 MB to 128.6 MB.
Total: 3.111600 ms (FindLiveObjects: 0.280600 ms CreateObjectMapping: 0.100700 ms MarkObjects: 2.409600 ms  DeleteObjects: 0.319600 ms)

AssetImportParameters requested are different than current active one (requested -> active):
  custom:video-decoder-ogg-theora: a1e56fd34408186e4bbccfd4996cb3dc -> 
  custom:container-muxer-webm: aa71ff27fc2769a1b78a27578f13a17b -> 
  custom:container-demuxer-webm: 4f35f7cbe854078d1ac9338744f61a02 -> 
  custom:video-encoder-webm-vp8: eb34c28f22e8b96e1ab97ce403110664 -> 
  custom:audio-encoder-webm-vorbis: bf7c407c2cedff20999df2af8eb42d56 -> 
  custom:framework-win-MediaFoundation: 216162199b28c13a410421893ffa2e32 -> 
  custom:SearchIndexIgnoredProperties: e643bd26f0fe6173181afceb89e7c659 -> 
  custom:container-demuxer-ogg: 62fdf1f143b41e24485cea50d1cbac27 -> 
  custom:video-decoder-webm-vp8: 9c59270c3fd7afecdb556c50c9e8de78 -> 
  custom:audio-decoder-ogg-vorbis: bf7c407c2cedff20999df2af8eb42d56 -> 
========================================================================
Received Prepare
Registering precompiled user dll's ...
Registered in 0.003669 seconds.
Begin MonoManager ReloadAssembly
Symbol file LoadedFromMemory doesn't match image C:\PetProjects\AzurTestTaskTA\Library\PackageCache\com.unity.visualscripting@1.8.0\Editor\VisualScripting.Core\Dependencies\YamlDotNet\Unity.VisualScripting.YamlDotNet.dll
Symbol file LoadedFromMemory doesn't match image C:\PetProjects\AzurTestTaskTA\Library\PackageCache\com.unity.visualscripting@1.8.0\Editor\VisualScripting.Core\Dependencies\DotNetZip\Unity.VisualScripting.IonicZip.dll
Native extension for WindowsStandalone target not found
Native extension for iOS target not found
Native extension for Android target not found
Native extension for WebGL target not found
Refreshing native plugins compatible for Editor in 0.60 ms, found 3 plugins.
Preloading 0 native plugins for Editor in 0.00 ms.
Mono: successfully reloaded assembly
- Completed reload, in  1.002 seconds
Domain Reload Profiling:
	ReloadAssembly (1003ms)
		BeginReloadAssembly (141ms)
			ExecutionOrderSort (0ms)
			DisableScriptedObjects (5ms)
			BackupInstance (0ms)
			ReleaseScriptingObjects (0ms)
			CreateAndSetChildDomain (40ms)
		EndReloadAssembly (773ms)
			LoadAssemblies (87ms)
			RebuildTransferFunctionScriptingTraits (0ms)
			SetupTypeCache (253ms)
			ReleaseScriptCaches (1ms)
			RebuildScriptCaches (37ms)
			SetupLoadedEditorAssemblies (355ms)
				LogAssemblyErrors (0ms)
				InitializePlatformSupportModulesInManaged (37ms)
				SetLoadedEditorAssemblies (0ms)
				RefreshPlugins (1ms)
				BeforeProcessingInitializeOnLoad (70ms)
				ProcessInitializeOnLoadAttributes (214ms)
				ProcessInitializeOnLoadMethodAttributes (24ms)
				AfterProcessingInitializeOnLoad (10ms)
				EditorAssembliesLoaded (0ms)
			ExecutionOrderSort2 (0ms)
			AwakeInstancesAfterBackupRestoration (7ms)
Platform modules already initialized, skipping
Refreshing native plugins compatible for Editor in 2.23 ms, found 3 plugins.
Preloading 0 native plugins for Editor in 0.00 ms.
Unloading 3097 Unused Serialized files (Serialized files now loaded: 0)
Unloading 27 unused Assets / (0.6 MB). Loaded Objects now: 3867.
Memory consumption went from 129.2 MB to 128.6 MB.
Total: 5.148500 ms (FindLiveObjects: 0.456600 ms CreateObjectMapping: 0.121500 ms MarkObjects: 4.123100 ms  DeleteObjects: 0.445700 ms)

AssetImportParameters requested are different than current active one (requested -> active):
  custom:video-decoder-ogg-theora: a1e56fd34408186e4bbccfd4996cb3dc -> 
  custom:container-muxer-webm: aa71ff27fc2769a1b78a27578f13a17b -> 
  custom:container-demuxer-webm: 4f35f7cbe854078d1ac9338744f61a02 -> 
  custom:video-encoder-webm-vp8: eb34c28f22e8b96e1ab97ce403110664 -> 
  custom:audio-encoder-webm-vorbis: bf7c407c2cedff20999df2af8eb42d56 -> 
  custom:framework-win-MediaFoundation: 216162199b28c13a410421893ffa2e32 -> 
  custom:SearchIndexIgnoredProperties: e643bd26f0fe6173181afceb89e7c659 -> 
  custom:container-demuxer-ogg: 62fdf1f143b41e24485cea50d1cbac27 -> 
  custom:video-decoder-webm-vp8: 9c59270c3fd7afecdb556c50c9e8de78 -> 
  custom:audio-decoder-ogg-vorbis: bf7c407c2cedff20999df2af8eb42d56 -> 
