Using pre-set license
Built from '2021.3/release' branch; Version is '2021.3.27f1 (ca3ffb99bcc6) revision 13254651'; Using compiler version '192829333'; Build Type 'Release'
OS: 'Windows 10  (10.0.19045) 64bit Core' Language: 'ru' Physical Memory: 15775 MB
BatchMode: 1, IsHumanControllingUs: 0, StartBugReporterOnCrash: 0, Is64bit: 1, IsPro: 1

COMMAND LINE ARGUMENTS:
C:\Program Files\Unity\Hub\Editor\2021.3.27f1\Editor\Unity.exe
-adb2
-batchMode
-noUpm
-name
AssetImportWorker0
-projectPath
C:/PetProjects/AzurTestTaskTA
-logFile
Logs/AssetImportWorker0.log
-srvPort
59102
Successfully changed project path to: C:/PetProjects/AzurTestTaskTA
C:/PetProjects/AzurTestTaskTA
[UnityMemory] Configuration Parameters - Can be set up in boot.config
    "memorysetup-bucket-allocator-granularity=16"
    "memorysetup-bucket-allocator-bucket-count=8"
    "memorysetup-bucket-allocator-block-size=33554432"
    "memorysetup-bucket-allocator-block-count=8"
    "memorysetup-main-allocator-block-size=16777216"
    "memorysetup-thread-allocator-block-size=16777216"
    "memorysetup-gfx-main-allocator-block-size=16777216"
    "memorysetup-gfx-thread-allocator-block-size=16777216"
    "memorysetup-cache-allocator-block-size=4194304"
    "memorysetup-typetree-allocator-block-size=2097152"
    "memorysetup-profiler-bucket-allocator-granularity=16"
    "memorysetup-profiler-bucket-allocator-bucket-count=8"
    "memorysetup-profiler-bucket-allocator-block-size=33554432"
    "memorysetup-profiler-bucket-allocator-block-count=8"
    "memorysetup-profiler-allocator-block-size=16777216"
    "memorysetup-profiler-editor-allocator-block-size=1048576"
    "memorysetup-temp-allocator-size-main=16777216"
    "memorysetup-job-temp-allocator-block-size=2097152"
    "memorysetup-job-temp-allocator-block-size-background=1048576"
    "memorysetup-job-temp-allocator-reduction-small-platforms=262144"
    "memorysetup-temp-allocator-size-background-worker=32768"
    "memorysetup-temp-allocator-size-job-worker=262144"
    "memorysetup-temp-allocator-size-preload-manager=33554432"
    "memorysetup-temp-allocator-size-nav-mesh-worker=65536"
    "memorysetup-temp-allocator-size-audio-worker=65536"
    "memorysetup-temp-allocator-size-cloud-worker=32768"
    "memorysetup-temp-allocator-size-gi-baking-worker=262144"
    "memorysetup-temp-allocator-size-gfx=262144"
Player connection [11560] Host "[IP] 10.0.0.1 [Port] 0 [Flags] 2 [Guid] 726827325 [EditorId] 726827325 [Version] 1048832 [Id] WindowsEditor(7,DESKTOP-C6GO51N) [Debug] 1 [PackageName] WindowsEditor [ProjectName] Editor" joined multi-casting on [225.0.0.222:54997]...

Player connection [11560] Host "[IP] 10.0.0.1 [Port] 0 [Flags] 2 [Guid] 726827325 [EditorId] 726827325 [Version] 1048832 [Id] WindowsEditor(7,DESKTOP-C6GO51N) [Debug] 1 [PackageName] WindowsEditor [ProjectName] Editor" joined alternative multi-casting on [225.0.0.222:34997]...

Refreshing native plugins compatible for Editor in 79.41 ms, found 3 plugins.
Preloading 0 native plugins for Editor in 0.00 ms.
Initialize engine version: 2021.3.27f1 (ca3ffb99bcc6)
[Subsystems] Discovering subsystems at path C:/Program Files/Unity/Hub/Editor/2021.3.27f1/Editor/Data/Resources/UnitySubsystems
[Subsystems] Discovering subsystems at path C:/PetProjects/AzurTestTaskTA/Assets
GfxDevice: creating device client; threaded=0; jobified=0
Direct3D:
    Version:  Direct3D 11.0 [level 11.1]
    Renderer: AMD Radeon(TM) Graphics (ID=0x1638)
    Vendor:   ATI
    VRAM:     7887 MB
    Driver:   30.0.13016.3
Initialize mono
Mono path[0] = 'C:/Program Files/Unity/Hub/Editor/2021.3.27f1/Editor/Data/Managed'
Mono path[1] = 'C:/Program Files/Unity/Hub/Editor/2021.3.27f1/Editor/Data/MonoBleedingEdge/lib/mono/unityjit-win32'
Mono config path = 'C:/Program Files/Unity/Hub/Editor/2021.3.27f1/Editor/Data/MonoBleedingEdge/etc'
Using monoOptions --debugger-agent=transport=dt_socket,embedding=1,server=y,suspend=n,address=127.0.0.1:56712
Begin MonoManager ReloadAssembly
Registering precompiled unity dll's ...
Register platform support module: C:/Program Files/Unity/Hub/Editor/2021.3.27f1/Editor/Data/PlaybackEngines/WebGLSupport/UnityEditor.WebGL.Extensions.dll
Register platform support module: C:/Program Files/Unity/Hub/Editor/2021.3.27f1/Editor/Data/PlaybackEngines/AndroidPlayer/UnityEditor.Android.Extensions.dll
Register platform support module: C:/Program Files/Unity/Hub/Editor/2021.3.27f1/Editor/Data/PlaybackEngines/iOSSupport/UnityEditor.iOS.Extensions.dll
Register platform support module: C:/Program Files/Unity/Hub/Editor/2021.3.27f1/Editor/Data/PlaybackEngines/WindowsStandaloneSupport/UnityEditor.WindowsStandalone.Extensions.dll
Registered in 0.009939 seconds.
Native extension for WindowsStandalone target not found
[usbmuxd] Start listen thread
[usbmuxd] Listen thread started
Native extension for iOS target not found
Native extension for Android target not found
Native extension for WebGL target not found
Refreshing native plugins compatible for Editor in 74.36 ms, found 3 plugins.
Preloading 0 native plugins for Editor in 0.00 ms.
Mono: successfully reloaded assembly
- Completed reload, in  0.739 seconds
Domain Reload Profiling:
	ReloadAssembly (740ms)
		BeginReloadAssembly (96ms)
			ExecutionOrderSort (0ms)
			DisableScriptedObjects (0ms)
			BackupInstance (0ms)
			ReleaseScriptingObjects (0ms)
			CreateAndSetChildDomain (1ms)
		EndReloadAssembly (532ms)
			LoadAssemblies (95ms)
			RebuildTransferFunctionScriptingTraits (0ms)
			SetupTypeCache (118ms)
			ReleaseScriptCaches (0ms)
			RebuildScriptCaches (29ms)
			SetupLoadedEditorAssemblies (329ms)
				LogAssemblyErrors (0ms)
				InitializePlatformSupportModulesInManaged (106ms)
				SetLoadedEditorAssemblies (0ms)
				RefreshPlugins (74ms)
				BeforeProcessingInitializeOnLoad (1ms)
				ProcessInitializeOnLoadAttributes (95ms)
				ProcessInitializeOnLoadMethodAttributes (52ms)
				AfterProcessingInitializeOnLoad (0ms)
				EditorAssembliesLoaded (0ms)
			ExecutionOrderSort2 (0ms)
			AwakeInstancesAfterBackupRestoration (0ms)
Platform modules already initialized, skipping
Registering precompiled user dll's ...
Registered in 0.006472 seconds.
Begin MonoManager ReloadAssembly
Symbol file LoadedFromMemory doesn't match image C:\PetProjects\AzurTestTaskTA\Library\PackageCache\com.unity.visualscripting@1.8.0\Editor\VisualScripting.Core\Dependencies\YamlDotNet\Unity.VisualScripting.YamlDotNet.dll
Symbol file LoadedFromMemory doesn't match image C:\PetProjects\AzurTestTaskTA\Library\PackageCache\com.unity.visualscripting@1.8.0\Editor\VisualScripting.Core\Dependencies\DotNetZip\Unity.VisualScripting.IonicZip.dll
Native extension for WindowsStandalone target not found
Native extension for iOS target not found
Native extension for Android target not found
Native extension for WebGL target not found
Refreshing native plugins compatible for Editor in 0.67 ms, found 3 plugins.
Preloading 0 native plugins for Editor in 0.00 ms.
Mono: successfully reloaded assembly
- Completed reload, in  1.113 seconds
Domain Reload Profiling:
	ReloadAssembly (1114ms)
		BeginReloadAssembly (140ms)
			ExecutionOrderSort (0ms)
			DisableScriptedObjects (6ms)
			BackupInstance (0ms)
			ReleaseScriptingObjects (0ms)
			CreateAndSetChildDomain (27ms)
		EndReloadAssembly (859ms)
			LoadAssemblies (104ms)
			RebuildTransferFunctionScriptingTraits (0ms)
			SetupTypeCache (285ms)
			ReleaseScriptCaches (1ms)
			RebuildScriptCaches (54ms)
			SetupLoadedEditorAssemblies (378ms)
				LogAssemblyErrors (0ms)
				InitializePlatformSupportModulesInManaged (38ms)
				SetLoadedEditorAssemblies (0ms)
				RefreshPlugins (1ms)
				BeforeProcessingInitializeOnLoad (82ms)
				ProcessInitializeOnLoadAttributes (227ms)
				ProcessInitializeOnLoadMethodAttributes (23ms)
				AfterProcessingInitializeOnLoad (7ms)
				EditorAssembliesLoaded (0ms)
			ExecutionOrderSort2 (0ms)
			AwakeInstancesAfterBackupRestoration (7ms)
Platform modules already initialized, skipping
========================================================================
Worker process is ready to serve import requests
Launched and connected shader compiler UnityShaderCompiler.exe after 0.36 seconds
Refreshing native plugins compatible for Editor in 0.67 ms, found 3 plugins.
Preloading 0 native plugins for Editor in 0.00 ms.
Unloading 3106 Unused Serialized files (Serialized files now loaded: 0)
Unloading 21 unused Assets / (20.4 KB). Loaded Objects now: 3597.
Memory consumption went from 135.0 MB to 134.9 MB.
Total: 3.507600 ms (FindLiveObjects: 0.290500 ms CreateObjectMapping: 0.117000 ms MarkObjects: 3.035900 ms  DeleteObjects: 0.063300 ms)

AssetImportParameters requested are different than current active one (requested -> active):
  custom:video-decoder-ogg-theora: a1e56fd34408186e4bbccfd4996cb3dc -> 
  custom:container-muxer-webm: aa71ff27fc2769a1b78a27578f13a17b -> 
  custom:container-demuxer-webm: 4f35f7cbe854078d1ac9338744f61a02 -> 
  custom:video-encoder-webm-vp8: eb34c28f22e8b96e1ab97ce403110664 -> 
  custom:audio-encoder-webm-vorbis: bf7c407c2cedff20999df2af8eb42d56 -> 
  custom:framework-win-MediaFoundation: 216162199b28c13a410421893ffa2e32 -> 
  custom:container-demuxer-ogg: 62fdf1f143b41e24485cea50d1cbac27 -> 
  custom:video-decoder-webm-vp8: 9c59270c3fd7afecdb556c50c9e8de78 -> 
  custom:audio-decoder-ogg-vorbis: bf7c407c2cedff20999df2af8eb42d56 -> 
========================================================================
Received Import Request.
  Time since last request: 2339295.878694 seconds.
  path: Assets/AzurTestTask/Sprites/Hand.png
  artifactKey: Guid(03a99169b062df04d947efef250c706f) Importer(815301076,1909f56bfc062723c751e8b465ee728b)
Start importing Assets/AzurTestTask/Sprites/Hand.png using Guid(03a99169b062df04d947efef250c706f) Importer(815301076,1909f56bfc062723c751e8b465ee728b)  -> (artifact id: '281f3380bf4757c27557299f48eff83c') in 0.111486 seconds 
========================================================================
Received Import Request.
  Time since last request: 0.950170 seconds.
  path: Assets/AzurTestTask/Sprites/Hand.png
  artifactKey: Guid(03a99169b062df04d947efef250c706f) Importer(815301076,1909f56bfc062723c751e8b465ee728b)
Start importing Assets/AzurTestTask/Sprites/Hand.png using Guid(03a99169b062df04d947efef250c706f) Importer(815301076,1909f56bfc062723c751e8b465ee728b)  -> (artifact id: '6a2f23a70a4ea25e53a89ae10776703f') in 0.043755 seconds 
========================================================================
Received Import Request.
  Time since last request: 768.781361 seconds.
  path: Assets/AzurTestTask/BreatheFireV-R9EvE.ttf
  artifactKey: Guid(f57e2cd0aff4f664eb0696cfd64ae1ac) Importer(815301076,1909f56bfc062723c751e8b465ee728b)
Start importing Assets/AzurTestTask/BreatheFireV-R9EvE.ttf using Guid(f57e2cd0aff4f664eb0696cfd64ae1ac) Importer(815301076,1909f56bfc062723c751e8b465ee728b)  -> (artifact id: '7125be04e5b0acef0014963fc0810a1c') in 0.064566 seconds 
========================================================================
Received Import Request.
  Time since last request: 412.715921 seconds.
  path: Assets/TextMesh Pro/BreatheFireV-R9EvE SDF.asset
  artifactKey: Guid(984afd0df2a58864da675927bbc490bc) Importer(815301076,1909f56bfc062723c751e8b465ee728b)
Start importing Assets/TextMesh Pro/BreatheFireV-R9EvE SDF.asset using Guid(984afd0df2a58864da675927bbc490bc) Importer(815301076,1909f56bfc062723c751e8b465ee728b)  -> (artifact id: 'c5f25d309c95809b820533ba1d182046') in 0.198689 seconds 
========================================================================
Received Import Request.
  Time since last request: 0.460333 seconds.
  path: Assets/TextMesh Pro/Glyph Report.txt
  artifactKey: Guid(06183c5e1d3b6bf43a8e1d8406ec6fa2) Importer(815301076,1909f56bfc062723c751e8b465ee728b)
Start importing Assets/TextMesh Pro/Glyph Report.txt using Guid(06183c5e1d3b6bf43a8e1d8406ec6fa2) Importer(815301076,1909f56bfc062723c751e8b465ee728b)  -> (artifact id: '57ed1490e1d42476418fd92858e36ad3') in 0.014434 seconds 
========================================================================
Received Import Request.
  Time since last request: 95.672895 seconds.
  path: Assets/TextMesh Pro/Resources/Fonts & Materials/LiberationSans SDF - Fallback.asset
  artifactKey: Guid(2e498d1c8094910479dc3e1b768306a4) Importer(815301076,1909f56bfc062723c751e8b465ee728b)
Start importing Assets/TextMesh Pro/Resources/Fonts & Materials/LiberationSans SDF - Fallback.asset using Guid(2e498d1c8094910479dc3e1b768306a4) Importer(815301076,1909f56bfc062723c751e8b465ee728b)  -> (artifact id: '8bc2eea1c38a67510c9137b1c9da04e8') in 0.076740 seconds 
========================================================================
Received Import Request.
  Time since last request: 2057.162805 seconds.
  path: Assets/AzurTestTask/Sprites/Icons.png
  artifactKey: Guid(c9d0f633ee0dffd4bac5683fe6b744e4) Importer(815301076,1909f56bfc062723c751e8b465ee728b)
Start importing Assets/AzurTestTask/Sprites/Icons.png using Guid(c9d0f633ee0dffd4bac5683fe6b744e4) Importer(815301076,1909f56bfc062723c751e8b465ee728b)  -> (artifact id: 'ac494d06df7d0fe5649830ba51025054') in 0.018868 seconds 
========================================================================
Received Import Request.
  Time since last request: 6.786434 seconds.
  path: Assets/AzurTestTask/Sprites/Icons.png
  artifactKey: Guid(c9d0f633ee0dffd4bac5683fe6b744e4) Importer(815301076,1909f56bfc062723c751e8b465ee728b)
Start importing Assets/AzurTestTask/Sprites/Icons.png using Guid(c9d0f633ee0dffd4bac5683fe6b744e4) Importer(815301076,1909f56bfc062723c751e8b465ee728b)  -> (artifact id: '4e4296775b1b46bd9d6bc98069955e80') in 0.023975 seconds 
========================================================================
Received Import Request.
  Time since last request: 46.549394 seconds.
  path: Assets/AzurTestTask/Sprites/Icons.asset
  artifactKey: Guid(5135916d69e48d048a86acfc5df3a2e9) Importer(815301076,1909f56bfc062723c751e8b465ee728b)
Start importing Assets/AzurTestTask/Sprites/Icons.asset using Guid(5135916d69e48d048a86acfc5df3a2e9) Importer(815301076,1909f56bfc062723c751e8b465ee728b)  -> (artifact id: '466e7bd71674e201772031e81c270f31') in 0.007558 seconds 
========================================================================
Received Import Request.
  Time since last request: 9.432643 seconds.
  path: Assets/TextMesh Pro/BreatheFireV-R9EvE SDF.asset
  artifactKey: Guid(984afd0df2a58864da675927bbc490bc) Importer(815301076,1909f56bfc062723c751e8b465ee728b)
Start importing Assets/TextMesh Pro/BreatheFireV-R9EvE SDF.asset using Guid(984afd0df2a58864da675927bbc490bc) Importer(815301076,1909f56bfc062723c751e8b465ee728b)  -> (artifact id: '310ebeecac8bf57c8b5bfa0a70bd7027') in 0.040729 seconds 
========================================================================
Received Import Request.
  Time since last request: 184.332736 seconds.
  path: Assets/AzurTestTask/Sprites/Icons.png
  artifactKey: Guid(c9d0f633ee0dffd4bac5683fe6b744e4) Importer(815301076,1909f56bfc062723c751e8b465ee728b)
Start importing Assets/AzurTestTask/Sprites/Icons.png using Guid(c9d0f633ee0dffd4bac5683fe6b744e4) Importer(815301076,1909f56bfc062723c751e8b465ee728b)  -> (artifact id: '4e25055e0f1affea91f523593fa506b8') in 0.014764 seconds 
========================================================================
Received Import Request.
  Time since last request: 26.657435 seconds.
  path: Assets/AzurTestTask/Sprites/Icons.png
  artifactKey: Guid(c9d0f633ee0dffd4bac5683fe6b744e4) Importer(815301076,1909f56bfc062723c751e8b465ee728b)
Start importing Assets/AzurTestTask/Sprites/Icons.png using Guid(c9d0f633ee0dffd4bac5683fe6b744e4) Importer(815301076,1909f56bfc062723c751e8b465ee728b)  -> (artifact id: '0f8e5704992849741179940bcaf12ace') in 0.022269 seconds 
========================================================================
Received Import Request.
  Time since last request: 152.681109 seconds.
  path: Assets/AzurTestTask/Sprites/Icons.asset
  artifactKey: Guid(5135916d69e48d048a86acfc5df3a2e9) Importer(815301076,1909f56bfc062723c751e8b465ee728b)
Start importing Assets/AzurTestTask/Sprites/Icons.asset using Guid(5135916d69e48d048a86acfc5df3a2e9) Importer(815301076,1909f56bfc062723c751e8b465ee728b)  -> (artifact id: '173ca83c42d73a4ab15d8cec3e27f1da') in 0.004897 seconds 
========================================================================
Received Prepare
Registering precompiled user dll's ...
Registered in 0.003978 seconds.
Begin MonoManager ReloadAssembly
Symbol file LoadedFromMemory doesn't match image C:\PetProjects\AzurTestTaskTA\Library\PackageCache\com.unity.visualscripting@1.8.0\Editor\VisualScripting.Core\Dependencies\YamlDotNet\Unity.VisualScripting.YamlDotNet.dll
Symbol file LoadedFromMemory doesn't match image C:\PetProjects\AzurTestTaskTA\Library\PackageCache\com.unity.visualscripting@1.8.0\Editor\VisualScripting.Core\Dependencies\DotNetZip\Unity.VisualScripting.IonicZip.dll
Native extension for WindowsStandalone target not found
Native extension for iOS target not found
Native extension for Android target not found
Native extension for WebGL target not found
Refreshing native plugins compatible for Editor in 0.71 ms, found 3 plugins.
Preloading 0 native plugins for Editor in 0.00 ms.
Mono: successfully reloaded assembly
- Completed reload, in  1.297 seconds
Domain Reload Profiling:
	ReloadAssembly (1298ms)
		BeginReloadAssembly (274ms)
			ExecutionOrderSort (0ms)
			DisableScriptedObjects (11ms)
			BackupInstance (0ms)
			ReleaseScriptingObjects (0ms)
			CreateAndSetChildDomain (109ms)
		EndReloadAssembly (913ms)
			LoadAssemblies (125ms)
			RebuildTransferFunctionScriptingTraits (0ms)
			SetupTypeCache (336ms)
			ReleaseScriptCaches (1ms)
			RebuildScriptCaches (50ms)
			SetupLoadedEditorAssemblies (360ms)
				LogAssemblyErrors (0ms)
				InitializePlatformSupportModulesInManaged (53ms)
				SetLoadedEditorAssemblies (1ms)
				RefreshPlugins (1ms)
				BeforeProcessingInitializeOnLoad (66ms)
				ProcessInitializeOnLoadAttributes (210ms)
				ProcessInitializeOnLoadMethodAttributes (22ms)
				AfterProcessingInitializeOnLoad (7ms)
				EditorAssembliesLoaded (0ms)
			ExecutionOrderSort2 (0ms)
			AwakeInstancesAfterBackupRestoration (7ms)
Platform modules already initialized, skipping
Refreshing native plugins compatible for Editor in 1.79 ms, found 3 plugins.
Preloading 0 native plugins for Editor in 0.00 ms.
Unloading 3085 Unused Serialized files (Serialized files now loaded: 0)
Unloading 15 unused Assets / (21.9 KB). Loaded Objects now: 3654.
Memory consumption went from 133.6 MB to 133.5 MB.
Total: 4.784900 ms (FindLiveObjects: 0.265700 ms CreateObjectMapping: 0.102400 ms MarkObjects: 4.351900 ms  DeleteObjects: 0.063900 ms)

AssetImportParameters requested are different than current active one (requested -> active):
  custom:video-decoder-ogg-theora: a1e56fd34408186e4bbccfd4996cb3dc -> 
  custom:container-muxer-webm: aa71ff27fc2769a1b78a27578f13a17b -> 
  custom:container-demuxer-webm: 4f35f7cbe854078d1ac9338744f61a02 -> 
  custom:video-encoder-webm-vp8: eb34c28f22e8b96e1ab97ce403110664 -> 
  custom:audio-encoder-webm-vorbis: bf7c407c2cedff20999df2af8eb42d56 -> 
  custom:framework-win-MediaFoundation: 216162199b28c13a410421893ffa2e32 -> 
  custom:container-demuxer-ogg: 62fdf1f143b41e24485cea50d1cbac27 -> 
  custom:video-decoder-webm-vp8: 9c59270c3fd7afecdb556c50c9e8de78 -> 
  custom:audio-decoder-ogg-vorbis: bf7c407c2cedff20999df2af8eb42d56 -> 
========================================================================
Received Import Request.
  Time since last request: 1361.868739 seconds.
  path: Assets/TextMesh Pro/Resources/Sprite Assets/EmojiOne.asset
  artifactKey: Guid(c41005c129ba4d66911b75229fd70b45) Importer(815301076,1909f56bfc062723c751e8b465ee728b)
Start importing Assets/TextMesh Pro/Resources/Sprite Assets/EmojiOne.asset using Guid(c41005c129ba4d66911b75229fd70b45) Importer(815301076,1909f56bfc062723c751e8b465ee728b)  -> (artifact id: '3950451084668360d05945240589cf11') in 0.061754 seconds 
========================================================================
Received Import Request.
  Time since last request: 51.085842 seconds.
  path: Assets/AzurTestTask/Sprites/Heart_128.png
  artifactKey: Guid(0a34dfd0dc1d28e40b032d1be3460d8b) Importer(815301076,1909f56bfc062723c751e8b465ee728b)
Start importing Assets/AzurTestTask/Sprites/Heart_128.png using Guid(0a34dfd0dc1d28e40b032d1be3460d8b) Importer(815301076,1909f56bfc062723c751e8b465ee728b)  -> (artifact id: 'c65c55f2a472281df883c1c1b1e0ec34') in 0.050220 seconds 
========================================================================
Received Import Request.
  Time since last request: 7.105058 seconds.
  path: Assets/AzurTestTask/Sprites/Heart_128.png
  artifactKey: Guid(0a34dfd0dc1d28e40b032d1be3460d8b) Importer(815301076,1909f56bfc062723c751e8b465ee728b)
Start importing Assets/AzurTestTask/Sprites/Heart_128.png using Guid(0a34dfd0dc1d28e40b032d1be3460d8b) Importer(815301076,1909f56bfc062723c751e8b465ee728b)  -> (artifact id: '785787263d526554ae8501e13473aaff') in 0.034299 seconds 
========================================================================
Received Import Request.
  Time since last request: 6.463024 seconds.
  path: Assets/AzurTestTask/Sprites/Coin_128.png
  artifactKey: Guid(ed5819982e8bc0a48a21967c5dc95099) Importer(815301076,1909f56bfc062723c751e8b465ee728b)
Start importing Assets/AzurTestTask/Sprites/Coin_128.png using Guid(ed5819982e8bc0a48a21967c5dc95099) Importer(815301076,1909f56bfc062723c751e8b465ee728b)  -> (artifact id: '097fe4b275dd1d061a13c8130e76ac8d') in 0.016101 seconds 
========================================================================
Received Import Request.
  Time since last request: 6.495002 seconds.
  path: Assets/AzurTestTask/Sprites/Coin_128.png
  artifactKey: Guid(ed5819982e8bc0a48a21967c5dc95099) Importer(815301076,1909f56bfc062723c751e8b465ee728b)
Start importing Assets/AzurTestTask/Sprites/Coin_128.png using Guid(ed5819982e8bc0a48a21967c5dc95099) Importer(815301076,1909f56bfc062723c751e8b465ee728b)  -> (artifact id: '4cb32faf2ae7f9d09f418bd748ced100') in 0.018519 seconds 
========================================================================
Received Import Request.
  Time since last request: 2783.107107 seconds.
  path: Assets/AzurTestTask/Scripts/TapToStartTutorial.cs
  artifactKey: Guid(c857884dea4273e47b8558862584c0f7) Importer(815301076,1909f56bfc062723c751e8b465ee728b)
Start importing Assets/AzurTestTask/Scripts/TapToStartTutorial.cs using Guid(c857884dea4273e47b8558862584c0f7) Importer(815301076,1909f56bfc062723c751e8b465ee728b)  -> (artifact id: '003a4ec272893fc491ae7c3ba5506823') in 0.013598 seconds 
========================================================================
Received Prepare
Registering precompiled user dll's ...
Registered in 0.003922 seconds.
Begin MonoManager ReloadAssembly
Symbol file LoadedFromMemory doesn't match image C:\PetProjects\AzurTestTaskTA\Library\PackageCache\com.unity.visualscripting@1.8.0\Editor\VisualScripting.Core\Dependencies\YamlDotNet\Unity.VisualScripting.YamlDotNet.dll
Symbol file LoadedFromMemory doesn't match image C:\PetProjects\AzurTestTaskTA\Library\PackageCache\com.unity.visualscripting@1.8.0\Editor\VisualScripting.Core\Dependencies\DotNetZip\Unity.VisualScripting.IonicZip.dll
Native extension for WindowsStandalone target not found
Native extension for iOS target not found
Native extension for Android target not found
Native extension for WebGL target not found
Refreshing native plugins compatible for Editor in 0.58 ms, found 3 plugins.
Preloading 0 native plugins for Editor in 0.00 ms.
Mono: successfully reloaded assembly
- Completed reload, in  0.834 seconds
Domain Reload Profiling:
	ReloadAssembly (835ms)
		BeginReloadAssembly (131ms)
			ExecutionOrderSort (0ms)
			DisableScriptedObjects (5ms)
			BackupInstance (0ms)
			ReleaseScriptingObjects (0ms)
			CreateAndSetChildDomain (36ms)
		EndReloadAssembly (618ms)
			LoadAssemblies (82ms)
			RebuildTransferFunctionScriptingTraits (0ms)
			SetupTypeCache (210ms)
			ReleaseScriptCaches (1ms)
			RebuildScriptCaches (34ms)
			SetupLoadedEditorAssemblies (262ms)
				LogAssemblyErrors (0ms)
				InitializePlatformSupportModulesInManaged (30ms)
				SetLoadedEditorAssemblies (0ms)
				RefreshPlugins (1ms)
				BeforeProcessingInitializeOnLoad (52ms)
				ProcessInitializeOnLoadAttributes (154ms)
				ProcessInitializeOnLoadMethodAttributes (19ms)
				AfterProcessingInitializeOnLoad (6ms)
				EditorAssembliesLoaded (0ms)
			ExecutionOrderSort2 (0ms)
			AwakeInstancesAfterBackupRestoration (5ms)
Platform modules already initialized, skipping
Refreshing native plugins compatible for Editor in 1.58 ms, found 3 plugins.
Preloading 0 native plugins for Editor in 0.00 ms.
Unloading 3086 Unused Serialized files (Serialized files now loaded: 0)
Unloading 15 unused Assets / (22.0 KB). Loaded Objects now: 3659.
Memory consumption went from 133.6 MB to 133.6 MB.
Total: 3.008600 ms (FindLiveObjects: 0.268000 ms CreateObjectMapping: 0.077100 ms MarkObjects: 2.631900 ms  DeleteObjects: 0.030500 ms)

AssetImportParameters requested are different than current active one (requested -> active):
  custom:video-decoder-ogg-theora: a1e56fd34408186e4bbccfd4996cb3dc -> 
  custom:container-muxer-webm: aa71ff27fc2769a1b78a27578f13a17b -> 
  custom:container-demuxer-webm: 4f35f7cbe854078d1ac9338744f61a02 -> 
  custom:video-encoder-webm-vp8: eb34c28f22e8b96e1ab97ce403110664 -> 
  custom:audio-encoder-webm-vorbis: bf7c407c2cedff20999df2af8eb42d56 -> 
  custom:framework-win-MediaFoundation: 216162199b28c13a410421893ffa2e32 -> 
  custom:container-demuxer-ogg: 62fdf1f143b41e24485cea50d1cbac27 -> 
  custom:video-decoder-webm-vp8: 9c59270c3fd7afecdb556c50c9e8de78 -> 
  custom:audio-decoder-ogg-vorbis: bf7c407c2cedff20999df2af8eb42d56 -> 
========================================================================
Received Import Request.
  Time since last request: 69.802905 seconds.
  path: Assets/AzurTestTask/Scripts/TapToStartTutorial.cs
  artifactKey: Guid(c857884dea4273e47b8558862584c0f7) Importer(815301076,1909f56bfc062723c751e8b465ee728b)
Start importing Assets/AzurTestTask/Scripts/TapToStartTutorial.cs using Guid(c857884dea4273e47b8558862584c0f7) Importer(815301076,1909f56bfc062723c751e8b465ee728b)  -> (artifact id: 'e4eb98677cd1c391a02e89553a82ab1f') in 0.132063 seconds 
========================================================================
Received Prepare
Registering precompiled user dll's ...
Registered in 0.003977 seconds.
Begin MonoManager ReloadAssembly
Symbol file LoadedFromMemory doesn't match image C:\PetProjects\AzurTestTaskTA\Library\PackageCache\com.unity.visualscripting@1.8.0\Editor\VisualScripting.Core\Dependencies\YamlDotNet\Unity.VisualScripting.YamlDotNet.dll
Symbol file LoadedFromMemory doesn't match image C:\PetProjects\AzurTestTaskTA\Library\PackageCache\com.unity.visualscripting@1.8.0\Editor\VisualScripting.Core\Dependencies\DotNetZip\Unity.VisualScripting.IonicZip.dll
Native extension for WindowsStandalone target not found
Native extension for iOS target not found
Native extension for Android target not found
Native extension for WebGL target not found
Refreshing native plugins compatible for Editor in 0.67 ms, found 3 plugins.
Preloading 0 native plugins for Editor in 0.00 ms.
Mono: successfully reloaded assembly
- Completed reload, in  0.867 seconds
Domain Reload Profiling:
	ReloadAssembly (868ms)
		BeginReloadAssembly (135ms)
			ExecutionOrderSort (0ms)
			DisableScriptedObjects (6ms)
			BackupInstance (0ms)
			ReleaseScriptingObjects (0ms)
			CreateAndSetChildDomain (35ms)
		EndReloadAssembly (643ms)
			LoadAssemblies (82ms)
			RebuildTransferFunctionScriptingTraits (0ms)
			SetupTypeCache (219ms)
			ReleaseScriptCaches (1ms)
			RebuildScriptCaches (35ms)
			SetupLoadedEditorAssemblies (270ms)
				LogAssemblyErrors (0ms)
				InitializePlatformSupportModulesInManaged (31ms)
				SetLoadedEditorAssemblies (0ms)
				RefreshPlugins (1ms)
				BeforeProcessingInitializeOnLoad (55ms)
				ProcessInitializeOnLoadAttributes (160ms)
				ProcessInitializeOnLoadMethodAttributes (16ms)
				AfterProcessingInitializeOnLoad (6ms)
				EditorAssembliesLoaded (0ms)
			ExecutionOrderSort2 (0ms)
			AwakeInstancesAfterBackupRestoration (5ms)
Platform modules already initialized, skipping
Refreshing native plugins compatible for Editor in 1.47 ms, found 3 plugins.
Preloading 0 native plugins for Editor in 0.00 ms.
Unloading 3085 Unused Serialized files (Serialized files now loaded: 0)
Unloading 16 unused Assets / (21.9 KB). Loaded Objects now: 3661.
Memory consumption went from 133.6 MB to 133.6 MB.
Total: 2.960200 ms (FindLiveObjects: 0.249600 ms CreateObjectMapping: 0.091700 ms MarkObjects: 2.567800 ms  DeleteObjects: 0.049800 ms)

AssetImportParameters requested are different than current active one (requested -> active):
  custom:video-decoder-ogg-theora: a1e56fd34408186e4bbccfd4996cb3dc -> 
  custom:container-muxer-webm: aa71ff27fc2769a1b78a27578f13a17b -> 
  custom:container-demuxer-webm: 4f35f7cbe854078d1ac9338744f61a02 -> 
  custom:video-encoder-webm-vp8: eb34c28f22e8b96e1ab97ce403110664 -> 
  custom:audio-encoder-webm-vorbis: bf7c407c2cedff20999df2af8eb42d56 -> 
  custom:framework-win-MediaFoundation: 216162199b28c13a410421893ffa2e32 -> 
  custom:container-demuxer-ogg: 62fdf1f143b41e24485cea50d1cbac27 -> 
  custom:video-decoder-webm-vp8: 9c59270c3fd7afecdb556c50c9e8de78 -> 
  custom:audio-decoder-ogg-vorbis: bf7c407c2cedff20999df2af8eb42d56 -> 
========================================================================
Received Import Request.
  Time since last request: 4550.316646 seconds.
  path: Assets/TextMesh Pro/Fonts
  artifactKey: Guid(6ab70aee4d56447429c680537fbf93ed) Importer(815301076,1909f56bfc062723c751e8b465ee728b)
Start importing Assets/TextMesh Pro/Fonts using Guid(6ab70aee4d56447429c680537fbf93ed) Importer(815301076,1909f56bfc062723c751e8b465ee728b)  -> (artifact id: '7c35bbd85dc86dd2ef332d439fd9c360') in 0.015007 seconds 
========================================================================
Received Import Request.
  Time since last request: 5.648347 seconds.
  path: Assets/TextMesh Pro/Sprites
  artifactKey: Guid(d0603b6d5186471b96c778c3949c7ce2) Importer(815301076,1909f56bfc062723c751e8b465ee728b)
Start importing Assets/TextMesh Pro/Sprites using Guid(d0603b6d5186471b96c778c3949c7ce2) Importer(815301076,1909f56bfc062723c751e8b465ee728b)  -> (artifact id: 'b27a52c99a9f8f9ac4f70e63a6bb6f32') in 0.009570 seconds 
========================================================================
Received Import Request.
  Time since last request: 4.383911 seconds.
  path: Assets/TextMesh Pro/Resources
  artifactKey: Guid(243e06394e614e5d99fab26083b707fa) Importer(815301076,1909f56bfc062723c751e8b465ee728b)
Start importing Assets/TextMesh Pro/Resources using Guid(243e06394e614e5d99fab26083b707fa) Importer(815301076,1909f56bfc062723c751e8b465ee728b)  -> (artifact id: '73107d1020a62e3def86c468d2a05456') in 0.009131 seconds 
========================================================================
Received Import Request.
  Time since last request: 2.417992 seconds.
  path: Assets/TextMesh Pro/Resources/Sprite Assets
  artifactKey: Guid(512a49d95c0c4332bdd98131869c23c9) Importer(815301076,1909f56bfc062723c751e8b465ee728b)
Start importing Assets/TextMesh Pro/Resources/Sprite Assets using Guid(512a49d95c0c4332bdd98131869c23c9) Importer(815301076,1909f56bfc062723c751e8b465ee728b)  -> (artifact id: '1dcb9dc3060b39f33c350934f5d461fd') in 0.009366 seconds 
========================================================================
Received Import Request.
  Time since last request: 4.147073 seconds.
  path: Assets/TextMesh Pro/Resources/Style Sheets
  artifactKey: Guid(4aecb92fff08436c8303b10eab8da368) Importer(815301076,1909f56bfc062723c751e8b465ee728b)
Start importing Assets/TextMesh Pro/Resources/Style Sheets using Guid(4aecb92fff08436c8303b10eab8da368) Importer(815301076,1909f56bfc062723c751e8b465ee728b)  -> (artifact id: 'fe342ddaeddc525a77e6f203ceeefc6a') in 0.009583 seconds 
========================================================================
Received Import Request.
  Time since last request: 2.183888 seconds.
  path: Assets/TextMesh Pro/Resources/Fonts & Materials
  artifactKey: Guid(731f1baa9d144a9897cb1d341c2092b8) Importer(815301076,1909f56bfc062723c751e8b465ee728b)
Start importing Assets/TextMesh Pro/Resources/Fonts & Materials using Guid(731f1baa9d144a9897cb1d341c2092b8) Importer(815301076,1909f56bfc062723c751e8b465ee728b)  -> (artifact id: 'a8a5343dd66316b9eb35bafbffda078a') in 0.013531 seconds 
========================================================================
Received Import Request.
  Time since last request: 41.342401 seconds.
  path: Assets/AzurTestTask/Animations
  artifactKey: Guid(e31825a3159a8fd45a23187c74742f1a) Importer(815301076,1909f56bfc062723c751e8b465ee728b)
Start importing Assets/AzurTestTask/Animations using Guid(e31825a3159a8fd45a23187c74742f1a) Importer(815301076,1909f56bfc062723c751e8b465ee728b)  -> (artifact id: 'f3f61d11ec61a1e4645f92078e385b29') in 0.009141 seconds 
========================================================================
Received Import Request.
  Time since last request: 22.473150 seconds.
  path: Assets/AzurTestTask/Animations/TutorialController.controller
  artifactKey: Guid(6e228f3d966433346b1ac044ea6a74b9) Importer(815301076,1909f56bfc062723c751e8b465ee728b)
Start importing Assets/AzurTestTask/Animations/TutorialController.controller using Guid(6e228f3d966433346b1ac044ea6a74b9) Importer(815301076,1909f56bfc062723c751e8b465ee728b)  -> (artifact id: '80e385fca55c5f9aeafe7d275702e185') in 0.025957 seconds 
========================================================================
Received Prepare
Registering precompiled user dll's ...
Registered in 0.006297 seconds.
Begin MonoManager ReloadAssembly
Symbol file LoadedFromMemory doesn't match image C:\PetProjects\AzurTestTaskTA\Library\PackageCache\com.unity.visualscripting@1.8.0\Editor\VisualScripting.Core\Dependencies\YamlDotNet\Unity.VisualScripting.YamlDotNet.dll
Symbol file LoadedFromMemory doesn't match image C:\PetProjects\AzurTestTaskTA\Library\PackageCache\com.unity.visualscripting@1.8.0\Editor\VisualScripting.Core\Dependencies\DotNetZip\Unity.VisualScripting.IonicZip.dll
Native extension for WindowsStandalone target not found
Native extension for iOS target not found
Native extension for Android target not found
Native extension for WebGL target not found
Refreshing native plugins compatible for Editor in 0.46 ms, found 3 plugins.
Preloading 0 native plugins for Editor in 0.00 ms.
Mono: successfully reloaded assembly
- Completed reload, in  1.071 seconds
Domain Reload Profiling:
	ReloadAssembly (1072ms)
		BeginReloadAssembly (208ms)
			ExecutionOrderSort (0ms)
			DisableScriptedObjects (9ms)
			BackupInstance (0ms)
			ReleaseScriptingObjects (0ms)
			CreateAndSetChildDomain (59ms)
		EndReloadAssembly (729ms)
			LoadAssemblies (122ms)
			RebuildTransferFunctionScriptingTraits (0ms)
			SetupTypeCache (251ms)
			ReleaseScriptCaches (1ms)
			RebuildScriptCaches (38ms)
			SetupLoadedEditorAssemblies (298ms)
				LogAssemblyErrors (0ms)
				InitializePlatformSupportModulesInManaged (33ms)
				SetLoadedEditorAssemblies (0ms)
				RefreshPlugins (1ms)
				BeforeProcessingInitializeOnLoad (59ms)
				ProcessInitializeOnLoadAttributes (174ms)
				ProcessInitializeOnLoadMethodAttributes (20ms)
				AfterProcessingInitializeOnLoad (10ms)
				EditorAssembliesLoaded (0ms)
			ExecutionOrderSort2 (0ms)
			AwakeInstancesAfterBackupRestoration (7ms)
Platform modules already initialized, skipping
Refreshing native plugins compatible for Editor in 1.98 ms, found 3 plugins.
Preloading 0 native plugins for Editor in 0.00 ms.
Unloading 3085 Unused Serialized files (Serialized files now loaded: 0)
Unloading 15 unused Assets / (22.0 KB). Loaded Objects now: 3664.
Memory consumption went from 133.6 MB to 133.6 MB.
Total: 5.158800 ms (FindLiveObjects: 0.277400 ms CreateObjectMapping: 0.284300 ms MarkObjects: 4.556900 ms  DeleteObjects: 0.038800 ms)

AssetImportParameters requested are different than current active one (requested -> active):
  custom:video-decoder-ogg-theora: a1e56fd34408186e4bbccfd4996cb3dc -> 
  custom:container-muxer-webm: aa71ff27fc2769a1b78a27578f13a17b -> 
  custom:container-demuxer-webm: 4f35f7cbe854078d1ac9338744f61a02 -> 
  custom:video-encoder-webm-vp8: eb34c28f22e8b96e1ab97ce403110664 -> 
  custom:audio-encoder-webm-vorbis: bf7c407c2cedff20999df2af8eb42d56 -> 
  custom:framework-win-MediaFoundation: 216162199b28c13a410421893ffa2e32 -> 
  custom:container-demuxer-ogg: 62fdf1f143b41e24485cea50d1cbac27 -> 
  custom:video-decoder-webm-vp8: 9c59270c3fd7afecdb556c50c9e8de78 -> 
  custom:audio-decoder-ogg-vorbis: bf7c407c2cedff20999df2af8eb42d56 -> 
========================================================================
Received Prepare
Registering precompiled user dll's ...
Registered in 0.004234 seconds.
Begin MonoManager ReloadAssembly
Symbol file LoadedFromMemory doesn't match image C:\PetProjects\AzurTestTaskTA\Library\PackageCache\com.unity.visualscripting@1.8.0\Editor\VisualScripting.Core\Dependencies\YamlDotNet\Unity.VisualScripting.YamlDotNet.dll
Symbol file LoadedFromMemory doesn't match image C:\PetProjects\AzurTestTaskTA\Library\PackageCache\com.unity.visualscripting@1.8.0\Editor\VisualScripting.Core\Dependencies\DotNetZip\Unity.VisualScripting.IonicZip.dll
Native extension for WindowsStandalone target not found
Native extension for iOS target not found
Native extension for Android target not found
Native extension for WebGL target not found
Refreshing native plugins compatible for Editor in 0.60 ms, found 3 plugins.
Preloading 0 native plugins for Editor in 0.00 ms.
Mono: successfully reloaded assembly
- Completed reload, in  0.915 seconds
Domain Reload Profiling:
	ReloadAssembly (915ms)
		BeginReloadAssembly (135ms)
			ExecutionOrderSort (0ms)
			DisableScriptedObjects (5ms)
			BackupInstance (0ms)
			ReleaseScriptingObjects (0ms)
			CreateAndSetChildDomain (38ms)
		EndReloadAssembly (701ms)
			LoadAssemblies (83ms)
			RebuildTransferFunctionScriptingTraits (0ms)
			SetupTypeCache (259ms)
			ReleaseScriptCaches (1ms)
			RebuildScriptCaches (36ms)
			SetupLoadedEditorAssemblies (288ms)
				LogAssemblyErrors (0ms)
				InitializePlatformSupportModulesInManaged (32ms)
				SetLoadedEditorAssemblies (0ms)
				RefreshPlugins (1ms)
				BeforeProcessingInitializeOnLoad (56ms)
				ProcessInitializeOnLoadAttributes (170ms)
				ProcessInitializeOnLoadMethodAttributes (22ms)
				AfterProcessingInitializeOnLoad (6ms)
				EditorAssembliesLoaded (0ms)
			ExecutionOrderSort2 (0ms)
			AwakeInstancesAfterBackupRestoration (5ms)
Platform modules already initialized, skipping
Refreshing native plugins compatible for Editor in 1.52 ms, found 3 plugins.
Preloading 0 native plugins for Editor in 0.00 ms.
Unloading 3085 Unused Serialized files (Serialized files now loaded: 0)
Unloading 15 unused Assets / (22.0 KB). Loaded Objects now: 3667.
Memory consumption went from 133.6 MB to 133.6 MB.
Total: 2.757100 ms (FindLiveObjects: 0.242300 ms CreateObjectMapping: 0.079000 ms MarkObjects: 2.409000 ms  DeleteObjects: 0.025900 ms)

AssetImportParameters requested are different than current active one (requested -> active):
  custom:video-decoder-ogg-theora: a1e56fd34408186e4bbccfd4996cb3dc -> 
  custom:container-muxer-webm: aa71ff27fc2769a1b78a27578f13a17b -> 
  custom:container-demuxer-webm: 4f35f7cbe854078d1ac9338744f61a02 -> 
  custom:video-encoder-webm-vp8: eb34c28f22e8b96e1ab97ce403110664 -> 
  custom:audio-encoder-webm-vorbis: bf7c407c2cedff20999df2af8eb42d56 -> 
  custom:framework-win-MediaFoundation: 216162199b28c13a410421893ffa2e32 -> 
  custom:container-demuxer-ogg: 62fdf1f143b41e24485cea50d1cbac27 -> 
  custom:video-decoder-webm-vp8: 9c59270c3fd7afecdb556c50c9e8de78 -> 
  custom:audio-decoder-ogg-vorbis: bf7c407c2cedff20999df2af8eb42d56 -> 
========================================================================
Received Prepare
Registering precompiled user dll's ...
Registered in 0.003439 seconds.
Begin MonoManager ReloadAssembly
Symbol file LoadedFromMemory doesn't match image C:\PetProjects\AzurTestTaskTA\Library\PackageCache\com.unity.visualscripting@1.8.0\Editor\VisualScripting.Core\Dependencies\YamlDotNet\Unity.VisualScripting.YamlDotNet.dll
Symbol file LoadedFromMemory doesn't match image C:\PetProjects\AzurTestTaskTA\Library\PackageCache\com.unity.visualscripting@1.8.0\Editor\VisualScripting.Core\Dependencies\DotNetZip\Unity.VisualScripting.IonicZip.dll
Native extension for WindowsStandalone target not found
Native extension for iOS target not found
Native extension for Android target not found
Native extension for WebGL target not found
Refreshing native plugins compatible for Editor in 0.46 ms, found 3 plugins.
Preloading 0 native plugins for Editor in 0.00 ms.
Mono: successfully reloaded assembly
- Completed reload, in  0.830 seconds
Domain Reload Profiling:
	ReloadAssembly (831ms)
		BeginReloadAssembly (130ms)
			ExecutionOrderSort (0ms)
			DisableScriptedObjects (5ms)
			BackupInstance (0ms)
			ReleaseScriptingObjects (0ms)
			CreateAndSetChildDomain (33ms)
		EndReloadAssembly (622ms)
			LoadAssemblies (81ms)
			RebuildTransferFunctionScriptingTraits (0ms)
			SetupTypeCache (209ms)
			ReleaseScriptCaches (1ms)
			RebuildScriptCaches (33ms)
			SetupLoadedEditorAssemblies (268ms)
				LogAssemblyErrors (0ms)
				InitializePlatformSupportModulesInManaged (31ms)
				SetLoadedEditorAssemblies (0ms)
				RefreshPlugins (1ms)
				BeforeProcessingInitializeOnLoad (54ms)
				ProcessInitializeOnLoadAttributes (158ms)
				ProcessInitializeOnLoadMethodAttributes (17ms)
				AfterProcessingInitializeOnLoad (6ms)
				EditorAssembliesLoaded (0ms)
			ExecutionOrderSort2 (0ms)
			AwakeInstancesAfterBackupRestoration (5ms)
Platform modules already initialized, skipping
Refreshing native plugins compatible for Editor in 1.45 ms, found 3 plugins.
Preloading 0 native plugins for Editor in 0.00 ms.
Unloading 3085 Unused Serialized files (Serialized files now loaded: 0)
Unloading 15 unused Assets / (21.9 KB). Loaded Objects now: 3670.
Memory consumption went from 133.6 MB to 133.6 MB.
Total: 2.819400 ms (FindLiveObjects: 0.246400 ms CreateObjectMapping: 0.093500 ms MarkObjects: 2.455200 ms  DeleteObjects: 0.023500 ms)

AssetImportParameters requested are different than current active one (requested -> active):
  custom:video-decoder-ogg-theora: a1e56fd34408186e4bbccfd4996cb3dc -> 
  custom:container-muxer-webm: aa71ff27fc2769a1b78a27578f13a17b -> 
  custom:container-demuxer-webm: 4f35f7cbe854078d1ac9338744f61a02 -> 
  custom:video-encoder-webm-vp8: eb34c28f22e8b96e1ab97ce403110664 -> 
  custom:audio-encoder-webm-vorbis: bf7c407c2cedff20999df2af8eb42d56 -> 
  custom:framework-win-MediaFoundation: 216162199b28c13a410421893ffa2e32 -> 
  custom:container-demuxer-ogg: 62fdf1f143b41e24485cea50d1cbac27 -> 
  custom:video-decoder-webm-vp8: 9c59270c3fd7afecdb556c50c9e8de78 -> 
  custom:audio-decoder-ogg-vorbis: bf7c407c2cedff20999df2af8eb42d56 -> 
========================================================================
Received Prepare
Registering precompiled user dll's ...
Registered in 0.004900 seconds.
Begin MonoManager ReloadAssembly
Symbol file LoadedFromMemory doesn't match image C:\PetProjects\AzurTestTaskTA\Library\PackageCache\com.unity.visualscripting@1.8.0\Editor\VisualScripting.Core\Dependencies\YamlDotNet\Unity.VisualScripting.YamlDotNet.dll
Symbol file LoadedFromMemory doesn't match image C:\PetProjects\AzurTestTaskTA\Library\PackageCache\com.unity.visualscripting@1.8.0\Editor\VisualScripting.Core\Dependencies\DotNetZip\Unity.VisualScripting.IonicZip.dll
Native extension for WindowsStandalone target not found
Native extension for iOS target not found
Native extension for Android target not found
Native extension for WebGL target not found
Refreshing native plugins compatible for Editor in 0.58 ms, found 3 plugins.
Preloading 0 native plugins for Editor in 0.00 ms.
Mono: successfully reloaded assembly
- Completed reload, in  0.949 seconds
Domain Reload Profiling:
	ReloadAssembly (950ms)
		BeginReloadAssembly (137ms)
			ExecutionOrderSort (0ms)
			DisableScriptedObjects (5ms)
			BackupInstance (0ms)
			ReleaseScriptingObjects (0ms)
			CreateAndSetChildDomain (35ms)
		EndReloadAssembly (727ms)
			LoadAssemblies (87ms)
			RebuildTransferFunctionScriptingTraits (0ms)
			SetupTypeCache (226ms)
			ReleaseScriptCaches (1ms)
			RebuildScriptCaches (33ms)
			SetupLoadedEditorAssemblies (342ms)
				LogAssemblyErrors (0ms)
				InitializePlatformSupportModulesInManaged (32ms)
				SetLoadedEditorAssemblies (0ms)
				RefreshPlugins (1ms)
				BeforeProcessingInitializeOnLoad (69ms)
				ProcessInitializeOnLoadAttributes (204ms)
				ProcessInitializeOnLoadMethodAttributes (24ms)
				AfterProcessingInitializeOnLoad (11ms)
				EditorAssembliesLoaded (0ms)
			ExecutionOrderSort2 (0ms)
			AwakeInstancesAfterBackupRestoration (10ms)
Platform modules already initialized, skipping
Refreshing native plugins compatible for Editor in 2.44 ms, found 3 plugins.
Preloading 0 native plugins for Editor in 0.00 ms.
Unloading 3085 Unused Serialized files (Serialized files now loaded: 0)
Unloading 15 unused Assets / (22.0 KB). Loaded Objects now: 3673.
Memory consumption went from 133.6 MB to 133.6 MB.
Total: 4.227000 ms (FindLiveObjects: 0.427200 ms CreateObjectMapping: 0.135800 ms MarkObjects: 3.596000 ms  DeleteObjects: 0.066300 ms)

AssetImportParameters requested are different than current active one (requested -> active):
  custom:video-decoder-ogg-theora: a1e56fd34408186e4bbccfd4996cb3dc -> 
  custom:container-muxer-webm: aa71ff27fc2769a1b78a27578f13a17b -> 
  custom:container-demuxer-webm: 4f35f7cbe854078d1ac9338744f61a02 -> 
  custom:video-encoder-webm-vp8: eb34c28f22e8b96e1ab97ce403110664 -> 
  custom:audio-encoder-webm-vorbis: bf7c407c2cedff20999df2af8eb42d56 -> 
  custom:framework-win-MediaFoundation: 216162199b28c13a410421893ffa2e32 -> 
  custom:container-demuxer-ogg: 62fdf1f143b41e24485cea50d1cbac27 -> 
  custom:video-decoder-webm-vp8: 9c59270c3fd7afecdb556c50c9e8de78 -> 
  custom:audio-decoder-ogg-vorbis: bf7c407c2cedff20999df2af8eb42d56 -> 
========================================================================
Received Import Request.
  Time since last request: 73966.096973 seconds.
  path: Assets/AzurTestTask/Animations/TutorialController.controller
  artifactKey: Guid(6e228f3d966433346b1ac044ea6a74b9) Importer(815301076,1909f56bfc062723c751e8b465ee728b)
Start importing Assets/AzurTestTask/Animations/TutorialController.controller using Guid(6e228f3d966433346b1ac044ea6a74b9) Importer(815301076,1909f56bfc062723c751e8b465ee728b)  -> (artifact id: '4b65d2b2395534c7c41b9f8525d92041') in 0.031334 seconds 
========================================================================
Received Import Request.
  Time since last request: 3.895385 seconds.
  path: Assets/AzurTestTask/Animations/Tap.anim
  artifactKey: Guid(27ff3c26f9d009f4e9f6bbd7c4566e28) Importer(815301076,1909f56bfc062723c751e8b465ee728b)
Start importing Assets/AzurTestTask/Animations/Tap.anim using Guid(27ff3c26f9d009f4e9f6bbd7c4566e28) Importer(815301076,1909f56bfc062723c751e8b465ee728b)  -> (artifact id: 'bf3e8ac7ac2c5455d4a88ffce264342d') in 0.010879 seconds 
========================================================================
Received Prepare
Registering precompiled user dll's ...
Registered in 0.003418 seconds.
Begin MonoManager ReloadAssembly
Symbol file LoadedFromMemory doesn't match image C:\PetProjects\AzurTestTaskTA\Library\PackageCache\com.unity.visualscripting@1.8.0\Editor\VisualScripting.Core\Dependencies\YamlDotNet\Unity.VisualScripting.YamlDotNet.dll
Symbol file LoadedFromMemory doesn't match image C:\PetProjects\AzurTestTaskTA\Library\PackageCache\com.unity.visualscripting@1.8.0\Editor\VisualScripting.Core\Dependencies\DotNetZip\Unity.VisualScripting.IonicZip.dll
Native extension for WindowsStandalone target not found
Native extension for iOS target not found
Native extension for Android target not found
Native extension for WebGL target not found
Refreshing native plugins compatible for Editor in 0.59 ms, found 3 plugins.
Preloading 0 native plugins for Editor in 0.00 ms.
Mono: successfully reloaded assembly
- Completed reload, in  0.904 seconds
Domain Reload Profiling:
	ReloadAssembly (905ms)
		BeginReloadAssembly (130ms)
			ExecutionOrderSort (0ms)
			DisableScriptedObjects (5ms)
			BackupInstance (0ms)
			ReleaseScriptingObjects (0ms)
			CreateAndSetChildDomain (33ms)
		EndReloadAssembly (688ms)
			LoadAssemblies (79ms)
			RebuildTransferFunctionScriptingTraits (0ms)
			SetupTypeCache (215ms)
			ReleaseScriptCaches (1ms)
			RebuildScriptCaches (33ms)
			SetupLoadedEditorAssemblies (317ms)
				LogAssemblyErrors (0ms)
				InitializePlatformSupportModulesInManaged (30ms)
				SetLoadedEditorAssemblies (0ms)
				RefreshPlugins (1ms)
				BeforeProcessingInitializeOnLoad (53ms)
				ProcessInitializeOnLoadAttributes (201ms)
				ProcessInitializeOnLoadMethodAttributes (24ms)
				AfterProcessingInitializeOnLoad (8ms)
				EditorAssembliesLoaded (0ms)
			ExecutionOrderSort2 (0ms)
			AwakeInstancesAfterBackupRestoration (7ms)
Platform modules already initialized, skipping
Refreshing native plugins compatible for Editor in 1.62 ms, found 3 plugins.
Preloading 0 native plugins for Editor in 0.00 ms.
Unloading 3085 Unused Serialized files (Serialized files now loaded: 0)
Unloading 15 unused Assets / (21.9 KB). Loaded Objects now: 3676.
Memory consumption went from 133.6 MB to 133.6 MB.
Total: 4.323500 ms (FindLiveObjects: 0.306000 ms CreateObjectMapping: 0.153500 ms MarkObjects: 3.797400 ms  DeleteObjects: 0.065200 ms)

AssetImportParameters requested are different than current active one (requested -> active):
  custom:video-decoder-ogg-theora: a1e56fd34408186e4bbccfd4996cb3dc -> 
  custom:container-muxer-webm: aa71ff27fc2769a1b78a27578f13a17b -> 
  custom:container-demuxer-webm: 4f35f7cbe854078d1ac9338744f61a02 -> 
  custom:video-encoder-webm-vp8: eb34c28f22e8b96e1ab97ce403110664 -> 
  custom:audio-encoder-webm-vorbis: bf7c407c2cedff20999df2af8eb42d56 -> 
  custom:framework-win-MediaFoundation: 216162199b28c13a410421893ffa2e32 -> 
  custom:container-demuxer-ogg: 62fdf1f143b41e24485cea50d1cbac27 -> 
  custom:video-decoder-webm-vp8: 9c59270c3fd7afecdb556c50c9e8de78 -> 
  custom:audio-decoder-ogg-vorbis: bf7c407c2cedff20999df2af8eb42d56 -> 
========================================================================
Received Prepare
Registering precompiled user dll's ...
Registered in 0.004825 seconds.
Begin MonoManager ReloadAssembly
Symbol file LoadedFromMemory doesn't match image C:\PetProjects\AzurTestTaskTA\Library\PackageCache\com.unity.visualscripting@1.8.0\Editor\VisualScripting.Core\Dependencies\YamlDotNet\Unity.VisualScripting.YamlDotNet.dll
Symbol file LoadedFromMemory doesn't match image C:\PetProjects\AzurTestTaskTA\Library\PackageCache\com.unity.visualscripting@1.8.0\Editor\VisualScripting.Core\Dependencies\DotNetZip\Unity.VisualScripting.IonicZip.dll
Native extension for WindowsStandalone target not found
Native extension for iOS target not found
Native extension for Android target not found
Native extension for WebGL target not found
Refreshing native plugins compatible for Editor in 0.59 ms, found 3 plugins.
Preloading 0 native plugins for Editor in 0.00 ms.
Mono: successfully reloaded assembly
- Completed reload, in  0.945 seconds
Domain Reload Profiling:
	ReloadAssembly (946ms)
		BeginReloadAssembly (133ms)
			ExecutionOrderSort (0ms)
			DisableScriptedObjects (5ms)
			BackupInstance (0ms)
			ReleaseScriptingObjects (0ms)
			CreateAndSetChildDomain (33ms)
		EndReloadAssembly (731ms)
			LoadAssemblies (87ms)
			RebuildTransferFunctionScriptingTraits (0ms)
			SetupTypeCache (229ms)
			ReleaseScriptCaches (1ms)
			RebuildScriptCaches (37ms)
			SetupLoadedEditorAssemblies (338ms)
				LogAssemblyErrors (0ms)
				InitializePlatformSupportModulesInManaged (32ms)
				SetLoadedEditorAssemblies (0ms)
				RefreshPlugins (1ms)
				BeforeProcessingInitializeOnLoad (57ms)
				ProcessInitializeOnLoadAttributes (213ms)
				ProcessInitializeOnLoadMethodAttributes (28ms)
				AfterProcessingInitializeOnLoad (8ms)
				EditorAssembliesLoaded (0ms)
			ExecutionOrderSort2 (0ms)
			AwakeInstancesAfterBackupRestoration (7ms)
Platform modules already initialized, skipping
Refreshing native plugins compatible for Editor in 2.44 ms, found 3 plugins.
Preloading 0 native plugins for Editor in 0.00 ms.
Unloading 3085 Unused Serialized files (Serialized files now loaded: 0)
Unloading 15 unused Assets / (21.9 KB). Loaded Objects now: 3679.
Memory consumption went from 133.6 MB to 133.6 MB.
Total: 3.934100 ms (FindLiveObjects: 0.410200 ms CreateObjectMapping: 0.160900 ms MarkObjects: 3.312200 ms  DeleteObjects: 0.048600 ms)

AssetImportParameters requested are different than current active one (requested -> active):
  custom:video-decoder-ogg-theora: a1e56fd34408186e4bbccfd4996cb3dc -> 
  custom:container-muxer-webm: aa71ff27fc2769a1b78a27578f13a17b -> 
  custom:container-demuxer-webm: 4f35f7cbe854078d1ac9338744f61a02 -> 
  custom:video-encoder-webm-vp8: eb34c28f22e8b96e1ab97ce403110664 -> 
  custom:audio-encoder-webm-vorbis: bf7c407c2cedff20999df2af8eb42d56 -> 
  custom:framework-win-MediaFoundation: 216162199b28c13a410421893ffa2e32 -> 
  custom:container-demuxer-ogg: 62fdf1f143b41e24485cea50d1cbac27 -> 
  custom:video-decoder-webm-vp8: 9c59270c3fd7afecdb556c50c9e8de78 -> 
  custom:audio-decoder-ogg-vorbis: bf7c407c2cedff20999df2af8eb42d56 -> 
========================================================================
Received Prepare
Registering precompiled user dll's ...
Registered in 0.004727 seconds.
Begin MonoManager ReloadAssembly
Symbol file LoadedFromMemory doesn't match image C:\PetProjects\AzurTestTaskTA\Library\PackageCache\com.unity.visualscripting@1.8.0\Editor\VisualScripting.Core\Dependencies\YamlDotNet\Unity.VisualScripting.YamlDotNet.dll
Symbol file LoadedFromMemory doesn't match image C:\PetProjects\AzurTestTaskTA\Library\PackageCache\com.unity.visualscripting@1.8.0\Editor\VisualScripting.Core\Dependencies\DotNetZip\Unity.VisualScripting.IonicZip.dll
Native extension for WindowsStandalone target not found
Native extension for iOS target not found
Native extension for Android target not found
Native extension for WebGL target not found
Refreshing native plugins compatible for Editor in 0.59 ms, found 3 plugins.
Preloading 0 native plugins for Editor in 0.00 ms.
Mono: successfully reloaded assembly
- Completed reload, in  0.884 seconds
Domain Reload Profiling:
	ReloadAssembly (885ms)
		BeginReloadAssembly (130ms)
			ExecutionOrderSort (0ms)
			DisableScriptedObjects (5ms)
			BackupInstance (0ms)
			ReleaseScriptingObjects (0ms)
			CreateAndSetChildDomain (33ms)
		EndReloadAssembly (673ms)
			LoadAssemblies (82ms)
			RebuildTransferFunctionScriptingTraits (0ms)
			SetupTypeCache (221ms)
			ReleaseScriptCaches (1ms)
			RebuildScriptCaches (41ms)
			SetupLoadedEditorAssemblies (289ms)
				LogAssemblyErrors (0ms)
				InitializePlatformSupportModulesInManaged (33ms)
				SetLoadedEditorAssemblies (0ms)
				RefreshPlugins (1ms)
				BeforeProcessingInitializeOnLoad (52ms)
				ProcessInitializeOnLoadAttributes (174ms)
				ProcessInitializeOnLoadMethodAttributes (23ms)
				AfterProcessingInitializeOnLoad (6ms)
				EditorAssembliesLoaded (0ms)
			ExecutionOrderSort2 (0ms)
			AwakeInstancesAfterBackupRestoration (6ms)
Platform modules already initialized, skipping
Refreshing native plugins compatible for Editor in 2.26 ms, found 3 plugins.
Preloading 0 native plugins for Editor in 0.00 ms.
Unloading 3085 Unused Serialized files (Serialized files now loaded: 0)
Unloading 15 unused Assets / (22.0 KB). Loaded Objects now: 3682.
Memory consumption went from 133.7 MB to 133.6 MB.
Total: 3.577500 ms (FindLiveObjects: 0.318400 ms CreateObjectMapping: 0.119300 ms MarkObjects: 3.079200 ms  DeleteObjects: 0.058600 ms)

AssetImportParameters requested are different than current active one (requested -> active):
  custom:video-decoder-ogg-theora: a1e56fd34408186e4bbccfd4996cb3dc -> 
  custom:container-muxer-webm: aa71ff27fc2769a1b78a27578f13a17b -> 
  custom:container-demuxer-webm: 4f35f7cbe854078d1ac9338744f61a02 -> 
  custom:video-encoder-webm-vp8: eb34c28f22e8b96e1ab97ce403110664 -> 
  custom:audio-encoder-webm-vorbis: bf7c407c2cedff20999df2af8eb42d56 -> 
  custom:framework-win-MediaFoundation: 216162199b28c13a410421893ffa2e32 -> 
  custom:container-demuxer-ogg: 62fdf1f143b41e24485cea50d1cbac27 -> 
  custom:video-decoder-webm-vp8: 9c59270c3fd7afecdb556c50c9e8de78 -> 
  custom:audio-decoder-ogg-vorbis: bf7c407c2cedff20999df2af8eb42d56 -> 
========================================================================
Received Prepare
Registering precompiled user dll's ...
Registered in 0.003993 seconds.
Begin MonoManager ReloadAssembly
Symbol file LoadedFromMemory doesn't match image C:\PetProjects\AzurTestTaskTA\Library\PackageCache\com.unity.visualscripting@1.8.0\Editor\VisualScripting.Core\Dependencies\YamlDotNet\Unity.VisualScripting.YamlDotNet.dll
Symbol file LoadedFromMemory doesn't match image C:\PetProjects\AzurTestTaskTA\Library\PackageCache\com.unity.visualscripting@1.8.0\Editor\VisualScripting.Core\Dependencies\DotNetZip\Unity.VisualScripting.IonicZip.dll
Native extension for WindowsStandalone target not found
Native extension for iOS target not found
Native extension for Android target not found
Native extension for WebGL target not found
Refreshing native plugins compatible for Editor in 0.64 ms, found 3 plugins.
Preloading 0 native plugins for Editor in 0.00 ms.
Mono: successfully reloaded assembly
- Completed reload, in  0.909 seconds
Domain Reload Profiling:
	ReloadAssembly (910ms)
		BeginReloadAssembly (132ms)
			ExecutionOrderSort (0ms)
			DisableScriptedObjects (5ms)
			BackupInstance (0ms)
			ReleaseScriptingObjects (0ms)
			CreateAndSetChildDomain (34ms)
		EndReloadAssembly (691ms)
			LoadAssemblies (81ms)
			RebuildTransferFunctionScriptingTraits (0ms)
			SetupTypeCache (220ms)
			ReleaseScriptCaches (2ms)
			RebuildScriptCaches (40ms)
			SetupLoadedEditorAssemblies (312ms)
				LogAssemblyErrors (0ms)
				InitializePlatformSupportModulesInManaged (30ms)
				SetLoadedEditorAssemblies (0ms)
				RefreshPlugins (1ms)
				BeforeProcessingInitializeOnLoad (53ms)
				ProcessInitializeOnLoadAttributes (197ms)
				ProcessInitializeOnLoadMethodAttributes (23ms)
				AfterProcessingInitializeOnLoad (8ms)
				EditorAssembliesLoaded (0ms)
			ExecutionOrderSort2 (0ms)
			AwakeInstancesAfterBackupRestoration (7ms)
Platform modules already initialized, skipping
Refreshing native plugins compatible for Editor in 2.25 ms, found 3 plugins.
Preloading 0 native plugins for Editor in 0.00 ms.
Unloading 3085 Unused Serialized files (Serialized files now loaded: 0)
Unloading 15 unused Assets / (21.9 KB). Loaded Objects now: 3685.
Memory consumption went from 133.7 MB to 133.6 MB.
Total: 3.294900 ms (FindLiveObjects: 0.254600 ms CreateObjectMapping: 0.146600 ms MarkObjects: 2.832100 ms  DeleteObjects: 0.060200 ms)

AssetImportParameters requested are different than current active one (requested -> active):
  custom:video-decoder-ogg-theora: a1e56fd34408186e4bbccfd4996cb3dc -> 
  custom:container-muxer-webm: aa71ff27fc2769a1b78a27578f13a17b -> 
  custom:container-demuxer-webm: 4f35f7cbe854078d1ac9338744f61a02 -> 
  custom:video-encoder-webm-vp8: eb34c28f22e8b96e1ab97ce403110664 -> 
  custom:audio-encoder-webm-vorbis: bf7c407c2cedff20999df2af8eb42d56 -> 
  custom:framework-win-MediaFoundation: 216162199b28c13a410421893ffa2e32 -> 
  custom:container-demuxer-ogg: 62fdf1f143b41e24485cea50d1cbac27 -> 
  custom:video-decoder-webm-vp8: 9c59270c3fd7afecdb556c50c9e8de78 -> 
  custom:audio-decoder-ogg-vorbis: bf7c407c2cedff20999df2af8eb42d56 -> 
========================================================================
Received Prepare
Registering precompiled user dll's ...
Registered in 0.003347 seconds.
Begin MonoManager ReloadAssembly
Symbol file LoadedFromMemory doesn't match image C:\PetProjects\AzurTestTaskTA\Library\PackageCache\com.unity.visualscripting@1.8.0\Editor\VisualScripting.Core\Dependencies\YamlDotNet\Unity.VisualScripting.YamlDotNet.dll
Symbol file LoadedFromMemory doesn't match image C:\PetProjects\AzurTestTaskTA\Library\PackageCache\com.unity.visualscripting@1.8.0\Editor\VisualScripting.Core\Dependencies\DotNetZip\Unity.VisualScripting.IonicZip.dll
Native extension for WindowsStandalone target not found
Native extension for iOS target not found
Native extension for Android target not found
Native extension for WebGL target not found
Refreshing native plugins compatible for Editor in 0.76 ms, found 3 plugins.
Preloading 0 native plugins for Editor in 0.00 ms.
Mono: successfully reloaded assembly
- Completed reload, in  0.916 seconds
Domain Reload Profiling:
	ReloadAssembly (917ms)
		BeginReloadAssembly (136ms)
			ExecutionOrderSort (0ms)
			DisableScriptedObjects (5ms)
			BackupInstance (0ms)
			ReleaseScriptingObjects (0ms)
			CreateAndSetChildDomain (35ms)
		EndReloadAssembly (688ms)
			LoadAssemblies (88ms)
			RebuildTransferFunctionScriptingTraits (0ms)
			SetupTypeCache (222ms)
			ReleaseScriptCaches (1ms)
			RebuildScriptCaches (34ms)
			SetupLoadedEditorAssemblies (308ms)
				LogAssemblyErrors (0ms)
				InitializePlatformSupportModulesInManaged (32ms)
				SetLoadedEditorAssemblies (0ms)
				RefreshPlugins (1ms)
				BeforeProcessingInitializeOnLoad (58ms)
				ProcessInitializeOnLoadAttributes (195ms)
				ProcessInitializeOnLoadMethodAttributes (17ms)
				AfterProcessingInitializeOnLoad (6ms)
				EditorAssembliesLoaded (0ms)
			ExecutionOrderSort2 (0ms)
			AwakeInstancesAfterBackupRestoration (7ms)
Platform modules already initialized, skipping
Refreshing native plugins compatible for Editor in 1.43 ms, found 3 plugins.
Preloading 0 native plugins for Editor in 0.00 ms.
Unloading 3085 Unused Serialized files (Serialized files now loaded: 0)
Unloading 15 unused Assets / (22.0 KB). Loaded Objects now: 3688.
Memory consumption went from 133.7 MB to 133.7 MB.
Total: 2.807300 ms (FindLiveObjects: 0.243200 ms CreateObjectMapping: 0.093700 ms MarkObjects: 2.441800 ms  DeleteObjects: 0.027400 ms)

AssetImportParameters requested are different than current active one (requested -> active):
  custom:video-decoder-ogg-theora: a1e56fd34408186e4bbccfd4996cb3dc -> 
  custom:container-muxer-webm: aa71ff27fc2769a1b78a27578f13a17b -> 
  custom:container-demuxer-webm: 4f35f7cbe854078d1ac9338744f61a02 -> 
  custom:video-encoder-webm-vp8: eb34c28f22e8b96e1ab97ce403110664 -> 
  custom:audio-encoder-webm-vorbis: bf7c407c2cedff20999df2af8eb42d56 -> 
  custom:framework-win-MediaFoundation: 216162199b28c13a410421893ffa2e32 -> 
  custom:container-demuxer-ogg: 62fdf1f143b41e24485cea50d1cbac27 -> 
  custom:video-decoder-webm-vp8: 9c59270c3fd7afecdb556c50c9e8de78 -> 
  custom:audio-decoder-ogg-vorbis: bf7c407c2cedff20999df2af8eb42d56 -> 
========================================================================
Received Prepare
Registering precompiled user dll's ...
Registered in 0.004817 seconds.
Begin MonoManager ReloadAssembly
Symbol file LoadedFromMemory doesn't match image C:\PetProjects\AzurTestTaskTA\Library\PackageCache\com.unity.visualscripting@1.8.0\Editor\VisualScripting.Core\Dependencies\YamlDotNet\Unity.VisualScripting.YamlDotNet.dll
Symbol file LoadedFromMemory doesn't match image C:\PetProjects\AzurTestTaskTA\Library\PackageCache\com.unity.visualscripting@1.8.0\Editor\VisualScripting.Core\Dependencies\DotNetZip\Unity.VisualScripting.IonicZip.dll
Native extension for WindowsStandalone target not found
Native extension for iOS target not found
Native extension for Android target not found
Native extension for WebGL target not found
Refreshing native plugins compatible for Editor in 0.59 ms, found 3 plugins.
Preloading 0 native plugins for Editor in 0.00 ms.
Mono: successfully reloaded assembly
- Completed reload, in  0.933 seconds
Domain Reload Profiling:
	ReloadAssembly (934ms)
		BeginReloadAssembly (139ms)
			ExecutionOrderSort (0ms)
			DisableScriptedObjects (6ms)
			BackupInstance (0ms)
			ReleaseScriptingObjects (0ms)
			CreateAndSetChildDomain (41ms)
		EndReloadAssembly (713ms)
			LoadAssemblies (91ms)
			RebuildTransferFunctionScriptingTraits (0ms)
			SetupTypeCache (215ms)
			ReleaseScriptCaches (1ms)
			RebuildScriptCaches (35ms)
			SetupLoadedEditorAssemblies (334ms)
				LogAssemblyErrors (0ms)
				InitializePlatformSupportModulesInManaged (30ms)
				SetLoadedEditorAssemblies (0ms)
				RefreshPlugins (1ms)
				BeforeProcessingInitializeOnLoad (54ms)
				ProcessInitializeOnLoadAttributes (217ms)
				ProcessInitializeOnLoadMethodAttributes (24ms)
				AfterProcessingInitializeOnLoad (7ms)
				EditorAssembliesLoaded (0ms)
			ExecutionOrderSort2 (0ms)
			AwakeInstancesAfterBackupRestoration (8ms)
Platform modules already initialized, skipping
Refreshing native plugins compatible for Editor in 3.60 ms, found 3 plugins.
Preloading 0 native plugins for Editor in 0.00 ms.
Unloading 3085 Unused Serialized files (Serialized files now loaded: 0)
Unloading 15 unused Assets / (22.0 KB). Loaded Objects now: 3691.
Memory consumption went from 133.7 MB to 133.7 MB.
Total: 5.549200 ms (FindLiveObjects: 0.762000 ms CreateObjectMapping: 0.425800 ms MarkObjects: 4.324200 ms  DeleteObjects: 0.035500 ms)

AssetImportParameters requested are different than current active one (requested -> active):
  custom:video-decoder-ogg-theora: a1e56fd34408186e4bbccfd4996cb3dc -> 
  custom:container-muxer-webm: aa71ff27fc2769a1b78a27578f13a17b -> 
  custom:container-demuxer-webm: 4f35f7cbe854078d1ac9338744f61a02 -> 
  custom:video-encoder-webm-vp8: eb34c28f22e8b96e1ab97ce403110664 -> 
  custom:audio-encoder-webm-vorbis: bf7c407c2cedff20999df2af8eb42d56 -> 
  custom:framework-win-MediaFoundation: 216162199b28c13a410421893ffa2e32 -> 
  custom:container-demuxer-ogg: 62fdf1f143b41e24485cea50d1cbac27 -> 
  custom:video-decoder-webm-vp8: 9c59270c3fd7afecdb556c50c9e8de78 -> 
  custom:audio-decoder-ogg-vorbis: bf7c407c2cedff20999df2af8eb42d56 -> 
========================================================================
Received Prepare
Registering precompiled user dll's ...
Registered in 0.004346 seconds.
Begin MonoManager ReloadAssembly
Symbol file LoadedFromMemory doesn't match image C:\PetProjects\AzurTestTaskTA\Library\PackageCache\com.unity.visualscripting@1.8.0\Editor\VisualScripting.Core\Dependencies\YamlDotNet\Unity.VisualScripting.YamlDotNet.dll
Symbol file LoadedFromMemory doesn't match image C:\PetProjects\AzurTestTaskTA\Library\PackageCache\com.unity.visualscripting@1.8.0\Editor\VisualScripting.Core\Dependencies\DotNetZip\Unity.VisualScripting.IonicZip.dll
Native extension for WindowsStandalone target not found
Native extension for iOS target not found
Native extension for Android target not found
Native extension for WebGL target not found
Refreshing native plugins compatible for Editor in 0.59 ms, found 3 plugins.
Preloading 0 native plugins for Editor in 0.00 ms.
Mono: successfully reloaded assembly
- Completed reload, in  1.033 seconds
Domain Reload Profiling:
	ReloadAssembly (1034ms)
		BeginReloadAssembly (137ms)
			ExecutionOrderSort (0ms)
			DisableScriptedObjects (5ms)
			BackupInstance (0ms)
			ReleaseScriptingObjects (0ms)
			CreateAndSetChildDomain (36ms)
		EndReloadAssembly (795ms)
			LoadAssemblies (85ms)
			RebuildTransferFunctionScriptingTraits (0ms)
			SetupTypeCache (278ms)
			ReleaseScriptCaches (2ms)
			RebuildScriptCaches (40ms)
			SetupLoadedEditorAssemblies (354ms)
				LogAssemblyErrors (0ms)
				InitializePlatformSupportModulesInManaged (30ms)
				SetLoadedEditorAssemblies (0ms)
				RefreshPlugins (1ms)
				BeforeProcessingInitializeOnLoad (69ms)
				ProcessInitializeOnLoadAttributes (216ms)
				ProcessInitializeOnLoadMethodAttributes (30ms)
				AfterProcessingInitializeOnLoad (8ms)
				EditorAssembliesLoaded (0ms)
			ExecutionOrderSort2 (0ms)
			AwakeInstancesAfterBackupRestoration (8ms)
Platform modules already initialized, skipping
Refreshing native plugins compatible for Editor in 2.03 ms, found 3 plugins.
Preloading 0 native plugins for Editor in 0.00 ms.
Unloading 3085 Unused Serialized files (Serialized files now loaded: 0)
Unloading 15 unused Assets / (21.9 KB). Loaded Objects now: 3694.
Memory consumption went from 133.7 MB to 133.7 MB.
Total: 4.861300 ms (FindLiveObjects: 0.436600 ms CreateObjectMapping: 0.219800 ms MarkObjects: 4.145500 ms  DeleteObjects: 0.057000 ms)

AssetImportParameters requested are different than current active one (requested -> active):
  custom:video-decoder-ogg-theora: a1e56fd34408186e4bbccfd4996cb3dc -> 
  custom:container-muxer-webm: aa71ff27fc2769a1b78a27578f13a17b -> 
  custom:container-demuxer-webm: 4f35f7cbe854078d1ac9338744f61a02 -> 
  custom:video-encoder-webm-vp8: eb34c28f22e8b96e1ab97ce403110664 -> 
  custom:audio-encoder-webm-vorbis: bf7c407c2cedff20999df2af8eb42d56 -> 
  custom:framework-win-MediaFoundation: 216162199b28c13a410421893ffa2e32 -> 
  custom:container-demuxer-ogg: 62fdf1f143b41e24485cea50d1cbac27 -> 
  custom:video-decoder-webm-vp8: 9c59270c3fd7afecdb556c50c9e8de78 -> 
  custom:audio-decoder-ogg-vorbis: bf7c407c2cedff20999df2af8eb42d56 -> 
========================================================================
Received Prepare
Registering precompiled user dll's ...
Registered in 0.003562 seconds.
Begin MonoManager ReloadAssembly
Symbol file LoadedFromMemory doesn't match image C:\PetProjects\AzurTestTaskTA\Library\PackageCache\com.unity.visualscripting@1.8.0\Editor\VisualScripting.Core\Dependencies\YamlDotNet\Unity.VisualScripting.YamlDotNet.dll
Symbol file LoadedFromMemory doesn't match image C:\PetProjects\AzurTestTaskTA\Library\PackageCache\com.unity.visualscripting@1.8.0\Editor\VisualScripting.Core\Dependencies\DotNetZip\Unity.VisualScripting.IonicZip.dll
Native extension for WindowsStandalone target not found
Native extension for iOS target not found
Native extension for Android target not found
Native extension for WebGL target not found
Refreshing native plugins compatible for Editor in 0.56 ms, found 3 plugins.
Preloading 0 native plugins for Editor in 0.00 ms.
Mono: successfully reloaded assembly
- Completed reload, in  0.942 seconds
Domain Reload Profiling:
	ReloadAssembly (943ms)
		BeginReloadAssembly (139ms)
			ExecutionOrderSort (0ms)
			DisableScriptedObjects (5ms)
			BackupInstance (0ms)
			ReleaseScriptingObjects (0ms)
			CreateAndSetChildDomain (39ms)
		EndReloadAssembly (711ms)
			LoadAssemblies (85ms)
			RebuildTransferFunctionScriptingTraits (0ms)
			SetupTypeCache (223ms)
			ReleaseScriptCaches (1ms)
			RebuildScriptCaches (39ms)
			SetupLoadedEditorAssemblies (328ms)
				LogAssemblyErrors (0ms)
				InitializePlatformSupportModulesInManaged (35ms)
				SetLoadedEditorAssemblies (0ms)
				RefreshPlugins (1ms)
				BeforeProcessingInitializeOnLoad (54ms)
				ProcessInitializeOnLoadAttributes (206ms)
				ProcessInitializeOnLoadMethodAttributes (25ms)
				AfterProcessingInitializeOnLoad (8ms)
				EditorAssembliesLoaded (0ms)
			ExecutionOrderSort2 (0ms)
			AwakeInstancesAfterBackupRestoration (7ms)
Platform modules already initialized, skipping
Refreshing native plugins compatible for Editor in 2.15 ms, found 3 plugins.
Preloading 0 native plugins for Editor in 0.00 ms.
Unloading 3085 Unused Serialized files (Serialized files now loaded: 0)
Unloading 15 unused Assets / (21.9 KB). Loaded Objects now: 3697.
Memory consumption went from 133.7 MB to 133.7 MB.
Total: 3.946600 ms (FindLiveObjects: 0.398900 ms CreateObjectMapping: 0.111100 ms MarkObjects: 3.405800 ms  DeleteObjects: 0.029200 ms)

AssetImportParameters requested are different than current active one (requested -> active):
  custom:video-decoder-ogg-theora: a1e56fd34408186e4bbccfd4996cb3dc -> 
  custom:container-muxer-webm: aa71ff27fc2769a1b78a27578f13a17b -> 
  custom:container-demuxer-webm: 4f35f7cbe854078d1ac9338744f61a02 -> 
  custom:video-encoder-webm-vp8: eb34c28f22e8b96e1ab97ce403110664 -> 
  custom:audio-encoder-webm-vorbis: bf7c407c2cedff20999df2af8eb42d56 -> 
  custom:framework-win-MediaFoundation: 216162199b28c13a410421893ffa2e32 -> 
  custom:container-demuxer-ogg: 62fdf1f143b41e24485cea50d1cbac27 -> 
  custom:video-decoder-webm-vp8: 9c59270c3fd7afecdb556c50c9e8de78 -> 
  custom:audio-decoder-ogg-vorbis: bf7c407c2cedff20999df2af8eb42d56 -> 
========================================================================
Received Prepare
Registering precompiled user dll's ...
Registered in 0.004287 seconds.
Begin MonoManager ReloadAssembly
Symbol file LoadedFromMemory doesn't match image C:\PetProjects\AzurTestTaskTA\Library\PackageCache\com.unity.visualscripting@1.8.0\Editor\VisualScripting.Core\Dependencies\YamlDotNet\Unity.VisualScripting.YamlDotNet.dll
Symbol file LoadedFromMemory doesn't match image C:\PetProjects\AzurTestTaskTA\Library\PackageCache\com.unity.visualscripting@1.8.0\Editor\VisualScripting.Core\Dependencies\DotNetZip\Unity.VisualScripting.IonicZip.dll
Native extension for WindowsStandalone target not found
Native extension for iOS target not found
Native extension for Android target not found
Native extension for WebGL target not found
Refreshing native plugins compatible for Editor in 0.60 ms, found 3 plugins.
Preloading 0 native plugins for Editor in 0.00 ms.
Mono: successfully reloaded assembly
- Completed reload, in  0.960 seconds
Domain Reload Profiling:
	ReloadAssembly (961ms)
		BeginReloadAssembly (132ms)
			ExecutionOrderSort (0ms)
			DisableScriptedObjects (5ms)
			BackupInstance (0ms)
			ReleaseScriptingObjects (0ms)
			CreateAndSetChildDomain (34ms)
		EndReloadAssembly (742ms)
			LoadAssemblies (85ms)
			RebuildTransferFunctionScriptingTraits (0ms)
			SetupTypeCache (253ms)
			ReleaseScriptCaches (2ms)
			RebuildScriptCaches (41ms)
			SetupLoadedEditorAssemblies (321ms)
				LogAssemblyErrors (0ms)
				InitializePlatformSupportModulesInManaged (31ms)
				SetLoadedEditorAssemblies (0ms)
				RefreshPlugins (1ms)
				BeforeProcessingInitializeOnLoad (54ms)
				ProcessInitializeOnLoadAttributes (205ms)
				ProcessInitializeOnLoadMethodAttributes (23ms)
				AfterProcessingInitializeOnLoad (7ms)
				EditorAssembliesLoaded (0ms)
			ExecutionOrderSort2 (0ms)
			AwakeInstancesAfterBackupRestoration (7ms)
Platform modules already initialized, skipping
Refreshing native plugins compatible for Editor in 2.05 ms, found 3 plugins.
Preloading 0 native plugins for Editor in 0.00 ms.
Unloading 3085 Unused Serialized files (Serialized files now loaded: 0)
Unloading 15 unused Assets / (22.1 KB). Loaded Objects now: 3700.
Memory consumption went from 133.7 MB to 133.7 MB.
Total: 3.022000 ms (FindLiveObjects: 0.288200 ms CreateObjectMapping: 0.229700 ms MarkObjects: 2.474100 ms  DeleteObjects: 0.028800 ms)

AssetImportParameters requested are different than current active one (requested -> active):
  custom:video-decoder-ogg-theora: a1e56fd34408186e4bbccfd4996cb3dc -> 
  custom:container-muxer-webm: aa71ff27fc2769a1b78a27578f13a17b -> 
  custom:container-demuxer-webm: 4f35f7cbe854078d1ac9338744f61a02 -> 
  custom:video-encoder-webm-vp8: eb34c28f22e8b96e1ab97ce403110664 -> 
  custom:audio-encoder-webm-vorbis: bf7c407c2cedff20999df2af8eb42d56 -> 
  custom:framework-win-MediaFoundation: 216162199b28c13a410421893ffa2e32 -> 
  custom:container-demuxer-ogg: 62fdf1f143b41e24485cea50d1cbac27 -> 
  custom:video-decoder-webm-vp8: 9c59270c3fd7afecdb556c50c9e8de78 -> 
  custom:audio-decoder-ogg-vorbis: bf7c407c2cedff20999df2af8eb42d56 -> 
========================================================================
Received Prepare
Registering precompiled user dll's ...
Registered in 0.003417 seconds.
Begin MonoManager ReloadAssembly
Symbol file LoadedFromMemory doesn't match image C:\PetProjects\AzurTestTaskTA\Library\PackageCache\com.unity.visualscripting@1.8.0\Editor\VisualScripting.Core\Dependencies\YamlDotNet\Unity.VisualScripting.YamlDotNet.dll
Symbol file LoadedFromMemory doesn't match image C:\PetProjects\AzurTestTaskTA\Library\PackageCache\com.unity.visualscripting@1.8.0\Editor\VisualScripting.Core\Dependencies\DotNetZip\Unity.VisualScripting.IonicZip.dll
Native extension for WindowsStandalone target not found
Native extension for iOS target not found
Native extension for Android target not found
Native extension for WebGL target not found
Refreshing native plugins compatible for Editor in 0.91 ms, found 3 plugins.
Preloading 0 native plugins for Editor in 0.00 ms.
Mono: successfully reloaded assembly
- Completed reload, in  0.959 seconds
Domain Reload Profiling:
	ReloadAssembly (960ms)
		BeginReloadAssembly (142ms)
			ExecutionOrderSort (0ms)
			DisableScriptedObjects (9ms)
			BackupInstance (0ms)
			ReleaseScriptingObjects (0ms)
			CreateAndSetChildDomain (35ms)
		EndReloadAssembly (731ms)
			LoadAssemblies (89ms)
			RebuildTransferFunctionScriptingTraits (0ms)
			SetupTypeCache (233ms)
			ReleaseScriptCaches (1ms)
			RebuildScriptCaches (36ms)
			SetupLoadedEditorAssemblies (341ms)
				LogAssemblyErrors (0ms)
				InitializePlatformSupportModulesInManaged (33ms)
				SetLoadedEditorAssemblies (0ms)
				RefreshPlugins (1ms)
				BeforeProcessingInitializeOnLoad (61ms)
				ProcessInitializeOnLoadAttributes (213ms)
				ProcessInitializeOnLoadMethodAttributes (25ms)
				AfterProcessingInitializeOnLoad (7ms)
				EditorAssembliesLoaded (0ms)
			ExecutionOrderSort2 (0ms)
			AwakeInstancesAfterBackupRestoration (6ms)
Platform modules already initialized, skipping
Refreshing native plugins compatible for Editor in 2.55 ms, found 3 plugins.
Preloading 0 native plugins for Editor in 0.00 ms.
Unloading 3085 Unused Serialized files (Serialized files now loaded: 0)
Unloading 15 unused Assets / (22.0 KB). Loaded Objects now: 3703.
Memory consumption went from 133.7 MB to 133.7 MB.
Total: 4.251300 ms (FindLiveObjects: 0.496100 ms CreateObjectMapping: 0.112400 ms MarkObjects: 3.602100 ms  DeleteObjects: 0.039100 ms)

AssetImportParameters requested are different than current active one (requested -> active):
  custom:video-decoder-ogg-theora: a1e56fd34408186e4bbccfd4996cb3dc -> 
  custom:container-muxer-webm: aa71ff27fc2769a1b78a27578f13a17b -> 
  custom:container-demuxer-webm: 4f35f7cbe854078d1ac9338744f61a02 -> 
  custom:video-encoder-webm-vp8: eb34c28f22e8b96e1ab97ce403110664 -> 
  custom:audio-encoder-webm-vorbis: bf7c407c2cedff20999df2af8eb42d56 -> 
  custom:framework-win-MediaFoundation: 216162199b28c13a410421893ffa2e32 -> 
  custom:container-demuxer-ogg: 62fdf1f143b41e24485cea50d1cbac27 -> 
  custom:video-decoder-webm-vp8: 9c59270c3fd7afecdb556c50c9e8de78 -> 
  custom:audio-decoder-ogg-vorbis: bf7c407c2cedff20999df2af8eb42d56 -> 
========================================================================
Received Import Request.
  Time since last request: 3356.432501 seconds.
  path: Assets/AzurTestTask/Animations/Orc.controller
  artifactKey: Guid(5716dd16e800ec34d89c1c4661003a59) Importer(815301076,1909f56bfc062723c751e8b465ee728b)
Start importing Assets/AzurTestTask/Animations/Orc.controller using Guid(5716dd16e800ec34d89c1c4661003a59) Importer(815301076,1909f56bfc062723c751e8b465ee728b)  -> (artifact id: '0d5ad9d9b72aac296134c636f2690f61') in 0.027394 seconds 
========================================================================
Received Import Request.
  Time since last request: 39.748006 seconds.
  path: Assets/AzurTestTask/Animations/Orc.controller
  artifactKey: Guid(5716dd16e800ec34d89c1c4661003a59) Importer(815301076,1909f56bfc062723c751e8b465ee728b)
Start importing Assets/AzurTestTask/Animations/Orc.controller using Guid(5716dd16e800ec34d89c1c4661003a59) Importer(815301076,1909f56bfc062723c751e8b465ee728b)  -> (artifact id: '410f370def6afb72d6d26e5c5c5be97e') in 0.004591 seconds 
========================================================================
Received Prepare
Registering precompiled user dll's ...
Registered in 0.003619 seconds.
Begin MonoManager ReloadAssembly
Symbol file LoadedFromMemory doesn't match image C:\PetProjects\AzurTestTaskTA\Library\PackageCache\com.unity.visualscripting@1.8.0\Editor\VisualScripting.Core\Dependencies\YamlDotNet\Unity.VisualScripting.YamlDotNet.dll
Symbol file LoadedFromMemory doesn't match image C:\PetProjects\AzurTestTaskTA\Library\PackageCache\com.unity.visualscripting@1.8.0\Editor\VisualScripting.Core\Dependencies\DotNetZip\Unity.VisualScripting.IonicZip.dll
Native extension for WindowsStandalone target not found
Native extension for iOS target not found
Native extension for Android target not found
Native extension for WebGL target not found
Refreshing native plugins compatible for Editor in 0.62 ms, found 3 plugins.
Preloading 0 native plugins for Editor in 0.00 ms.
Mono: successfully reloaded assembly
- Completed reload, in  0.933 seconds
Domain Reload Profiling:
	ReloadAssembly (934ms)
		BeginReloadAssembly (153ms)
			ExecutionOrderSort (0ms)
			DisableScriptedObjects (5ms)
			BackupInstance (0ms)
			ReleaseScriptingObjects (0ms)
			CreateAndSetChildDomain (34ms)
		EndReloadAssembly (685ms)
			LoadAssemblies (101ms)
			RebuildTransferFunctionScriptingTraits (0ms)
			SetupTypeCache (218ms)
			ReleaseScriptCaches (1ms)
			RebuildScriptCaches (39ms)
			SetupLoadedEditorAssemblies (310ms)
				LogAssemblyErrors (0ms)
				InitializePlatformSupportModulesInManaged (30ms)
				SetLoadedEditorAssemblies (0ms)
				RefreshPlugins (1ms)
				BeforeProcessingInitializeOnLoad (52ms)
				ProcessInitializeOnLoadAttributes (194ms)
				ProcessInitializeOnLoadMethodAttributes (25ms)
				AfterProcessingInitializeOnLoad (9ms)
				EditorAssembliesLoaded (0ms)
			ExecutionOrderSort2 (0ms)
			AwakeInstancesAfterBackupRestoration (7ms)
Platform modules already initialized, skipping
Refreshing native plugins compatible for Editor in 1.94 ms, found 3 plugins.
Preloading 0 native plugins for Editor in 0.00 ms.
Unloading 3085 Unused Serialized files (Serialized files now loaded: 0)
Unloading 15 unused Assets / (21.9 KB). Loaded Objects now: 3706.
Memory consumption went from 133.7 MB to 133.7 MB.
Total: 4.298000 ms (FindLiveObjects: 0.558300 ms CreateObjectMapping: 0.157200 ms MarkObjects: 3.504300 ms  DeleteObjects: 0.076500 ms)

AssetImportParameters requested are different than current active one (requested -> active):
  custom:video-decoder-ogg-theora: a1e56fd34408186e4bbccfd4996cb3dc -> 
  custom:container-muxer-webm: aa71ff27fc2769a1b78a27578f13a17b -> 
  custom:container-demuxer-webm: 4f35f7cbe854078d1ac9338744f61a02 -> 
  custom:video-encoder-webm-vp8: eb34c28f22e8b96e1ab97ce403110664 -> 
  custom:audio-encoder-webm-vorbis: bf7c407c2cedff20999df2af8eb42d56 -> 
  custom:framework-win-MediaFoundation: 216162199b28c13a410421893ffa2e32 -> 
  custom:container-demuxer-ogg: 62fdf1f143b41e24485cea50d1cbac27 -> 
  custom:video-decoder-webm-vp8: 9c59270c3fd7afecdb556c50c9e8de78 -> 
  custom:audio-decoder-ogg-vorbis: bf7c407c2cedff20999df2af8eb42d56 -> 
========================================================================
Received Import Request.
  Time since last request: 34.619055 seconds.
  path: Assets/AzurTestTask/Prefabs/Orc.prefab
  artifactKey: Guid(5fe2349c9728e5742b634ac008c1e155) Importer(815301076,1909f56bfc062723c751e8b465ee728b)
Start importing Assets/AzurTestTask/Prefabs/Orc.prefab using Guid(5fe2349c9728e5742b634ac008c1e155) Importer(815301076,1909f56bfc062723c751e8b465ee728b)  -> (artifact id: '16bc31e40be5b171f0c6e361e45cfc54') in 0.148055 seconds 
========================================================================
Received Prepare
Registering precompiled user dll's ...
Registered in 0.003534 seconds.
Begin MonoManager ReloadAssembly
Symbol file LoadedFromMemory doesn't match image C:\PetProjects\AzurTestTaskTA\Library\PackageCache\com.unity.visualscripting@1.8.0\Editor\VisualScripting.Core\Dependencies\YamlDotNet\Unity.VisualScripting.YamlDotNet.dll
Symbol file LoadedFromMemory doesn't match image C:\PetProjects\AzurTestTaskTA\Library\PackageCache\com.unity.visualscripting@1.8.0\Editor\VisualScripting.Core\Dependencies\DotNetZip\Unity.VisualScripting.IonicZip.dll
Native extension for WindowsStandalone target not found
Native extension for iOS target not found
Native extension for Android target not found
Native extension for WebGL target not found
Refreshing native plugins compatible for Editor in 0.75 ms, found 3 plugins.
Preloading 0 native plugins for Editor in 0.00 ms.
Mono: successfully reloaded assembly
- Completed reload, in  0.940 seconds
Domain Reload Profiling:
	ReloadAssembly (941ms)
		BeginReloadAssembly (129ms)
			ExecutionOrderSort (0ms)
			DisableScriptedObjects (4ms)
			BackupInstance (0ms)
			ReleaseScriptingObjects (0ms)
			CreateAndSetChildDomain (33ms)
		EndReloadAssembly (717ms)
			LoadAssemblies (81ms)
			RebuildTransferFunctionScriptingTraits (0ms)
			SetupTypeCache (238ms)
			ReleaseScriptCaches (1ms)
			RebuildScriptCaches (33ms)
			SetupLoadedEditorAssemblies (329ms)
				LogAssemblyErrors (0ms)
				InitializePlatformSupportModulesInManaged (32ms)
				SetLoadedEditorAssemblies (0ms)
				RefreshPlugins (1ms)
				BeforeProcessingInitializeOnLoad (61ms)
				ProcessInitializeOnLoadAttributes (203ms)
				ProcessInitializeOnLoadMethodAttributes (24ms)
				AfterProcessingInitializeOnLoad (7ms)
				EditorAssembliesLoaded (0ms)
			ExecutionOrderSort2 (0ms)
			AwakeInstancesAfterBackupRestoration (7ms)
Platform modules already initialized, skipping
Refreshing native plugins compatible for Editor in 1.75 ms, found 3 plugins.
Preloading 0 native plugins for Editor in 0.00 ms.
Unloading 3085 Unused Serialized files (Serialized files now loaded: 0)
Unloading 15 unused Assets / (22.0 KB). Loaded Objects now: 3710.
Memory consumption went from 146.3 MB to 146.3 MB.
Total: 3.615400 ms (FindLiveObjects: 0.351200 ms CreateObjectMapping: 0.129300 ms MarkObjects: 3.103500 ms  DeleteObjects: 0.030000 ms)

AssetImportParameters requested are different than current active one (requested -> active):
  custom:video-decoder-ogg-theora: a1e56fd34408186e4bbccfd4996cb3dc -> 
  custom:container-muxer-webm: aa71ff27fc2769a1b78a27578f13a17b -> 
  custom:container-demuxer-webm: 4f35f7cbe854078d1ac9338744f61a02 -> 
  custom:video-encoder-webm-vp8: eb34c28f22e8b96e1ab97ce403110664 -> 
  custom:audio-encoder-webm-vorbis: bf7c407c2cedff20999df2af8eb42d56 -> 
  custom:framework-win-MediaFoundation: 216162199b28c13a410421893ffa2e32 -> 
  custom:container-demuxer-ogg: 62fdf1f143b41e24485cea50d1cbac27 -> 
  custom:video-decoder-webm-vp8: 9c59270c3fd7afecdb556c50c9e8de78 -> 
  custom:audio-decoder-ogg-vorbis: bf7c407c2cedff20999df2af8eb42d56 -> 
========================================================================
Received Prepare
Registering precompiled user dll's ...
Registered in 0.003522 seconds.
Begin MonoManager ReloadAssembly
Symbol file LoadedFromMemory doesn't match image C:\PetProjects\AzurTestTaskTA\Library\PackageCache\com.unity.visualscripting@1.8.0\Editor\VisualScripting.Core\Dependencies\YamlDotNet\Unity.VisualScripting.YamlDotNet.dll
Symbol file LoadedFromMemory doesn't match image C:\PetProjects\AzurTestTaskTA\Library\PackageCache\com.unity.visualscripting@1.8.0\Editor\VisualScripting.Core\Dependencies\DotNetZip\Unity.VisualScripting.IonicZip.dll
Native extension for WindowsStandalone target not found
Native extension for iOS target not found
Native extension for Android target not found
Native extension for WebGL target not found
Refreshing native plugins compatible for Editor in 0.53 ms, found 3 plugins.
Preloading 0 native plugins for Editor in 0.00 ms.
Mono: successfully reloaded assembly
- Completed reload, in  0.959 seconds
Domain Reload Profiling:
	ReloadAssembly (960ms)
		BeginReloadAssembly (137ms)
			ExecutionOrderSort (0ms)
			DisableScriptedObjects (5ms)
			BackupInstance (0ms)
			ReleaseScriptingObjects (0ms)
			CreateAndSetChildDomain (36ms)
		EndReloadAssembly (730ms)
			LoadAssemblies (86ms)
			RebuildTransferFunctionScriptingTraits (0ms)
			SetupTypeCache (237ms)
			ReleaseScriptCaches (1ms)
			RebuildScriptCaches (42ms)
			SetupLoadedEditorAssemblies (330ms)
				LogAssemblyErrors (0ms)
				InitializePlatformSupportModulesInManaged (32ms)
				SetLoadedEditorAssemblies (0ms)
				RefreshPlugins (1ms)
				BeforeProcessingInitializeOnLoad (62ms)
				ProcessInitializeOnLoadAttributes (207ms)
				ProcessInitializeOnLoadMethodAttributes (21ms)
				AfterProcessingInitializeOnLoad (7ms)
				EditorAssembliesLoaded (0ms)
			ExecutionOrderSort2 (0ms)
			AwakeInstancesAfterBackupRestoration (6ms)
Platform modules already initialized, skipping
Refreshing native plugins compatible for Editor in 2.68 ms, found 3 plugins.
Preloading 0 native plugins for Editor in 0.00 ms.
Unloading 3085 Unused Serialized files (Serialized files now loaded: 0)
Unloading 15 unused Assets / (22.0 KB). Loaded Objects now: 3713.
Memory consumption went from 146.3 MB to 146.3 MB.
Total: 3.439200 ms (FindLiveObjects: 0.341300 ms CreateObjectMapping: 0.173300 ms MarkObjects: 2.881500 ms  DeleteObjects: 0.040900 ms)

AssetImportParameters requested are different than current active one (requested -> active):
  custom:video-decoder-ogg-theora: a1e56fd34408186e4bbccfd4996cb3dc -> 
  custom:container-muxer-webm: aa71ff27fc2769a1b78a27578f13a17b -> 
  custom:container-demuxer-webm: 4f35f7cbe854078d1ac9338744f61a02 -> 
  custom:video-encoder-webm-vp8: eb34c28f22e8b96e1ab97ce403110664 -> 
  custom:audio-encoder-webm-vorbis: bf7c407c2cedff20999df2af8eb42d56 -> 
  custom:framework-win-MediaFoundation: 216162199b28c13a410421893ffa2e32 -> 
  custom:container-demuxer-ogg: 62fdf1f143b41e24485cea50d1cbac27 -> 
  custom:video-decoder-webm-vp8: 9c59270c3fd7afecdb556c50c9e8de78 -> 
  custom:audio-decoder-ogg-vorbis: bf7c407c2cedff20999df2af8eb42d56 -> 
========================================================================
Received Prepare
Registering precompiled user dll's ...
Registered in 0.004308 seconds.
Begin MonoManager ReloadAssembly
Symbol file LoadedFromMemory doesn't match image C:\PetProjects\AzurTestTaskTA\Library\PackageCache\com.unity.visualscripting@1.8.0\Editor\VisualScripting.Core\Dependencies\YamlDotNet\Unity.VisualScripting.YamlDotNet.dll
Symbol file LoadedFromMemory doesn't match image C:\PetProjects\AzurTestTaskTA\Library\PackageCache\com.unity.visualscripting@1.8.0\Editor\VisualScripting.Core\Dependencies\DotNetZip\Unity.VisualScripting.IonicZip.dll
Native extension for WindowsStandalone target not found
Native extension for iOS target not found
Native extension for Android target not found
Native extension for WebGL target not found
Refreshing native plugins compatible for Editor in 0.59 ms, found 3 plugins.
Preloading 0 native plugins for Editor in 0.00 ms.
Mono: successfully reloaded assembly
- Completed reload, in  0.952 seconds
Domain Reload Profiling:
	ReloadAssembly (953ms)
		BeginReloadAssembly (142ms)
			ExecutionOrderSort (0ms)
			DisableScriptedObjects (5ms)
			BackupInstance (0ms)
			ReleaseScriptingObjects (0ms)
			CreateAndSetChildDomain (35ms)
		EndReloadAssembly (723ms)
			LoadAssemblies (99ms)
			RebuildTransferFunctionScriptingTraits (0ms)
			SetupTypeCache (250ms)
			ReleaseScriptCaches (1ms)
			RebuildScriptCaches (38ms)
			SetupLoadedEditorAssemblies (299ms)
				LogAssemblyErrors (0ms)
				InitializePlatformSupportModulesInManaged (32ms)
				SetLoadedEditorAssemblies (0ms)
				RefreshPlugins (1ms)
				BeforeProcessingInitializeOnLoad (51ms)
				ProcessInitializeOnLoadAttributes (177ms)
				ProcessInitializeOnLoadMethodAttributes (27ms)
				AfterProcessingInitializeOnLoad (10ms)
				EditorAssembliesLoaded (0ms)
			ExecutionOrderSort2 (0ms)
			AwakeInstancesAfterBackupRestoration (7ms)
Platform modules already initialized, skipping
Refreshing native plugins compatible for Editor in 2.86 ms, found 3 plugins.
Preloading 0 native plugins for Editor in 0.00 ms.
Unloading 3085 Unused Serialized files (Serialized files now loaded: 0)
Unloading 15 unused Assets / (21.9 KB). Loaded Objects now: 3716.
Memory consumption went from 146.3 MB to 146.3 MB.
Total: 6.290400 ms (FindLiveObjects: 0.341900 ms CreateObjectMapping: 0.155900 ms MarkObjects: 5.713900 ms  DeleteObjects: 0.077100 ms)

AssetImportParameters requested are different than current active one (requested -> active):
  custom:video-decoder-ogg-theora: a1e56fd34408186e4bbccfd4996cb3dc -> 
  custom:container-muxer-webm: aa71ff27fc2769a1b78a27578f13a17b -> 
  custom:container-demuxer-webm: 4f35f7cbe854078d1ac9338744f61a02 -> 
  custom:video-encoder-webm-vp8: eb34c28f22e8b96e1ab97ce403110664 -> 
  custom:audio-encoder-webm-vorbis: bf7c407c2cedff20999df2af8eb42d56 -> 
  custom:framework-win-MediaFoundation: 216162199b28c13a410421893ffa2e32 -> 
  custom:container-demuxer-ogg: 62fdf1f143b41e24485cea50d1cbac27 -> 
  custom:video-decoder-webm-vp8: 9c59270c3fd7afecdb556c50c9e8de78 -> 
  custom:audio-decoder-ogg-vorbis: bf7c407c2cedff20999df2af8eb42d56 -> 
========================================================================
Received Prepare
Registering precompiled user dll's ...
Registered in 0.004624 seconds.
Begin MonoManager ReloadAssembly
Symbol file LoadedFromMemory doesn't match image C:\PetProjects\AzurTestTaskTA\Library\PackageCache\com.unity.visualscripting@1.8.0\Editor\VisualScripting.Core\Dependencies\YamlDotNet\Unity.VisualScripting.YamlDotNet.dll
Symbol file LoadedFromMemory doesn't match image C:\PetProjects\AzurTestTaskTA\Library\PackageCache\com.unity.visualscripting@1.8.0\Editor\VisualScripting.Core\Dependencies\DotNetZip\Unity.VisualScripting.IonicZip.dll
Native extension for WindowsStandalone target not found
Native extension for iOS target not found
Native extension for Android target not found
Native extension for WebGL target not found
Refreshing native plugins compatible for Editor in 1.02 ms, found 3 plugins.
Preloading 0 native plugins for Editor in 0.00 ms.
Mono: successfully reloaded assembly
- Completed reload, in  0.923 seconds
Domain Reload Profiling:
	ReloadAssembly (924ms)
		BeginReloadAssembly (147ms)
			ExecutionOrderSort (0ms)
			DisableScriptedObjects (5ms)
			BackupInstance (0ms)
			ReleaseScriptingObjects (0ms)
			CreateAndSetChildDomain (33ms)
		EndReloadAssembly (687ms)
			LoadAssemblies (98ms)
			RebuildTransferFunctionScriptingTraits (0ms)
			SetupTypeCache (239ms)
			ReleaseScriptCaches (1ms)
			RebuildScriptCaches (35ms)
			SetupLoadedEditorAssemblies (290ms)
				LogAssemblyErrors (0ms)
				InitializePlatformSupportModulesInManaged (32ms)
				SetLoadedEditorAssemblies (0ms)
				RefreshPlugins (1ms)
				BeforeProcessingInitializeOnLoad (65ms)
				ProcessInitializeOnLoadAttributes (166ms)
				ProcessInitializeOnLoadMethodAttributes (18ms)
				AfterProcessingInitializeOnLoad (6ms)
				EditorAssembliesLoaded (0ms)
			ExecutionOrderSort2 (0ms)
			AwakeInstancesAfterBackupRestoration (5ms)
Platform modules already initialized, skipping
Refreshing native plugins compatible for Editor in 3.21 ms, found 3 plugins.
Preloading 0 native plugins for Editor in 0.00 ms.
Unloading 3085 Unused Serialized files (Serialized files now loaded: 0)
Unloading 15 unused Assets / (21.9 KB). Loaded Objects now: 3719.
Memory consumption went from 146.3 MB to 146.3 MB.
Total: 2.755900 ms (FindLiveObjects: 0.253100 ms CreateObjectMapping: 0.087700 ms MarkObjects: 2.390500 ms  DeleteObjects: 0.023700 ms)

AssetImportParameters requested are different than current active one (requested -> active):
  custom:video-decoder-ogg-theora: a1e56fd34408186e4bbccfd4996cb3dc -> 
  custom:container-muxer-webm: aa71ff27fc2769a1b78a27578f13a17b -> 
  custom:container-demuxer-webm: 4f35f7cbe854078d1ac9338744f61a02 -> 
  custom:video-encoder-webm-vp8: eb34c28f22e8b96e1ab97ce403110664 -> 
  custom:audio-encoder-webm-vorbis: bf7c407c2cedff20999df2af8eb42d56 -> 
  custom:framework-win-MediaFoundation: 216162199b28c13a410421893ffa2e32 -> 
  custom:SearchIndexIgnoredProperties: e643bd26f0fe6173181afceb89e7c659 -> 
  custom:container-demuxer-ogg: 62fdf1f143b41e24485cea50d1cbac27 -> 
  custom:video-decoder-webm-vp8: 9c59270c3fd7afecdb556c50c9e8de78 -> 
  custom:audio-decoder-ogg-vorbis: bf7c407c2cedff20999df2af8eb42d56 -> 
========================================================================
Received Prepare
Registering precompiled user dll's ...
Registered in 0.004674 seconds.
Begin MonoManager ReloadAssembly
Symbol file LoadedFromMemory doesn't match image C:\PetProjects\AzurTestTaskTA\Library\PackageCache\com.unity.visualscripting@1.8.0\Editor\VisualScripting.Core\Dependencies\YamlDotNet\Unity.VisualScripting.YamlDotNet.dll
Symbol file LoadedFromMemory doesn't match image C:\PetProjects\AzurTestTaskTA\Library\PackageCache\com.unity.visualscripting@1.8.0\Editor\VisualScripting.Core\Dependencies\DotNetZip\Unity.VisualScripting.IonicZip.dll
Native extension for WindowsStandalone target not found
Native extension for iOS target not found
Native extension for Android target not found
Native extension for WebGL target not found
Refreshing native plugins compatible for Editor in 0.61 ms, found 3 plugins.
Preloading 0 native plugins for Editor in 0.00 ms.
Mono: successfully reloaded assembly
- Completed reload, in  0.961 seconds
Domain Reload Profiling:
	ReloadAssembly (962ms)
		BeginReloadAssembly (133ms)
			ExecutionOrderSort (0ms)
			DisableScriptedObjects (5ms)
			BackupInstance (0ms)
			ReleaseScriptingObjects (0ms)
			CreateAndSetChildDomain (34ms)
		EndReloadAssembly (746ms)
			LoadAssemblies (86ms)
			RebuildTransferFunctionScriptingTraits (0ms)
			SetupTypeCache (227ms)
			ReleaseScriptCaches (1ms)
			RebuildScriptCaches (34ms)
			SetupLoadedEditorAssemblies (360ms)
				LogAssemblyErrors (0ms)
				InitializePlatformSupportModulesInManaged (32ms)
				SetLoadedEditorAssemblies (0ms)
				RefreshPlugins (1ms)
				BeforeProcessingInitializeOnLoad (65ms)
				ProcessInitializeOnLoadAttributes (226ms)
				ProcessInitializeOnLoadMethodAttributes (27ms)
				AfterProcessingInitializeOnLoad (8ms)
				EditorAssembliesLoaded (0ms)
			ExecutionOrderSort2 (0ms)
			AwakeInstancesAfterBackupRestoration (8ms)
Platform modules already initialized, skipping
Refreshing native plugins compatible for Editor in 3.40 ms, found 3 plugins.
Preloading 0 native plugins for Editor in 0.00 ms.
Unloading 3085 Unused Serialized files (Serialized files now loaded: 0)
Unloading 15 unused Assets / (22.0 KB). Loaded Objects now: 3722.
Memory consumption went from 146.4 MB to 146.3 MB.
Total: 4.402800 ms (FindLiveObjects: 0.523100 ms CreateObjectMapping: 0.131700 ms MarkObjects: 3.690300 ms  DeleteObjects: 0.056000 ms)

AssetImportParameters requested are different than current active one (requested -> active):
  custom:video-decoder-ogg-theora: a1e56fd34408186e4bbccfd4996cb3dc -> 
  custom:container-muxer-webm: aa71ff27fc2769a1b78a27578f13a17b -> 
  custom:container-demuxer-webm: 4f35f7cbe854078d1ac9338744f61a02 -> 
  custom:video-encoder-webm-vp8: eb34c28f22e8b96e1ab97ce403110664 -> 
  custom:audio-encoder-webm-vorbis: bf7c407c2cedff20999df2af8eb42d56 -> 
  custom:framework-win-MediaFoundation: 216162199b28c13a410421893ffa2e32 -> 
  custom:SearchIndexIgnoredProperties: e643bd26f0fe6173181afceb89e7c659 -> 
  custom:container-demuxer-ogg: 62fdf1f143b41e24485cea50d1cbac27 -> 
  custom:video-decoder-webm-vp8: 9c59270c3fd7afecdb556c50c9e8de78 -> 
  custom:audio-decoder-ogg-vorbis: bf7c407c2cedff20999df2af8eb42d56 -> 
========================================================================
Received Prepare
Refreshing native plugins compatible for Editor in 4.40 ms, found 3 plugins.
Preloading 0 native plugins for Editor in 0.00 ms.
Unloading 15 Unused Serialized files (Serialized files now loaded: 0)
Unloading 15 unused Assets / (21.9 KB). Loaded Objects now: 3722.
Memory consumption went from 84.7 MB to 84.7 MB.
Total: 4.072600 ms (FindLiveObjects: 0.304400 ms CreateObjectMapping: 0.138300 ms MarkObjects: 3.584400 ms  DeleteObjects: 0.043900 ms)

AssetImportParameters requested are different than current active one (requested -> active):
  custom:video-decoder-ogg-theora: a1e56fd34408186e4bbccfd4996cb3dc -> 
  custom:container-muxer-webm: aa71ff27fc2769a1b78a27578f13a17b -> 
  custom:container-demuxer-webm: 4f35f7cbe854078d1ac9338744f61a02 -> 
  custom:video-encoder-webm-vp8: eb34c28f22e8b96e1ab97ce403110664 -> 
  custom:audio-encoder-webm-vorbis: bf7c407c2cedff20999df2af8eb42d56 -> 
  custom:framework-win-MediaFoundation: 216162199b28c13a410421893ffa2e32 -> 
  custom:SearchIndexIgnoredProperties: e643bd26f0fe6173181afceb89e7c659 -> 
  custom:container-demuxer-ogg: 62fdf1f143b41e24485cea50d1cbac27 -> 
  custom:video-decoder-webm-vp8: 9c59270c3fd7afecdb556c50c9e8de78 -> 
  custom:audio-decoder-ogg-vorbis: bf7c407c2cedff20999df2af8eb42d56 -> 
========================================================================
Received Prepare
Refreshing native plugins compatible for Editor in 3.61 ms, found 3 plugins.
Preloading 0 native plugins for Editor in 0.00 ms.
Unloading 15 Unused Serialized files (Serialized files now loaded: 0)
Unloading 15 unused Assets / (21.9 KB). Loaded Objects now: 3722.
Memory consumption went from 84.4 MB to 84.4 MB.
Total: 3.816300 ms (FindLiveObjects: 0.282600 ms CreateObjectMapping: 0.120300 ms MarkObjects: 3.360000 ms  DeleteObjects: 0.052500 ms)

AssetImportParameters requested are different than current active one (requested -> active):
  custom:video-decoder-ogg-theora: a1e56fd34408186e4bbccfd4996cb3dc -> 
  custom:container-muxer-webm: aa71ff27fc2769a1b78a27578f13a17b -> 
  custom:container-demuxer-webm: 4f35f7cbe854078d1ac9338744f61a02 -> 
  custom:video-encoder-webm-vp8: eb34c28f22e8b96e1ab97ce403110664 -> 
  custom:audio-encoder-webm-vorbis: bf7c407c2cedff20999df2af8eb42d56 -> 
  custom:framework-win-MediaFoundation: 216162199b28c13a410421893ffa2e32 -> 
  custom:SearchIndexIgnoredProperties: e643bd26f0fe6173181afceb89e7c659 -> 
  custom:container-demuxer-ogg: 62fdf1f143b41e24485cea50d1cbac27 -> 
  custom:video-decoder-webm-vp8: 9c59270c3fd7afecdb556c50c9e8de78 -> 
  custom:audio-decoder-ogg-vorbis: bf7c407c2cedff20999df2af8eb42d56 -> 
========================================================================
Received Prepare
Registering precompiled user dll's ...
Registered in 0.004264 seconds.
Begin MonoManager ReloadAssembly
Symbol file LoadedFromMemory doesn't match image C:\PetProjects\AzurTestTaskTA\Library\PackageCache\com.unity.visualscripting@1.8.0\Editor\VisualScripting.Core\Dependencies\YamlDotNet\Unity.VisualScripting.YamlDotNet.dll
Symbol file LoadedFromMemory doesn't match image C:\PetProjects\AzurTestTaskTA\Library\PackageCache\com.unity.visualscripting@1.8.0\Editor\VisualScripting.Core\Dependencies\DotNetZip\Unity.VisualScripting.IonicZip.dll
Native extension for WindowsStandalone target not found
Native extension for iOS target not found
Native extension for Android target not found
Native extension for WebGL target not found
Refreshing native plugins compatible for Editor in 0.59 ms, found 3 plugins.
Preloading 0 native plugins for Editor in 0.00 ms.
Mono: successfully reloaded assembly
- Completed reload, in  0.976 seconds
Domain Reload Profiling:
	ReloadAssembly (977ms)
		BeginReloadAssembly (154ms)
			ExecutionOrderSort (0ms)
			DisableScriptedObjects (6ms)
			BackupInstance (0ms)
			ReleaseScriptingObjects (0ms)
			CreateAndSetChildDomain (38ms)
		EndReloadAssembly (721ms)
			LoadAssemblies (100ms)
			RebuildTransferFunctionScriptingTraits (0ms)
			SetupTypeCache (246ms)
			ReleaseScriptCaches (1ms)
			RebuildScriptCaches (38ms)
			SetupLoadedEditorAssemblies (297ms)
				LogAssemblyErrors (0ms)
				InitializePlatformSupportModulesInManaged (35ms)
				SetLoadedEditorAssemblies (0ms)
				RefreshPlugins (1ms)
				BeforeProcessingInitializeOnLoad (58ms)
				ProcessInitializeOnLoadAttributes (178ms)
				ProcessInitializeOnLoadMethodAttributes (18ms)
				AfterProcessingInitializeOnLoad (6ms)
				EditorAssembliesLoaded (0ms)
			ExecutionOrderSort2 (0ms)
			AwakeInstancesAfterBackupRestoration (5ms)
Platform modules already initialized, skipping
Refreshing native plugins compatible for Editor in 1.64 ms, found 3 plugins.
Preloading 0 native plugins for Editor in 0.00 ms.
Unloading 3085 Unused Serialized files (Serialized files now loaded: 0)
Unloading 15 unused Assets / (22.0 KB). Loaded Objects now: 3725.
Memory consumption went from 146.1 MB to 146.1 MB.
Total: 3.245100 ms (FindLiveObjects: 0.274400 ms CreateObjectMapping: 0.102700 ms MarkObjects: 2.822000 ms  DeleteObjects: 0.045200 ms)

AssetImportParameters requested are different than current active one (requested -> active):
  custom:video-decoder-ogg-theora: a1e56fd34408186e4bbccfd4996cb3dc -> 
  custom:container-muxer-webm: aa71ff27fc2769a1b78a27578f13a17b -> 
  custom:container-demuxer-webm: 4f35f7cbe854078d1ac9338744f61a02 -> 
  custom:video-encoder-webm-vp8: eb34c28f22e8b96e1ab97ce403110664 -> 
  custom:audio-encoder-webm-vorbis: bf7c407c2cedff20999df2af8eb42d56 -> 
  custom:framework-win-MediaFoundation: 216162199b28c13a410421893ffa2e32 -> 
  custom:SearchIndexIgnoredProperties: e643bd26f0fe6173181afceb89e7c659 -> 
  custom:container-demuxer-ogg: 62fdf1f143b41e24485cea50d1cbac27 -> 
  custom:video-decoder-webm-vp8: 9c59270c3fd7afecdb556c50c9e8de78 -> 
  custom:audio-decoder-ogg-vorbis: bf7c407c2cedff20999df2af8eb42d56 -> 
========================================================================
Received Prepare
Refreshing native plugins compatible for Editor in 4.71 ms, found 3 plugins.
Preloading 0 native plugins for Editor in 0.00 ms.
Unloading 15 Unused Serialized files (Serialized files now loaded: 0)
Unloading 15 unused Assets / (21.9 KB). Loaded Objects now: 3725.
Memory consumption went from 84.7 MB to 84.7 MB.
Total: 3.504000 ms (FindLiveObjects: 0.306100 ms CreateObjectMapping: 0.098700 ms MarkObjects: 3.062300 ms  DeleteObjects: 0.036200 ms)

AssetImportParameters requested are different than current active one (requested -> active):
  custom:video-decoder-ogg-theora: a1e56fd34408186e4bbccfd4996cb3dc -> 
  custom:container-muxer-webm: aa71ff27fc2769a1b78a27578f13a17b -> 
  custom:container-demuxer-webm: 4f35f7cbe854078d1ac9338744f61a02 -> 
  custom:video-encoder-webm-vp8: eb34c28f22e8b96e1ab97ce403110664 -> 
  custom:audio-encoder-webm-vorbis: bf7c407c2cedff20999df2af8eb42d56 -> 
  custom:framework-win-MediaFoundation: 216162199b28c13a410421893ffa2e32 -> 
  custom:SearchIndexIgnoredProperties: e643bd26f0fe6173181afceb89e7c659 -> 
  custom:container-demuxer-ogg: 62fdf1f143b41e24485cea50d1cbac27 -> 
  custom:video-decoder-webm-vp8: 9c59270c3fd7afecdb556c50c9e8de78 -> 
  custom:audio-decoder-ogg-vorbis: bf7c407c2cedff20999df2af8eb42d56 -> 
========================================================================
Received Import Request.
  Time since last request: 5463.009006 seconds.
  path: Assets/TextMesh Pro/BreatheFireV-R9EvE SDF.asset
  artifactKey: Guid(984afd0df2a58864da675927bbc490bc) Importer(815301076,1909f56bfc062723c751e8b465ee728b)
Start importing Assets/TextMesh Pro/BreatheFireV-R9EvE SDF.asset using Guid(984afd0df2a58864da675927bbc490bc) Importer(815301076,1909f56bfc062723c751e8b465ee728b)  -> (artifact id: '133a1afe5eb5b5d8430567c056bc556c') in 0.211823 seconds 
========================================================================
Received Prepare
Registering precompiled user dll's ...
Registered in 0.004323 seconds.
Begin MonoManager ReloadAssembly
Symbol file LoadedFromMemory doesn't match image C:\PetProjects\AzurTestTaskTA\Library\PackageCache\com.unity.visualscripting@1.8.0\Editor\VisualScripting.Core\Dependencies\YamlDotNet\Unity.VisualScripting.YamlDotNet.dll
Symbol file LoadedFromMemory doesn't match image C:\PetProjects\AzurTestTaskTA\Library\PackageCache\com.unity.visualscripting@1.8.0\Editor\VisualScripting.Core\Dependencies\DotNetZip\Unity.VisualScripting.IonicZip.dll
Native extension for WindowsStandalone target not found
Native extension for iOS target not found
Native extension for Android target not found
Native extension for WebGL target not found
Refreshing native plugins compatible for Editor in 0.61 ms, found 3 plugins.
Preloading 0 native plugins for Editor in 0.00 ms.
Mono: successfully reloaded assembly
- Completed reload, in  0.934 seconds
Domain Reload Profiling:
	ReloadAssembly (935ms)
		BeginReloadAssembly (129ms)
			ExecutionOrderSort (0ms)
			DisableScriptedObjects (4ms)
			BackupInstance (0ms)
			ReleaseScriptingObjects (0ms)
			CreateAndSetChildDomain (34ms)
		EndReloadAssembly (724ms)
			LoadAssemblies (78ms)
			RebuildTransferFunctionScriptingTraits (0ms)
			SetupTypeCache (242ms)
			ReleaseScriptCaches (1ms)
			RebuildScriptCaches (34ms)
			SetupLoadedEditorAssemblies (328ms)
				LogAssemblyErrors (0ms)
				InitializePlatformSupportModulesInManaged (29ms)
				SetLoadedEditorAssemblies (0ms)
				RefreshPlugins (1ms)
				BeforeProcessingInitializeOnLoad (64ms)
				ProcessInitializeOnLoadAttributes (204ms)
				ProcessInitializeOnLoadMethodAttributes (23ms)
				AfterProcessingInitializeOnLoad (6ms)
				EditorAssembliesLoaded (0ms)
			ExecutionOrderSort2 (0ms)
			AwakeInstancesAfterBackupRestoration (7ms)
Platform modules already initialized, skipping
Refreshing native plugins compatible for Editor in 2.20 ms, found 3 plugins.
Preloading 0 native plugins for Editor in 0.00 ms.
Unloading 3085 Unused Serialized files (Serialized files now loaded: 0)
Unloading 15 unused Assets / (22.1 KB). Loaded Objects now: 3728.
Memory consumption went from 146.2 MB to 146.1 MB.
Total: 4.237100 ms (FindLiveObjects: 0.392600 ms CreateObjectMapping: 0.126900 ms MarkObjects: 3.654300 ms  DeleteObjects: 0.061500 ms)

AssetImportParameters requested are different than current active one (requested -> active):
  custom:video-decoder-ogg-theora: a1e56fd34408186e4bbccfd4996cb3dc -> 
  custom:container-muxer-webm: aa71ff27fc2769a1b78a27578f13a17b -> 
  custom:container-demuxer-webm: 4f35f7cbe854078d1ac9338744f61a02 -> 
  custom:video-encoder-webm-vp8: eb34c28f22e8b96e1ab97ce403110664 -> 
  custom:audio-encoder-webm-vorbis: bf7c407c2cedff20999df2af8eb42d56 -> 
  custom:framework-win-MediaFoundation: 216162199b28c13a410421893ffa2e32 -> 
  custom:SearchIndexIgnoredProperties: e643bd26f0fe6173181afceb89e7c659 -> 
  custom:container-demuxer-ogg: 62fdf1f143b41e24485cea50d1cbac27 -> 
  custom:video-decoder-webm-vp8: 9c59270c3fd7afecdb556c50c9e8de78 -> 
  custom:audio-decoder-ogg-vorbis: bf7c407c2cedff20999df2af8eb42d56 -> 
========================================================================
Received Import Request.
  Time since last request: 606.607206 seconds.
  path: Assets/TextMesh Pro/Glyph Report.txt
  artifactKey: Guid(06183c5e1d3b6bf43a8e1d8406ec6fa2) Importer(815301076,1909f56bfc062723c751e8b465ee728b)
Start importing Assets/TextMesh Pro/Glyph Report.txt using Guid(06183c5e1d3b6bf43a8e1d8406ec6fa2) Importer(815301076,1909f56bfc062723c751e8b465ee728b)  -> (artifact id: '00000000000000000000000000000000') in 0.597819 seconds  code(4) message(Build asset version error: assets/textmesh pro/glyph report.txt in SourceAssetDB has modification time of '2026-05-05T08:24:16.5900747Z' while content on disk has modification time of '0001-01-01T00:00:00Z' with error code 2
Stacktrace:
0x00007ff62b324ccd (Unity) StackWalker::GetCurrentCallstack
0x00007ff62b32b889 (Unity) StackWalker::ShowCallstack
0x00007ff62c2ad693 (Unity) GetStacktrace
0x00007ff62c6503f4 (Unity) GetAssetHashAndValidate
0x00007ff62c64b958 (Unity) AssetVersionBuilder::BuildHashOfSourceAssetArray
0x00007ff62c6496fc (Unity) AssetVersionBuilder::BuildAssetVersion
0x00007ff62c5ce844 (Unity) CreateAssetVersionBuilder
0x00007ff62c5d5346 (Unity) ImportToObjects
0x00007ff62c5d4073 (Unity) ImportAsset
0x00007ff62c5f7331 (Unity) AssetImportWorker::Import
0x00007ff62c6613d8 (Unity) <lambda_b2420ec5ba262cbc5a49f56b4db03b86>::operator()
0x00007ff62c6a17c2 (Unity) asio::detail::completion_handler<core::mutable_function<void __cdecl(void)>,asio::io_context::basic_executor_type<std::allocator<void>,0> >::do_complete
0x00007ff62c68d6ae (Unity) asio::detail::win_iocp_io_context::do_one
0x00007ff62c68f314 (Unity) asio::detail::win_iocp_io_context::run
0x00007ff62c69fbae (Unity) IOService::Run
0x00007ff62c6722bf (Unity) AssetImportWorkerClient::Run
0x00007ff62c63a8c3 (Unity) RunAssetImportWorkerClientV2
0x00007ff62c63a94b (Unity) RunAssetImporterV2
0x00007ff62be6bdd8 (Unity) Application::InitializeProject
0x00007ff62c2b7bd8 (Unity) WinMain
0x00007ff62d697d2e (Unity) __scrt_common_main_seh
0x00007ffbd6147374 (KERNEL32) BaseThreadInitThunk
0x00007ffbd78fcc91 (ntdll) RtlUserThreadStart
)
  ERROR: Build asset version error: assets/textmesh pro/glyph report.txt in SourceAssetDB has modification time of '2026-05-05T08:24:16.5900747Z' while content on disk has modification time of '0001-01-01T00:00:00Z' with error code 2
Stacktrace:
0x00007ff62b324ccd (Unity) StackWalker::GetCurrentCallstack
0x00007ff62b32b889 (Unity) StackWalker::ShowCallstack
0x00007ff62c2ad693 (Unity) GetStacktrace
0x00007ff62c6503f4 (Unity) GetAssetHashAndValidate
0x00007ff62c64b958 (Unity) AssetVersionBuilder::BuildHashOfSourceAssetArray
0x00007ff62c6496fc (Unity) AssetVersionBuilder::BuildAssetVersion
0x00007ff62c5ce844 (Unity) CreateAssetVersionBuilder
0x00007ff62c5d5346 (Unity) ImportToObjects
0x00007ff62c5d4073 (Unity) ImportAsset
0x00007ff62c5f7331 (Unity) AssetImportWorker::Import
0x00007ff62c6613d8 (Unity) <lambda_b2420ec5ba262cbc5a49f56b4db03b86>::operator()
0x00007ff62c6a17c2 (Unity) asio::detail::completion_handler<core::mutable_function<void __cdecl(void)>,asio::io_context::basic_executor_type<std::allocator<void>,0> >::do_complete
0x00007ff62c68d6ae (Unity) asio::detail::win_iocp_io_context::do_one
0x00007ff62c68f314 (Unity) asio::detail::win_iocp_io_context::run
0x00007ff62c69fbae (Unity) IOService::Run
0x00007ff62c6722bf (Unity) AssetImportWorkerClient::Run
0x00007ff62c63a8c3 (Unity) RunAssetImportWorkerClientV2
0x00007ff62c63a94b (Unity) RunAssetImporterV2
0x00007ff62be6bdd8 (Unity) Application::InitializeProject
0x00007ff62c2b7bd8 (Unity) WinMain
0x00007ff62d697d2e (Unity) __scrt_common_main_seh
0x00007ffbd6147374 (KERNEL32) BaseThreadInitThunk
0x00007ffbd78fcc91 (ntdll) RtlUserThreadStart

========================================================================
Received Import Request.
  Time since last request: 164.754693 seconds.
  path: Assets/TextMesh Pro/BreatheFireV-R9EvE SDF.asset
  artifactKey: Guid(984afd0df2a58864da675927bbc490bc) Importer(815301076,1909f56bfc062723c751e8b465ee728b)
Start importing Assets/TextMesh Pro/BreatheFireV-R9EvE SDF.asset using Guid(984afd0df2a58864da675927bbc490bc) Importer(815301076,1909f56bfc062723c751e8b465ee728b)  -> (artifact id: '0c2466ddc890414cf93e5dbfd4ba6c75') in 0.075606 seconds 
========================================================================
Received Prepare
Registering precompiled user dll's ...
Registered in 0.003441 seconds.
Begin MonoManager ReloadAssembly
Symbol file LoadedFromMemory doesn't match image C:\PetProjects\AzurTestTaskTA\Library\PackageCache\com.unity.visualscripting@1.8.0\Editor\VisualScripting.Core\Dependencies\YamlDotNet\Unity.VisualScripting.YamlDotNet.dll
Symbol file LoadedFromMemory doesn't match image C:\PetProjects\AzurTestTaskTA\Library\PackageCache\com.unity.visualscripting@1.8.0\Editor\VisualScripting.Core\Dependencies\DotNetZip\Unity.VisualScripting.IonicZip.dll
Native extension for WindowsStandalone target not found
Native extension for iOS target not found
Native extension for Android target not found
Native extension for WebGL target not found
Refreshing native plugins compatible for Editor in 0.61 ms, found 3 plugins.
Preloading 0 native plugins for Editor in 0.00 ms.
Mono: successfully reloaded assembly
- Completed reload, in  0.941 seconds
Domain Reload Profiling:
	ReloadAssembly (941ms)
		BeginReloadAssembly (140ms)
			ExecutionOrderSort (0ms)
			DisableScriptedObjects (4ms)
			BackupInstance (0ms)
			ReleaseScriptingObjects (0ms)
			CreateAndSetChildDomain (34ms)
		EndReloadAssembly (707ms)
			LoadAssemblies (90ms)
			RebuildTransferFunctionScriptingTraits (0ms)
			SetupTypeCache (229ms)
			ReleaseScriptCaches (1ms)
			RebuildScriptCaches (38ms)
			SetupLoadedEditorAssemblies (321ms)
				LogAssemblyErrors (0ms)
				InitializePlatformSupportModulesInManaged (31ms)
				SetLoadedEditorAssemblies (0ms)
				RefreshPlugins (1ms)
				BeforeProcessingInitializeOnLoad (55ms)
				ProcessInitializeOnLoadAttributes (201ms)
				ProcessInitializeOnLoadMethodAttributes (24ms)
				AfterProcessingInitializeOnLoad (8ms)
				EditorAssembliesLoaded (0ms)
			ExecutionOrderSort2 (0ms)
			AwakeInstancesAfterBackupRestoration (8ms)
Platform modules already initialized, skipping
Refreshing native plugins compatible for Editor in 2.74 ms, found 3 plugins.
Preloading 0 native plugins for Editor in 0.00 ms.
Unloading 3085 Unused Serialized files (Serialized files now loaded: 0)
Unloading 15 unused Assets / (22.0 KB). Loaded Objects now: 3731.
Memory consumption went from 146.2 MB to 146.2 MB.
Total: 3.252300 ms (FindLiveObjects: 0.324500 ms CreateObjectMapping: 0.111600 ms MarkObjects: 2.754600 ms  DeleteObjects: 0.060200 ms)

AssetImportParameters requested are different than current active one (requested -> active):
  custom:video-decoder-ogg-theora: a1e56fd34408186e4bbccfd4996cb3dc -> 
  custom:container-muxer-webm: aa71ff27fc2769a1b78a27578f13a17b -> 
  custom:container-demuxer-webm: 4f35f7cbe854078d1ac9338744f61a02 -> 
  custom:video-encoder-webm-vp8: eb34c28f22e8b96e1ab97ce403110664 -> 
  custom:audio-encoder-webm-vorbis: bf7c407c2cedff20999df2af8eb42d56 -> 
  custom:framework-win-MediaFoundation: 216162199b28c13a410421893ffa2e32 -> 
  custom:SearchIndexIgnoredProperties: e643bd26f0fe6173181afceb89e7c659 -> 
  custom:container-demuxer-ogg: 62fdf1f143b41e24485cea50d1cbac27 -> 
  custom:video-decoder-webm-vp8: 9c59270c3fd7afecdb556c50c9e8de78 -> 
  custom:audio-decoder-ogg-vorbis: bf7c407c2cedff20999df2af8eb42d56 -> 
========================================================================
Received Prepare
Registering precompiled user dll's ...
Registered in 0.003419 seconds.
Begin MonoManager ReloadAssembly
Symbol file LoadedFromMemory doesn't match image C:\PetProjects\AzurTestTaskTA\Library\PackageCache\com.unity.visualscripting@1.8.0\Editor\VisualScripting.Core\Dependencies\YamlDotNet\Unity.VisualScripting.YamlDotNet.dll
Symbol file LoadedFromMemory doesn't match image C:\PetProjects\AzurTestTaskTA\Library\PackageCache\com.unity.visualscripting@1.8.0\Editor\VisualScripting.Core\Dependencies\DotNetZip\Unity.VisualScripting.IonicZip.dll
Native extension for WindowsStandalone target not found
Native extension for iOS target not found
Native extension for Android target not found
Native extension for WebGL target not found
Refreshing native plugins compatible for Editor in 0.66 ms, found 3 plugins.
Preloading 0 native plugins for Editor in 0.00 ms.
Mono: successfully reloaded assembly
- Completed reload, in  0.889 seconds
Domain Reload Profiling:
	ReloadAssembly (890ms)
		BeginReloadAssembly (129ms)
			ExecutionOrderSort (0ms)
			DisableScriptedObjects (5ms)
			BackupInstance (0ms)
			ReleaseScriptingObjects (0ms)
			CreateAndSetChildDomain (33ms)
		EndReloadAssembly (674ms)
			LoadAssemblies (81ms)
			RebuildTransferFunctionScriptingTraits (0ms)
			SetupTypeCache (216ms)
			ReleaseScriptCaches (1ms)
			RebuildScriptCaches (36ms)
			SetupLoadedEditorAssemblies (293ms)
				LogAssemblyErrors (0ms)
				InitializePlatformSupportModulesInManaged (34ms)
				SetLoadedEditorAssemblies (0ms)
				RefreshPlugins (1ms)
				BeforeProcessingInitializeOnLoad (52ms)
				ProcessInitializeOnLoadAttributes (173ms)
				ProcessInitializeOnLoadMethodAttributes (25ms)
				AfterProcessingInitializeOnLoad (7ms)
				EditorAssembliesLoaded (0ms)
			ExecutionOrderSort2 (0ms)
			AwakeInstancesAfterBackupRestoration (7ms)
Platform modules already initialized, skipping
Refreshing native plugins compatible for Editor in 1.49 ms, found 3 plugins.
Preloading 0 native plugins for Editor in 0.00 ms.
Unloading 3085 Unused Serialized files (Serialized files now loaded: 0)
Unloading 15 unused Assets / (22.0 KB). Loaded Objects now: 3734.
Memory consumption went from 146.2 MB to 146.2 MB.
Total: 3.462100 ms (FindLiveObjects: 0.281400 ms CreateObjectMapping: 0.086800 ms MarkObjects: 3.056800 ms  DeleteObjects: 0.035900 ms)

AssetImportParameters requested are different than current active one (requested -> active):
  custom:video-decoder-ogg-theora: a1e56fd34408186e4bbccfd4996cb3dc -> 
  custom:container-muxer-webm: aa71ff27fc2769a1b78a27578f13a17b -> 
  custom:container-demuxer-webm: 4f35f7cbe854078d1ac9338744f61a02 -> 
  custom:video-encoder-webm-vp8: eb34c28f22e8b96e1ab97ce403110664 -> 
  custom:audio-encoder-webm-vorbis: bf7c407c2cedff20999df2af8eb42d56 -> 
  custom:framework-win-MediaFoundation: 216162199b28c13a410421893ffa2e32 -> 
  custom:SearchIndexIgnoredProperties: e643bd26f0fe6173181afceb89e7c659 -> 
  custom:container-demuxer-ogg: 62fdf1f143b41e24485cea50d1cbac27 -> 
  custom:video-decoder-webm-vp8: 9c59270c3fd7afecdb556c50c9e8de78 -> 
  custom:audio-decoder-ogg-vorbis: bf7c407c2cedff20999df2af8eb42d56 -> 
========================================================================
Received Import Request.
  Time since last request: 161.546131 seconds.
  path: Assets/TextMesh Pro/BreatheFireV-R9EvE SDF.asset
  artifactKey: Guid(984afd0df2a58864da675927bbc490bc) Importer(815301076,1909f56bfc062723c751e8b465ee728b)
Start importing Assets/TextMesh Pro/BreatheFireV-R9EvE SDF.asset using Guid(984afd0df2a58864da675927bbc490bc) Importer(815301076,1909f56bfc062723c751e8b465ee728b)  -> (artifact id: '5b22d9d0a6ad43e2da65dc1decbc2980') in 0.100636 seconds 
========================================================================
Received Import Request.
  Time since last request: 6.302286 seconds.
  path: Assets/TextMesh Pro/Fonts/BreatheFireV-R9EvE.ttf
  artifactKey: Guid(f57e2cd0aff4f664eb0696cfd64ae1ac) Importer(815301076,1909f56bfc062723c751e8b465ee728b)
Start importing Assets/TextMesh Pro/Fonts/BreatheFireV-R9EvE.ttf using Guid(f57e2cd0aff4f664eb0696cfd64ae1ac) Importer(815301076,1909f56bfc062723c751e8b465ee728b)  -> (artifact id: '51e61e4e68d6c99711c08a0cad010fc6') in 0.020215 seconds 
========================================================================
Received Import Request.
  Time since last request: 16.457456 seconds.
  path: Assets/TextMesh Pro/Fonts/LiberationSans.ttf
  artifactKey: Guid(e3265ab4bf004d28a9537516768c1c75) Importer(815301076,1909f56bfc062723c751e8b465ee728b)
Start importing Assets/TextMesh Pro/Fonts/LiberationSans.ttf using Guid(e3265ab4bf004d28a9537516768c1c75) Importer(815301076,1909f56bfc062723c751e8b465ee728b)  -> (artifact id: '3aa38c98bfb4b46681050c9a3dc801be') in 0.019011 seconds 
========================================================================
Received Import Request.
  Time since last request: 8.367513 seconds.
  path: Assets/TextMesh Pro/Sprites/EmojiOne.png
  artifactKey: Guid(dffef66376be4fa480fb02b19edbe903) Importer(815301076,1909f56bfc062723c751e8b465ee728b)
Start importing Assets/TextMesh Pro/Sprites/EmojiOne.png using Guid(dffef66376be4fa480fb02b19edbe903) Importer(815301076,1909f56bfc062723c751e8b465ee728b)  -> (artifact id: '05e38850b53d25871f104094e3750b36') in 0.015434 seconds 
========================================================================
Received Import Request.
  Time since last request: 8.011579 seconds.
  path: Assets/TextMesh Pro/Shaders
  artifactKey: Guid(e9f693669af91aa45ad615fc681ed29f) Importer(815301076,1909f56bfc062723c751e8b465ee728b)
Start importing Assets/TextMesh Pro/Shaders using Guid(e9f693669af91aa45ad615fc681ed29f) Importer(815301076,1909f56bfc062723c751e8b465ee728b)  -> (artifact id: '16852098a277b7ddedd49287b21bfbc7') in 0.009914 seconds 
========================================================================
Received Import Request.
  Time since last request: 2.956969 seconds.
  path: Assets/TextMesh Pro/Shaders/TMP_SDF-Surface.shader
  artifactKey: Guid(f7ada0af4f174f0694ca6a487b8f543d) Importer(815301076,1909f56bfc062723c751e8b465ee728b)
Start importing Assets/TextMesh Pro/Shaders/TMP_SDF-Surface.shader using Guid(f7ada0af4f174f0694ca6a487b8f543d) Importer(815301076,1909f56bfc062723c751e8b465ee728b)  -> (artifact id: '6d84ca922a0a471ab25caeb1f3206ad3') in 0.012066 seconds 
========================================================================
Received Import Request.
  Time since last request: 4.503726 seconds.
  path: Assets/TextMesh Pro/Documentation
  artifactKey: Guid(8e7e8f5a82a3a134e91c54efd2274ea9) Importer(815301076,1909f56bfc062723c751e8b465ee728b)
Start importing Assets/TextMesh Pro/Documentation using Guid(8e7e8f5a82a3a134e91c54efd2274ea9) Importer(815301076,1909f56bfc062723c751e8b465ee728b)  -> (artifact id: 'dc497803c0650e980b81bcf651e18b86') in 0.010994 seconds 
========================================================================
Received Import Request.
  Time since last request: 1.748976 seconds.
  path: Assets/TextMesh Pro/Documentation/TextMesh Pro User Guide 2016.pdf
  artifactKey: Guid(1b8d251f9af63b746bf2f7ffe00ebb9b) Importer(815301076,1909f56bfc062723c751e8b465ee728b)
Start importing Assets/TextMesh Pro/Documentation/TextMesh Pro User Guide 2016.pdf using Guid(1b8d251f9af63b746bf2f7ffe00ebb9b) Importer(815301076,1909f56bfc062723c751e8b465ee728b)  -> (artifact id: '06d594f0f45c0070f56c2dd42a9bd84c') in 0.018295 seconds 
========================================================================
Received Import Request.
  Time since last request: 4.991033 seconds.
  path: Assets/TextMesh Pro/Resources/LineBreaking Leading Characters.txt
  artifactKey: Guid(d82c1b31c7e74239bff1220585707d2b) Importer(815301076,1909f56bfc062723c751e8b465ee728b)
Start importing Assets/TextMesh Pro/Resources/LineBreaking Leading Characters.txt using Guid(d82c1b31c7e74239bff1220585707d2b) Importer(815301076,1909f56bfc062723c751e8b465ee728b)  -> (artifact id: 'b95b4c2a9b67a1b3b08a79aab403f964') in 0.011093 seconds 
========================================================================
Received Import Request.
  Time since last request: 0.964363 seconds.
  path: Assets/TextMesh Pro/Resources/TMP Settings.asset
  artifactKey: Guid(3f5b5dff67a942289a9defa416b206f3) Importer(815301076,1909f56bfc062723c751e8b465ee728b)
Start importing Assets/TextMesh Pro/Resources/TMP Settings.asset using Guid(3f5b5dff67a942289a9defa416b206f3) Importer(815301076,1909f56bfc062723c751e8b465ee728b)  -> (artifact id: '66e62f07cd6000c5707b0b6c65a7e190') in 0.079256 seconds 
========================================================================
Received Import Request.
  Time since last request: 10.172407 seconds.
  path: Assets/TextMesh Pro/Resources/LineBreaking Following Characters.txt
  artifactKey: Guid(fade42e8bc714b018fac513c043d323b) Importer(815301076,1909f56bfc062723c751e8b465ee728b)
Start importing Assets/TextMesh Pro/Resources/LineBreaking Following Characters.txt using Guid(fade42e8bc714b018fac513c043d323b) Importer(815301076,1909f56bfc062723c751e8b465ee728b)  -> (artifact id: 'e7f67ab3dc26da4e8ae25e3f4e491d00') in 0.011853 seconds 
========================================================================
Received Import Request.
  Time since last request: 2.489245 seconds.
  path: Assets/TextMesh Pro/Resources/Style Sheets/Default Style Sheet.asset
  artifactKey: Guid(f952c082cb03451daed3ee968ac6c63e) Importer(815301076,1909f56bfc062723c751e8b465ee728b)
Start importing Assets/TextMesh Pro/Resources/Style Sheets/Default Style Sheet.asset using Guid(f952c082cb03451daed3ee968ac6c63e) Importer(815301076,1909f56bfc062723c751e8b465ee728b)  -> (artifact id: 'c72200549b97ff12ff44a36c3fabf96c') in 0.010286 seconds 
========================================================================
Received Import Request.
  Time since last request: 79.690808 seconds.
  path: Assets/AzurTestTask/Sprites/door1_arch.png
  artifactKey: Guid(6c71387d7e13bb04dbcd1deefb41d665) Importer(815301076,1909f56bfc062723c751e8b465ee728b)
Start importing Assets/AzurTestTask/Sprites/door1_arch.png using Guid(6c71387d7e13bb04dbcd1deefb41d665) Importer(815301076,1909f56bfc062723c751e8b465ee728b)  -> (artifact id: '0daeba42aa9323254ed94c4edaca2cda') in 0.030082 seconds 
========================================================================
Received Import Request.
  Time since last request: 168.754216 seconds.
  path: Assets/AzurTestTask/Sprites/barrels.png
  artifactKey: Guid(cd12324e5e31c9d4c831488a90932451) Importer(815301076,1909f56bfc062723c751e8b465ee728b)
Start importing Assets/AzurTestTask/Sprites/barrels.png using Guid(cd12324e5e31c9d4c831488a90932451) Importer(815301076,1909f56bfc062723c751e8b465ee728b)  -> (artifact id: 'ea76a2cf7ffac4744db5982e46d81ae4') in 0.022141 seconds 
========================================================================
Received Import Request.
  Time since last request: 0.661524 seconds.
  path: Assets/AzurTestTask/Sprites/door2_arch.png
  artifactKey: Guid(71e1436987e2b4448a4a7d9aad6a0593) Importer(815301076,1909f56bfc062723c751e8b465ee728b)
Start importing Assets/AzurTestTask/Sprites/door2_arch.png using Guid(71e1436987e2b4448a4a7d9aad6a0593) Importer(815301076,1909f56bfc062723c751e8b465ee728b)  -> (artifact id: '921e38d53de296daa08fbb6f63cccb8e') in 0.023028 seconds 
========================================================================
Received Import Request.
  Time since last request: 19.869461 seconds.
  path: Assets/AzurTestTask/Sprites/door2_arch.png
  artifactKey: Guid(71e1436987e2b4448a4a7d9aad6a0593) Importer(815301076,1909f56bfc062723c751e8b465ee728b)
Start importing Assets/AzurTestTask/Sprites/door2_arch.png using Guid(71e1436987e2b4448a4a7d9aad6a0593) Importer(815301076,1909f56bfc062723c751e8b465ee728b)  -> (artifact id: 'bec8a8762c41cc1fb0a7fd937bae4183') in 0.020293 seconds 
========================================================================
Received Import Request.
  Time since last request: 1.422537 seconds.
  path: Assets/AzurTestTask/Sprites/barrels_outline.png
  artifactKey: Guid(0d4cbb72115c526449ab5e38c03d5bbf) Importer(815301076,1909f56bfc062723c751e8b465ee728b)
Start importing Assets/AzurTestTask/Sprites/barrels_outline.png using Guid(0d4cbb72115c526449ab5e38c03d5bbf) Importer(815301076,1909f56bfc062723c751e8b465ee728b)  -> (artifact id: '81a0fc54fa476e282f098b282f2cb8d0') in 0.018374 seconds 
========================================================================
Received Import Request.
  Time since last request: 98.110261 seconds.
  path: Assets/AzurTestTask/Sprites/level.png
  artifactKey: Guid(e27a1698c6d268240b9d89f6a6a507e9) Importer(815301076,1909f56bfc062723c751e8b465ee728b)
Start importing Assets/AzurTestTask/Sprites/level.png using Guid(e27a1698c6d268240b9d89f6a6a507e9) Importer(815301076,1909f56bfc062723c751e8b465ee728b)  -> (artifact id: '40f772ef7931243cb1b735d67c39dcef') in 0.715012 seconds 
========================================================================
Received Import Request.
  Time since last request: 17.235029 seconds.
  path: Assets/AzurTestTask/New Sprite Atlas.spriteatlas
  artifactKey: Guid(ec35a52fd9e593d4b890eeacf4b5d0ea) Importer(815301076,1909f56bfc062723c751e8b465ee728b)
Start importing Assets/AzurTestTask/New Sprite Atlas.spriteatlas using Guid(ec35a52fd9e593d4b890eeacf4b5d0ea) Importer(815301076,1909f56bfc062723c751e8b465ee728b)  -> (artifact id: 'a574272348701c302476855b30e587c5') in 0.019108 seconds 
========================================================================
Received Import Request.
  Time since last request: 10.729231 seconds.
  path: Assets/AzurTestTask/Sprites/door1_arch.png
  artifactKey: Guid(6c71387d7e13bb04dbcd1deefb41d665) Importer(815301076,1909f56bfc062723c751e8b465ee728b)
Start importing Assets/AzurTestTask/Sprites/door1_arch.png using Guid(6c71387d7e13bb04dbcd1deefb41d665) Importer(815301076,1909f56bfc062723c751e8b465ee728b)  -> (artifact id: 'ce99801fcebbaba3b04b3e931d028b49') in 0.020430 seconds 
========================================================================
Received Import Request.
  Time since last request: 0.999408 seconds.
  path: Assets/AzurTestTask/Sprites/door1_closed.png
  artifactKey: Guid(af1810d908dc78449a3e216031a43ffa) Importer(815301076,1909f56bfc062723c751e8b465ee728b)
Start importing Assets/AzurTestTask/Sprites/door1_closed.png using Guid(af1810d908dc78449a3e216031a43ffa) Importer(815301076,1909f56bfc062723c751e8b465ee728b)  -> (artifact id: 'cb4126b6f0cd64da9a114428495ce62a') in 0.021082 seconds 
========================================================================
Received Import Request.
  Time since last request: 0.484524 seconds.
  path: Assets/AzurTestTask/Sprites/door1_open.png
  artifactKey: Guid(e869b8b11a67e0b428a8a92a534340fd) Importer(815301076,1909f56bfc062723c751e8b465ee728b)
Start importing Assets/AzurTestTask/Sprites/door1_open.png using Guid(e869b8b11a67e0b428a8a92a534340fd) Importer(815301076,1909f56bfc062723c751e8b465ee728b)  -> (artifact id: '2953a9801af64ea8d4615a94683531b3') in 0.018494 seconds 
========================================================================
Received Import Request.
  Time since last request: 0.760834 seconds.
  path: Assets/AzurTestTask/Sprites/door3_arch.png
  artifactKey: Guid(7b473f2ac96b00f479b6f02075e1cd83) Importer(815301076,1909f56bfc062723c751e8b465ee728b)
Start importing Assets/AzurTestTask/Sprites/door3_arch.png using Guid(7b473f2ac96b00f479b6f02075e1cd83) Importer(815301076,1909f56bfc062723c751e8b465ee728b)  -> (artifact id: '283e617b95e8478c22794aed2ffe5ef7') in 0.023581 seconds 
========================================================================
Received Import Request.
  Time since last request: 0.313397 seconds.
  path: Assets/AzurTestTask/Sprites/fire.png
  artifactKey: Guid(c77ad56e97d2db04fb202395fb66087e) Importer(815301076,1909f56bfc062723c751e8b465ee728b)
Start importing Assets/AzurTestTask/Sprites/fire.png using Guid(c77ad56e97d2db04fb202395fb66087e) Importer(815301076,1909f56bfc062723c751e8b465ee728b)  -> (artifact id: '6915d7df3dac061bef3d6d31f0913e85') in 0.027622 seconds 
========================================================================
Received Import Request.
  Time since last request: 0.170446 seconds.
  path: Assets/AzurTestTask/Sprites/fireplace.png
  artifactKey: Guid(1ae017473d6bfe947a2fa82b893bbbd8) Importer(815301076,1909f56bfc062723c751e8b465ee728b)
Start importing Assets/AzurTestTask/Sprites/fireplace.png using Guid(1ae017473d6bfe947a2fa82b893bbbd8) Importer(815301076,1909f56bfc062723c751e8b465ee728b)  -> (artifact id: '7ff39476ce29cbfba6a203b055d161fb') in 0.018233 seconds 
========================================================================
Received Import Request.
  Time since last request: 1.765742 seconds.
  path: Assets/AzurTestTask/Sprites/Coin_128.png
  artifactKey: Guid(ed5819982e8bc0a48a21967c5dc95099) Importer(815301076,1909f56bfc062723c751e8b465ee728b)
Start importing Assets/AzurTestTask/Sprites/Coin_128.png using Guid(ed5819982e8bc0a48a21967c5dc95099) Importer(815301076,1909f56bfc062723c751e8b465ee728b)  -> (artifact id: '820bf8d411113c2239c7a47d3a0cbd7c') in 0.017953 seconds 
========================================================================
Received Import Request.
  Time since last request: 0.039237 seconds.
  path: Assets/AzurTestTask/Sprites/cloud.png
  artifactKey: Guid(d8c1c73f4315b9c4baa24f6fc70c45b7) Importer(815301076,1909f56bfc062723c751e8b465ee728b)
Start importing Assets/AzurTestTask/Sprites/cloud.png using Guid(d8c1c73f4315b9c4baa24f6fc70c45b7) Importer(815301076,1909f56bfc062723c751e8b465ee728b)  -> (artifact id: '941bd921da02434feb20917c4342ab13') in 0.366784 seconds 
========================================================================
Received Import Request.
  Time since last request: 5.637031 seconds.
  path: Assets/AzurTestTask/Sprites/Hand.png
  artifactKey: Guid(03a99169b062df04d947efef250c706f) Importer(815301076,1909f56bfc062723c751e8b465ee728b)
Start importing Assets/AzurTestTask/Sprites/Hand.png using Guid(03a99169b062df04d947efef250c706f) Importer(815301076,1909f56bfc062723c751e8b465ee728b)  -> (artifact id: '29f980061c2d9f63f66faf3f336e235b') in 0.023113 seconds 
========================================================================
Received Import Request.
  Time since last request: 26.819172 seconds.
  path: Assets/AzurTestTask/level.png
  artifactKey: Guid(e27a1698c6d268240b9d89f6a6a507e9) Importer(815301076,1909f56bfc062723c751e8b465ee728b)
Start importing Assets/AzurTestTask/level.png using Guid(e27a1698c6d268240b9d89f6a6a507e9) Importer(815301076,1909f56bfc062723c751e8b465ee728b)  -> (artifact id: '58b560116573221c9a7acdd1096a3327') in 0.454658 seconds 
========================================================================
Received Import Request.
  Time since last request: 8.958009 seconds.
  path: Assets/AzurTestTask/level.png
  artifactKey: Guid(e27a1698c6d268240b9d89f6a6a507e9) Importer(815301076,1909f56bfc062723c751e8b465ee728b)
Start importing Assets/AzurTestTask/level.png using Guid(e27a1698c6d268240b9d89f6a6a507e9) Importer(815301076,1909f56bfc062723c751e8b465ee728b)  -> (artifact id: '0d7f2e24db2417fb74af030ef238516f') in 0.461738 seconds 
========================================================================
Received Import Request.
  Time since last request: 7.393008 seconds.
  path: Assets/AzurTestTask/Sprites/barrels_shadow.png
  artifactKey: Guid(85092bcdb12c8dd49928d375404a0aaa) Importer(815301076,1909f56bfc062723c751e8b465ee728b)
Start importing Assets/AzurTestTask/Sprites/barrels_shadow.png using Guid(85092bcdb12c8dd49928d375404a0aaa) Importer(815301076,1909f56bfc062723c751e8b465ee728b)  -> (artifact id: '0d301338c1c7518ec36eff0858cfb7a8') in 0.025502 seconds 
========================================================================
Received Import Request.
  Time since last request: 1.217486 seconds.
  path: Assets/AzurTestTask/Sprites/Heart_128.png
  artifactKey: Guid(0a34dfd0dc1d28e40b032d1be3460d8b) Importer(815301076,1909f56bfc062723c751e8b465ee728b)
Start importing Assets/AzurTestTask/Sprites/Heart_128.png using Guid(0a34dfd0dc1d28e40b032d1be3460d8b) Importer(815301076,1909f56bfc062723c751e8b465ee728b)  -> (artifact id: '6369ebb28374f0c129aa71954959cec5') in 0.019810 seconds 
========================================================================
Received Import Request.
  Time since last request: 0.040176 seconds.
  path: Assets/AzurTestTask/Sprites/Ladder.png
  artifactKey: Guid(8cdc47c3d3440a54e83ee96f480c1f28) Importer(815301076,1909f56bfc062723c751e8b465ee728b)
Start importing Assets/AzurTestTask/Sprites/Ladder.png using Guid(8cdc47c3d3440a54e83ee96f480c1f28) Importer(815301076,1909f56bfc062723c751e8b465ee728b)  -> (artifact id: '4c9667ded89712206cb71b6889860c03') in 0.070216 seconds 
========================================================================
Received Import Request.
  Time since last request: 0.063875 seconds.
  path: Assets/AzurTestTask/Sprites/Shadow.png
  artifactKey: Guid(6ed09e19fdbd68a498c744820ab887f5) Importer(815301076,1909f56bfc062723c751e8b465ee728b)
Start importing Assets/AzurTestTask/Sprites/Shadow.png using Guid(6ed09e19fdbd68a498c744820ab887f5) Importer(815301076,1909f56bfc062723c751e8b465ee728b)  -> (artifact id: '344179322913560f3c3cae455ee67ebd') in 0.016574 seconds 
========================================================================
Received Import Request.
  Time since last request: 0.047130 seconds.
  path: Assets/AzurTestTask/Sprites/smoke.png
  artifactKey: Guid(c77bd059a6526844f8d89134a51df512) Importer(815301076,1909f56bfc062723c751e8b465ee728b)
Start importing Assets/AzurTestTask/Sprites/smoke.png using Guid(c77bd059a6526844f8d89134a51df512) Importer(815301076,1909f56bfc062723c751e8b465ee728b)  -> (artifact id: 'd54e6c24e9387b4d64035c7bfb03a3c2') in 0.075206 seconds 
========================================================================
Received Import Request.
  Time since last request: 0.047883 seconds.
  path: Assets/AzurTestTask/Sprites/smoke_2.png
  artifactKey: Guid(47b9f00b6e0149e4091c7f5d9e8fcf5a) Importer(815301076,1909f56bfc062723c751e8b465ee728b)
Start importing Assets/AzurTestTask/Sprites/smoke_2.png using Guid(47b9f00b6e0149e4091c7f5d9e8fcf5a) Importer(815301076,1909f56bfc062723c751e8b465ee728b)  -> (artifact id: '1fe20398615bdd880e373ca53c910f12') in 0.031138 seconds 
========================================================================
Received Import Request.
  Time since last request: 0.029547 seconds.
  path: Assets/AzurTestTask/Sprites/smoke_3.png
  artifactKey: Guid(eb3443a6fb6d48d42ae623f357e7b5e0) Importer(815301076,1909f56bfc062723c751e8b465ee728b)
Start importing Assets/AzurTestTask/Sprites/smoke_3.png using Guid(eb3443a6fb6d48d42ae623f357e7b5e0) Importer(815301076,1909f56bfc062723c751e8b465ee728b)  -> (artifact id: 'de935236504dbea870da23ccd31ca726') in 0.031245 seconds 
========================================================================
Received Import Request.
  Time since last request: 0.033455 seconds.
  path: Assets/AzurTestTask/Sprites/spider1.png
  artifactKey: Guid(99477cbcd25cb9e4eaf7303e7fd264be) Importer(815301076,1909f56bfc062723c751e8b465ee728b)
Start importing Assets/AzurTestTask/Sprites/spider1.png using Guid(99477cbcd25cb9e4eaf7303e7fd264be) Importer(815301076,1909f56bfc062723c751e8b465ee728b)  -> (artifact id: 'a1f4a5b7fcd03bd8646df93261d087c3') in 0.023828 seconds 
========================================================================
Received Import Request.
  Time since last request: 0.032502 seconds.
  path: Assets/AzurTestTask/Sprites/Spider2.png
  artifactKey: Guid(f8a04cf529a405c4a9bd67cf24e9f7a5) Importer(815301076,1909f56bfc062723c751e8b465ee728b)
Start importing Assets/AzurTestTask/Sprites/Spider2.png using Guid(f8a04cf529a405c4a9bd67cf24e9f7a5) Importer(815301076,1909f56bfc062723c751e8b465ee728b)  -> (artifact id: 'e9f36915d88b2fc719f11a8f22d9de67') in 0.017100 seconds 
========================================================================
Received Import Request.
  Time since last request: 9.786363 seconds.
  path: Assets/AzurTestTask/Animations/Orc_Idle_1.anim
  artifactKey: Guid(eb3df96a405ed3249b3705631052716d) Importer(815301076,1909f56bfc062723c751e8b465ee728b)
Start importing Assets/AzurTestTask/Animations/Orc_Idle_1.anim using Guid(eb3df96a405ed3249b3705631052716d) Importer(815301076,1909f56bfc062723c751e8b465ee728b)  -> (artifact id: 'fb2acd062df8a3a03cbc5c6149d12956') in 0.023911 seconds 
========================================================================
Received Import Request.
  Time since last request: 2.846455 seconds.
  path: Assets/AzurTestTask/Animations/Orc_Idle.anim
  artifactKey: Guid(eb3df96a405ed3249b3705631052716d) Importer(815301076,1909f56bfc062723c751e8b465ee728b)
Start importing Assets/AzurTestTask/Animations/Orc_Idle.anim using Guid(eb3df96a405ed3249b3705631052716d) Importer(815301076,1909f56bfc062723c751e8b465ee728b)  -> (artifact id: '641596e30b2e1a8eb41c483ad9f2c3f7') in 0.010846 seconds 
========================================================================
Received Prepare
Registering precompiled user dll's ...
Registered in 0.004390 seconds.
Begin MonoManager ReloadAssembly
Symbol file LoadedFromMemory doesn't match image C:\PetProjects\AzurTestTaskTA\Library\PackageCache\com.unity.visualscripting@1.8.0\Editor\VisualScripting.Core\Dependencies\YamlDotNet\Unity.VisualScripting.YamlDotNet.dll
Symbol file LoadedFromMemory doesn't match image C:\PetProjects\AzurTestTaskTA\Library\PackageCache\com.unity.visualscripting@1.8.0\Editor\VisualScripting.Core\Dependencies\DotNetZip\Unity.VisualScripting.IonicZip.dll
Native extension for WindowsStandalone target not found
Native extension for iOS target not found
Native extension for Android target not found
Native extension for WebGL target not found
Refreshing native plugins compatible for Editor in 0.60 ms, found 3 plugins.
Preloading 0 native plugins for Editor in 0.00 ms.
Mono: successfully reloaded assembly
- Completed reload, in  0.949 seconds
Domain Reload Profiling:
	ReloadAssembly (950ms)
		BeginReloadAssembly (133ms)
			ExecutionOrderSort (0ms)
			DisableScriptedObjects (4ms)
			BackupInstance (0ms)
			ReleaseScriptingObjects (0ms)
			CreateAndSetChildDomain (34ms)
		EndReloadAssembly (733ms)
			LoadAssemblies (84ms)
			RebuildTransferFunctionScriptingTraits (0ms)
			SetupTypeCache (248ms)
			ReleaseScriptCaches (2ms)
			RebuildScriptCaches (36ms)
			SetupLoadedEditorAssemblies (310ms)
				LogAssemblyErrors (0ms)
				InitializePlatformSupportModulesInManaged (30ms)
				SetLoadedEditorAssemblies (0ms)
				RefreshPlugins (1ms)
				BeforeProcessingInitializeOnLoad (59ms)
				ProcessInitializeOnLoadAttributes (190ms)
				ProcessInitializeOnLoadMethodAttributes (23ms)
				AfterProcessingInitializeOnLoad (7ms)
				EditorAssembliesLoaded (0ms)
			ExecutionOrderSort2 (0ms)
			AwakeInstancesAfterBackupRestoration (6ms)
Platform modules already initialized, skipping
Refreshing native plugins compatible for Editor in 1.85 ms, found 3 plugins.
Preloading 0 native plugins for Editor in 0.00 ms.
Unloading 3085 Unused Serialized files (Serialized files now loaded: 0)
Unloading 16 unused Assets / (22.0 KB). Loaded Objects now: 3783.
Memory consumption went from 146.3 MB to 146.3 MB.
Total: 2.978000 ms (FindLiveObjects: 0.337000 ms CreateObjectMapping: 0.092100 ms MarkObjects: 2.519300 ms  DeleteObjects: 0.028700 ms)

AssetImportParameters requested are different than current active one (requested -> active):
  custom:video-decoder-ogg-theora: a1e56fd34408186e4bbccfd4996cb3dc -> 
  custom:container-muxer-webm: aa71ff27fc2769a1b78a27578f13a17b -> 
  custom:container-demuxer-webm: 4f35f7cbe854078d1ac9338744f61a02 -> 
  custom:video-encoder-webm-vp8: eb34c28f22e8b96e1ab97ce403110664 -> 
  custom:audio-encoder-webm-vorbis: bf7c407c2cedff20999df2af8eb42d56 -> 
  custom:framework-win-MediaFoundation: 216162199b28c13a410421893ffa2e32 -> 
  custom:SearchIndexIgnoredProperties: e643bd26f0fe6173181afceb89e7c659 -> 
  custom:container-demuxer-ogg: 62fdf1f143b41e24485cea50d1cbac27 -> 
  custom:video-decoder-webm-vp8: 9c59270c3fd7afecdb556c50c9e8de78 -> 
  custom:audio-decoder-ogg-vorbis: bf7c407c2cedff20999df2af8eb42d56 -> 
========================================================================
Received Import Request.
  Time since last request: 70.599564 seconds.
  path: Assets/AzurTestTask/New Sprite Atlas.spriteatlas
  artifactKey: Guid(ec35a52fd9e593d4b890eeacf4b5d0ea) Importer(815301076,1909f56bfc062723c751e8b465ee728b)
Start importing Assets/AzurTestTask/New Sprite Atlas.spriteatlas using Guid(ec35a52fd9e593d4b890eeacf4b5d0ea) Importer(815301076,1909f56bfc062723c751e8b465ee728b)  -> (artifact id: 'fe6bd5d05c05b230a0fd7fbba91759eb') in 0.017355 seconds 
========================================================================
Received Import Request.
  Time since last request: 18.131743 seconds.
  path: Assets/AzurTestTask/level.png
  artifactKey: Guid(e27a1698c6d268240b9d89f6a6a507e9) Importer(815301076,1909f56bfc062723c751e8b465ee728b)
Start importing Assets/AzurTestTask/level.png using Guid(e27a1698c6d268240b9d89f6a6a507e9) Importer(815301076,1909f56bfc062723c751e8b465ee728b)  -> (artifact id: 'cfb4a5649477f5aff1169c5060abf2f3') in 0.363194 seconds 
========================================================================
Received Prepare
Registering precompiled user dll's ...
Registered in 0.005121 seconds.
Begin MonoManager ReloadAssembly
Symbol file LoadedFromMemory doesn't match image C:\PetProjects\AzurTestTaskTA\Library\PackageCache\com.unity.visualscripting@1.8.0\Editor\VisualScripting.Core\Dependencies\YamlDotNet\Unity.VisualScripting.YamlDotNet.dll
Symbol file LoadedFromMemory doesn't match image C:\PetProjects\AzurTestTaskTA\Library\PackageCache\com.unity.visualscripting@1.8.0\Editor\VisualScripting.Core\Dependencies\DotNetZip\Unity.VisualScripting.IonicZip.dll
Native extension for WindowsStandalone target not found
Native extension for iOS target not found
Native extension for Android target not found
Native extension for WebGL target not found
Refreshing native plugins compatible for Editor in 0.58 ms, found 3 plugins.
Preloading 0 native plugins for Editor in 0.00 ms.
Mono: successfully reloaded assembly
- Completed reload, in  0.947 seconds
Domain Reload Profiling:
	ReloadAssembly (947ms)
		BeginReloadAssembly (133ms)
			ExecutionOrderSort (0ms)
			DisableScriptedObjects (5ms)
			BackupInstance (0ms)
			ReleaseScriptingObjects (0ms)
			CreateAndSetChildDomain (34ms)
		EndReloadAssembly (730ms)
			LoadAssemblies (79ms)
			RebuildTransferFunctionScriptingTraits (0ms)
			SetupTypeCache (254ms)
			ReleaseScriptCaches (1ms)
			RebuildScriptCaches (39ms)
			SetupLoadedEditorAssemblies (307ms)
				LogAssemblyErrors (0ms)
				InitializePlatformSupportModulesInManaged (31ms)
				SetLoadedEditorAssemblies (0ms)
				RefreshPlugins (1ms)
				BeforeProcessingInitializeOnLoad (55ms)
				ProcessInitializeOnLoadAttributes (190ms)
				ProcessInitializeOnLoadMethodAttributes (22ms)
				AfterProcessingInitializeOnLoad (8ms)
				EditorAssembliesLoaded (0ms)
			ExecutionOrderSort2 (0ms)
			AwakeInstancesAfterBackupRestoration (6ms)
Platform modules already initialized, skipping
Refreshing native plugins compatible for Editor in 2.42 ms, found 3 plugins.
Preloading 0 native plugins for Editor in 0.00 ms.
Unloading 3085 Unused Serialized files (Serialized files now loaded: 0)
Unloading 16 unused Assets / (22.0 KB). Loaded Objects now: 3788.
Memory consumption went from 146.3 MB to 146.3 MB.
Total: 3.413600 ms (FindLiveObjects: 0.330000 ms CreateObjectMapping: 0.100500 ms MarkObjects: 2.935300 ms  DeleteObjects: 0.046200 ms)

AssetImportParameters requested are different than current active one (requested -> active):
  custom:video-decoder-ogg-theora: a1e56fd34408186e4bbccfd4996cb3dc -> 
  custom:container-muxer-webm: aa71ff27fc2769a1b78a27578f13a17b -> 
  custom:container-demuxer-webm: 4f35f7cbe854078d1ac9338744f61a02 -> 
  custom:video-encoder-webm-vp8: eb34c28f22e8b96e1ab97ce403110664 -> 
  custom:audio-encoder-webm-vorbis: bf7c407c2cedff20999df2af8eb42d56 -> 
  custom:framework-win-MediaFoundation: 216162199b28c13a410421893ffa2e32 -> 
  custom:SearchIndexIgnoredProperties: e643bd26f0fe6173181afceb89e7c659 -> 
  custom:container-demuxer-ogg: 62fdf1f143b41e24485cea50d1cbac27 -> 
  custom:video-decoder-webm-vp8: 9c59270c3fd7afecdb556c50c9e8de78 -> 
  custom:audio-decoder-ogg-vorbis: bf7c407c2cedff20999df2af8eb42d56 -> 
========================================================================
Received Import Request.
  Time since last request: 69.841118 seconds.
  path: Assets/AzurTestTask/level.png
  artifactKey: Guid(e27a1698c6d268240b9d89f6a6a507e9) Importer(815301076,1909f56bfc062723c751e8b465ee728b)
Start importing Assets/AzurTestTask/level.png using Guid(e27a1698c6d268240b9d89f6a6a507e9) Importer(815301076,1909f56bfc062723c751e8b465ee728b)  -> (artifact id: '7f14b8f6238d580e5645c38f20cbb32e') in 0.511482 seconds 
========================================================================
Received Prepare
Registering precompiled user dll's ...
Registered in 0.003859 seconds.
Begin MonoManager ReloadAssembly
Symbol file LoadedFromMemory doesn't match image C:\PetProjects\AzurTestTaskTA\Library\PackageCache\com.unity.visualscripting@1.8.0\Editor\VisualScripting.Core\Dependencies\YamlDotNet\Unity.VisualScripting.YamlDotNet.dll
Symbol file LoadedFromMemory doesn't match image C:\PetProjects\AzurTestTaskTA\Library\PackageCache\com.unity.visualscripting@1.8.0\Editor\VisualScripting.Core\Dependencies\DotNetZip\Unity.VisualScripting.IonicZip.dll
Native extension for WindowsStandalone target not found
Native extension for iOS target not found
Native extension for Android target not found
Native extension for WebGL target not found
Refreshing native plugins compatible for Editor in 0.59 ms, found 3 plugins.
Preloading 0 native plugins for Editor in 0.00 ms.
Mono: successfully reloaded assembly
- Completed reload, in  0.882 seconds
Domain Reload Profiling:
	ReloadAssembly (882ms)
		BeginReloadAssembly (133ms)
			ExecutionOrderSort (0ms)
			DisableScriptedObjects (5ms)
			BackupInstance (0ms)
			ReleaseScriptingObjects (0ms)
			CreateAndSetChildDomain (33ms)
		EndReloadAssembly (664ms)
			LoadAssemblies (80ms)
			RebuildTransferFunctionScriptingTraits (0ms)
			SetupTypeCache (227ms)
			ReleaseScriptCaches (1ms)
			RebuildScriptCaches (35ms)
			SetupLoadedEditorAssemblies (288ms)
				LogAssemblyErrors (0ms)
				InitializePlatformSupportModulesInManaged (29ms)
				SetLoadedEditorAssemblies (0ms)
				RefreshPlugins (1ms)
				BeforeProcessingInitializeOnLoad (53ms)
				ProcessInitializeOnLoadAttributes (177ms)
				ProcessInitializeOnLoadMethodAttributes (21ms)
				AfterProcessingInitializeOnLoad (7ms)
				EditorAssembliesLoaded (0ms)
			ExecutionOrderSort2 (0ms)
			AwakeInstancesAfterBackupRestoration (7ms)
Platform modules already initialized, skipping
Refreshing native plugins compatible for Editor in 1.75 ms, found 3 plugins.
Preloading 0 native plugins for Editor in 0.00 ms.
Unloading 3085 Unused Serialized files (Serialized files now loaded: 0)
Unloading 15 unused Assets / (22.0 KB). Loaded Objects now: 3791.
Memory consumption went from 146.3 MB to 146.3 MB.
Total: 4.276900 ms (FindLiveObjects: 0.567200 ms CreateObjectMapping: 0.180100 ms MarkObjects: 3.494500 ms  DeleteObjects: 0.032900 ms)

AssetImportParameters requested are different than current active one (requested -> active):
  custom:video-decoder-ogg-theora: a1e56fd34408186e4bbccfd4996cb3dc -> 
  custom:container-muxer-webm: aa71ff27fc2769a1b78a27578f13a17b -> 
  custom:container-demuxer-webm: 4f35f7cbe854078d1ac9338744f61a02 -> 
  custom:video-encoder-webm-vp8: eb34c28f22e8b96e1ab97ce403110664 -> 
  custom:audio-encoder-webm-vorbis: bf7c407c2cedff20999df2af8eb42d56 -> 
  custom:framework-win-MediaFoundation: 216162199b28c13a410421893ffa2e32 -> 
  custom:SearchIndexIgnoredProperties: e643bd26f0fe6173181afceb89e7c659 -> 
  custom:container-demuxer-ogg: 62fdf1f143b41e24485cea50d1cbac27 -> 
  custom:video-decoder-webm-vp8: 9c59270c3fd7afecdb556c50c9e8de78 -> 
  custom:audio-decoder-ogg-vorbis: bf7c407c2cedff20999df2af8eb42d56 -> 
========================================================================
Received Import Request.
  Time since last request: 15.151200 seconds.
  path: Assets/AzurTestTask/level.png
  artifactKey: Guid(e27a1698c6d268240b9d89f6a6a507e9) Importer(815301076,1909f56bfc062723c751e8b465ee728b)
Start importing Assets/AzurTestTask/level.png using Guid(e27a1698c6d268240b9d89f6a6a507e9) Importer(815301076,1909f56bfc062723c751e8b465ee728b)  -> (artifact id: '74fa68fdefc58c75a26fbdea1e91e58b') in 0.493044 seconds 
========================================================================
Received Import Request.
  Time since last request: 8.349282 seconds.
  path: Assets/AzurTestTask/New Sprite Atlas.spriteatlas
  artifactKey: Guid(ec35a52fd9e593d4b890eeacf4b5d0ea) Importer(815301076,1909f56bfc062723c751e8b465ee728b)
Start importing Assets/AzurTestTask/New Sprite Atlas.spriteatlas using Guid(ec35a52fd9e593d4b890eeacf4b5d0ea) Importer(815301076,1909f56bfc062723c751e8b465ee728b)  -> (artifact id: 'bf7aa59bd317871c2a5a555f89aba2bf') in 0.003697 seconds 
========================================================================
Received Import Request.
  Time since last request: 30.781178 seconds.
  path: Assets/AzurTestTask/Orc/Orc_Orc_Albedo.png
  artifactKey: Guid(f42edd9675f886544bbdaa7f4d364c11) Importer(815301076,1909f56bfc062723c751e8b465ee728b)
Start importing Assets/AzurTestTask/Orc/Orc_Orc_Albedo.png using Guid(f42edd9675f886544bbdaa7f4d364c11) Importer(815301076,1909f56bfc062723c751e8b465ee728b)  -> (artifact id: '4b87b087ea276ca5d79e161afb2d441e') in 0.014656 seconds 
========================================================================
Received Import Request.
  Time since last request: 4.203144 seconds.
  path: Assets/AzurTestTask/Orc/Orc.fbx
  artifactKey: Guid(fb9ad6c1189c1c4419ee6f3312a7afbc) Importer(815301076,1909f56bfc062723c751e8b465ee728b)
Start importing Assets/AzurTestTask/Orc/Orc.fbx using Guid(fb9ad6c1189c1c4419ee6f3312a7afbc) Importer(815301076,1909f56bfc062723c751e8b465ee728b)  -> (artifact id: 'ed686900d1d7f0057c69691365a20b51') in 0.315678 seconds 
========================================================================
Received Prepare
Registering precompiled user dll's ...
Registered in 0.003560 seconds.
Begin MonoManager ReloadAssembly
Symbol file LoadedFromMemory doesn't match image C:\PetProjects\AzurTestTaskTA\Library\PackageCache\com.unity.visualscripting@1.8.0\Editor\VisualScripting.Core\Dependencies\YamlDotNet\Unity.VisualScripting.YamlDotNet.dll
Symbol file LoadedFromMemory doesn't match image C:\PetProjects\AzurTestTaskTA\Library\PackageCache\com.unity.visualscripting@1.8.0\Editor\VisualScripting.Core\Dependencies\DotNetZip\Unity.VisualScripting.IonicZip.dll
Native extension for WindowsStandalone target not found
Native extension for iOS target not found
Native extension for Android target not found
Native extension for WebGL target not found
Refreshing native plugins compatible for Editor in 0.58 ms, found 3 plugins.
Preloading 0 native plugins for Editor in 0.00 ms.
Mono: successfully reloaded assembly
- Completed reload, in  0.906 seconds
Domain Reload Profiling:
	ReloadAssembly (907ms)
		BeginReloadAssembly (132ms)
			ExecutionOrderSort (0ms)
			DisableScriptedObjects (5ms)
			BackupInstance (0ms)
			ReleaseScriptingObjects (0ms)
			CreateAndSetChildDomain (36ms)
		EndReloadAssembly (691ms)
			LoadAssemblies (82ms)
			RebuildTransferFunctionScriptingTraits (0ms)
			SetupTypeCache (232ms)
			ReleaseScriptCaches (1ms)
			RebuildScriptCaches (42ms)
			SetupLoadedEditorAssemblies (297ms)
				LogAssemblyErrors (0ms)
				InitializePlatformSupportModulesInManaged (31ms)
				SetLoadedEditorAssemblies (0ms)
				RefreshPlugins (1ms)
				BeforeProcessingInitializeOnLoad (54ms)
				ProcessInitializeOnLoadAttributes (178ms)
				ProcessInitializeOnLoadMethodAttributes (27ms)
				AfterProcessingInitializeOnLoad (6ms)
				EditorAssembliesLoaded (0ms)
			ExecutionOrderSort2 (0ms)
			AwakeInstancesAfterBackupRestoration (6ms)
Platform modules already initialized, skipping
Refreshing native plugins compatible for Editor in 2.29 ms, found 3 plugins.
Preloading 0 native plugins for Editor in 0.00 ms.
Unloading 3085 Unused Serialized files (Serialized files now loaded: 0)
Unloading 16 unused Assets / (22.0 KB). Loaded Objects now: 3797.
Memory consumption went from 146.5 MB to 146.5 MB.
Total: 3.716400 ms (FindLiveObjects: 0.669100 ms CreateObjectMapping: 0.136100 ms MarkObjects: 2.874300 ms  DeleteObjects: 0.035500 ms)

AssetImportParameters requested are different than current active one (requested -> active):
  custom:video-decoder-ogg-theora: a1e56fd34408186e4bbccfd4996cb3dc -> 
  custom:container-muxer-webm: aa71ff27fc2769a1b78a27578f13a17b -> 
  custom:container-demuxer-webm: 4f35f7cbe854078d1ac9338744f61a02 -> 
  custom:video-encoder-webm-vp8: eb34c28f22e8b96e1ab97ce403110664 -> 
  custom:audio-encoder-webm-vorbis: bf7c407c2cedff20999df2af8eb42d56 -> 
  custom:framework-win-MediaFoundation: 216162199b28c13a410421893ffa2e32 -> 
  custom:SearchIndexIgnoredProperties: e643bd26f0fe6173181afceb89e7c659 -> 
  custom:container-demuxer-ogg: 62fdf1f143b41e24485cea50d1cbac27 -> 
  custom:video-decoder-webm-vp8: 9c59270c3fd7afecdb556c50c9e8de78 -> 
  custom:audio-decoder-ogg-vorbis: bf7c407c2cedff20999df2af8eb42d56 -> 
========================================================================
Received Prepare
Refreshing native plugins compatible for Editor in 3.22 ms, found 3 plugins.
Preloading 0 native plugins for Editor in 0.00 ms.
Unloading 15 Unused Serialized files (Serialized files now loaded: 0)
Unloading 15 unused Assets / (21.9 KB). Loaded Objects now: 3797.
Memory consumption went from 85.1 MB to 85.1 MB.
Total: 3.469500 ms (FindLiveObjects: 0.286600 ms CreateObjectMapping: 0.241100 ms MarkObjects: 2.910800 ms  DeleteObjects: 0.030200 ms)

AssetImportParameters requested are different than current active one (requested -> active):
  custom:video-decoder-ogg-theora: a1e56fd34408186e4bbccfd4996cb3dc -> 
  custom:container-muxer-webm: aa71ff27fc2769a1b78a27578f13a17b -> 
  custom:container-demuxer-webm: 4f35f7cbe854078d1ac9338744f61a02 -> 
  custom:video-encoder-webm-vp8: eb34c28f22e8b96e1ab97ce403110664 -> 
  custom:audio-encoder-webm-vorbis: bf7c407c2cedff20999df2af8eb42d56 -> 
  custom:framework-win-MediaFoundation: 216162199b28c13a410421893ffa2e32 -> 
  custom:SearchIndexIgnoredProperties: e643bd26f0fe6173181afceb89e7c659 -> 
  custom:container-demuxer-ogg: 62fdf1f143b41e24485cea50d1cbac27 -> 
  custom:video-decoder-webm-vp8: 9c59270c3fd7afecdb556c50c9e8de78 -> 
  custom:audio-decoder-ogg-vorbis: bf7c407c2cedff20999df2af8eb42d56 -> 
========================================================================
Received Prepare
Refreshing native plugins compatible for Editor in 3.79 ms, found 3 plugins.
Preloading 0 native plugins for Editor in 0.00 ms.
Unloading 15 Unused Serialized files (Serialized files now loaded: 0)
Unloading 15 unused Assets / (21.9 KB). Loaded Objects now: 3797.
Memory consumption went from 84.8 MB to 84.8 MB.
Total: 3.016300 ms (FindLiveObjects: 0.258600 ms CreateObjectMapping: 0.118700 ms MarkObjects: 2.610000 ms  DeleteObjects: 0.028100 ms)

AssetImportParameters requested are different than current active one (requested -> active):
  custom:video-decoder-ogg-theora: a1e56fd34408186e4bbccfd4996cb3dc -> 
  custom:container-muxer-webm: aa71ff27fc2769a1b78a27578f13a17b -> 
  custom:container-demuxer-webm: 4f35f7cbe854078d1ac9338744f61a02 -> 
  custom:video-encoder-webm-vp8: eb34c28f22e8b96e1ab97ce403110664 -> 
  custom:audio-encoder-webm-vorbis: bf7c407c2cedff20999df2af8eb42d56 -> 
  custom:framework-win-MediaFoundation: 216162199b28c13a410421893ffa2e32 -> 
  custom:SearchIndexIgnoredProperties: e643bd26f0fe6173181afceb89e7c659 -> 
  custom:container-demuxer-ogg: 62fdf1f143b41e24485cea50d1cbac27 -> 
  custom:video-decoder-webm-vp8: 9c59270c3fd7afecdb556c50c9e8de78 -> 
  custom:audio-decoder-ogg-vorbis: bf7c407c2cedff20999df2af8eb42d56 -> 
========================================================================
Received Prepare
Registering precompiled user dll's ...
Registered in 0.004357 seconds.
Begin MonoManager ReloadAssembly
Symbol file LoadedFromMemory doesn't match image C:\PetProjects\AzurTestTaskTA\Library\PackageCache\com.unity.visualscripting@1.8.0\Editor\VisualScripting.Core\Dependencies\YamlDotNet\Unity.VisualScripting.YamlDotNet.dll
Symbol file LoadedFromMemory doesn't match image C:\PetProjects\AzurTestTaskTA\Library\PackageCache\com.unity.visualscripting@1.8.0\Editor\VisualScripting.Core\Dependencies\DotNetZip\Unity.VisualScripting.IonicZip.dll
Native extension for WindowsStandalone target not found
Native extension for iOS target not found
Native extension for Android target not found
Native extension for WebGL target not found
Refreshing native plugins compatible for Editor in 0.58 ms, found 3 plugins.
Preloading 0 native plugins for Editor in 0.00 ms.
Mono: successfully reloaded assembly
- Completed reload, in  0.909 seconds
Domain Reload Profiling:
	ReloadAssembly (910ms)
		BeginReloadAssembly (136ms)
			ExecutionOrderSort (0ms)
			DisableScriptedObjects (6ms)
			BackupInstance (0ms)
			ReleaseScriptingObjects (0ms)
			CreateAndSetChildDomain (33ms)
		EndReloadAssembly (694ms)
			LoadAssemblies (84ms)
			RebuildTransferFunctionScriptingTraits (0ms)
			SetupTypeCache (219ms)
			ReleaseScriptCaches (1ms)
			RebuildScriptCaches (36ms)
			SetupLoadedEditorAssemblies (312ms)
				LogAssemblyErrors (0ms)
				InitializePlatformSupportModulesInManaged (31ms)
				SetLoadedEditorAssemblies (0ms)
				RefreshPlugins (1ms)
				BeforeProcessingInitializeOnLoad (53ms)
				ProcessInitializeOnLoadAttributes (194ms)
				ProcessInitializeOnLoadMethodAttributes (25ms)
				AfterProcessingInitializeOnLoad (8ms)
				EditorAssembliesLoaded (0ms)
			ExecutionOrderSort2 (0ms)
			AwakeInstancesAfterBackupRestoration (8ms)
Platform modules already initialized, skipping
Refreshing native plugins compatible for Editor in 2.47 ms, found 3 plugins.
Preloading 0 native plugins for Editor in 0.00 ms.
Unloading 3085 Unused Serialized files (Serialized files now loaded: 0)
Unloading 15 unused Assets / (22.0 KB). Loaded Objects now: 3800.
Memory consumption went from 146.5 MB to 146.5 MB.
Total: 4.445900 ms (FindLiveObjects: 0.713000 ms CreateObjectMapping: 0.144700 ms MarkObjects: 3.546000 ms  DeleteObjects: 0.040600 ms)

AssetImportParameters requested are different than current active one (requested -> active):
  custom:video-decoder-ogg-theora: a1e56fd34408186e4bbccfd4996cb3dc -> 
  custom:container-muxer-webm: aa71ff27fc2769a1b78a27578f13a17b -> 
  custom:container-demuxer-webm: 4f35f7cbe854078d1ac9338744f61a02 -> 
  custom:video-encoder-webm-vp8: eb34c28f22e8b96e1ab97ce403110664 -> 
  custom:audio-encoder-webm-vorbis: bf7c407c2cedff20999df2af8eb42d56 -> 
  custom:framework-win-MediaFoundation: 216162199b28c13a410421893ffa2e32 -> 
  custom:SearchIndexIgnoredProperties: e643bd26f0fe6173181afceb89e7c659 -> 
  custom:container-demuxer-ogg: 62fdf1f143b41e24485cea50d1cbac27 -> 
  custom:video-decoder-webm-vp8: 9c59270c3fd7afecdb556c50c9e8de78 -> 
  custom:audio-decoder-ogg-vorbis: bf7c407c2cedff20999df2af8eb42d56 -> 
========================================================================
Received Prepare
Registering precompiled user dll's ...
Registered in 0.003579 seconds.
Begin MonoManager ReloadAssembly
Symbol file LoadedFromMemory doesn't match image C:\PetProjects\AzurTestTaskTA\Library\PackageCache\com.unity.visualscripting@1.8.0\Editor\VisualScripting.Core\Dependencies\YamlDotNet\Unity.VisualScripting.YamlDotNet.dll
Symbol file LoadedFromMemory doesn't match image C:\PetProjects\AzurTestTaskTA\Library\PackageCache\com.unity.visualscripting@1.8.0\Editor\VisualScripting.Core\Dependencies\DotNetZip\Unity.VisualScripting.IonicZip.dll
Native extension for WindowsStandalone target not found
Native extension for iOS target not found
Native extension for Android target not found
Native extension for WebGL target not found
Refreshing native plugins compatible for Editor in 0.61 ms, found 3 plugins.
Preloading 0 native plugins for Editor in 0.00 ms.
Mono: successfully reloaded assembly
- Completed reload, in  0.984 seconds
Domain Reload Profiling:
	ReloadAssembly (985ms)
		BeginReloadAssembly (139ms)
			ExecutionOrderSort (0ms)
			DisableScriptedObjects (6ms)
			BackupInstance (0ms)
			ReleaseScriptingObjects (0ms)
			CreateAndSetChildDomain (34ms)
		EndReloadAssembly (742ms)
			LoadAssemblies (87ms)
			RebuildTransferFunctionScriptingTraits (0ms)
			SetupTypeCache (226ms)
			ReleaseScriptCaches (1ms)
			RebuildScriptCaches (39ms)
			SetupLoadedEditorAssemblies (349ms)
				LogAssemblyErrors (0ms)
				InitializePlatformSupportModulesInManaged (31ms)
				SetLoadedEditorAssemblies (0ms)
				RefreshPlugins (1ms)
				BeforeProcessingInitializeOnLoad (59ms)
				ProcessInitializeOnLoadAttributes (223ms)
				ProcessInitializeOnLoadMethodAttributes (27ms)
				AfterProcessingInitializeOnLoad (8ms)
				EditorAssembliesLoaded (0ms)
			ExecutionOrderSort2 (0ms)
			AwakeInstancesAfterBackupRestoration (7ms)
Platform modules already initialized, skipping
Refreshing native plugins compatible for Editor in 2.60 ms, found 3 plugins.
Preloading 0 native plugins for Editor in 0.00 ms.
Unloading 3085 Unused Serialized files (Serialized files now loaded: 0)
Unloading 15 unused Assets / (22.0 KB). Loaded Objects now: 3803.
Memory consumption went from 146.5 MB to 146.5 MB.
Total: 4.121900 ms (FindLiveObjects: 0.441500 ms CreateObjectMapping: 0.148300 ms MarkObjects: 3.477700 ms  DeleteObjects: 0.052600 ms)

AssetImportParameters requested are different than current active one (requested -> active):
  custom:video-decoder-ogg-theora: a1e56fd34408186e4bbccfd4996cb3dc -> 
  custom:container-muxer-webm: aa71ff27fc2769a1b78a27578f13a17b -> 
  custom:container-demuxer-webm: 4f35f7cbe854078d1ac9338744f61a02 -> 
  custom:video-encoder-webm-vp8: eb34c28f22e8b96e1ab97ce403110664 -> 
  custom:audio-encoder-webm-vorbis: bf7c407c2cedff20999df2af8eb42d56 -> 
  custom:framework-win-MediaFoundation: 216162199b28c13a410421893ffa2e32 -> 
  custom:SearchIndexIgnoredProperties: e643bd26f0fe6173181afceb89e7c659 -> 
  custom:container-demuxer-ogg: 62fdf1f143b41e24485cea50d1cbac27 -> 
  custom:video-decoder-webm-vp8: 9c59270c3fd7afecdb556c50c9e8de78 -> 
  custom:audio-decoder-ogg-vorbis: bf7c407c2cedff20999df2af8eb42d56 -> 
========================================================================
Received Import Request.
  Time since last request: 1761.632033 seconds.
  path: Assets/TextMesh Pro/Fonts/LiberationSans - OFL.txt
  artifactKey: Guid(6e59c59b81ab47f9b6ec5781fa725d2c) Importer(815301076,1909f56bfc062723c751e8b465ee728b)
Start importing Assets/TextMesh Pro/Fonts/LiberationSans - OFL.txt using Guid(6e59c59b81ab47f9b6ec5781fa725d2c) Importer(815301076,1909f56bfc062723c751e8b465ee728b)  -> (artifact id: '35ecb2fa8dd83b4749a13d0b14c984c2') in 0.024127 seconds 
========================================================================
Received Import Request.
  Time since last request: 2.541498 seconds.
  path: Assets/TextMesh Pro/Fonts/LiberationSans.ttf
  artifactKey: Guid(e3265ab4bf004d28a9537516768c1c75) Importer(815301076,1909f56bfc062723c751e8b465ee728b)
Start importing Assets/TextMesh Pro/Fonts/LiberationSans.ttf using Guid(e3265ab4bf004d28a9537516768c1c75) Importer(815301076,1909f56bfc062723c751e8b465ee728b)  -> (artifact id: 'd36ba32db13f1cb9ccef214afa43fa0a') in 0.056567 seconds 
========================================================================
Received Import Request.
  Time since last request: 7.873305 seconds.
  path: Assets/TextMesh Pro/BreatheFireV-R9EvE SDF.asset
  artifactKey: Guid(984afd0df2a58864da675927bbc490bc) Importer(815301076,1909f56bfc062723c751e8b465ee728b)
Start importing Assets/TextMesh Pro/BreatheFireV-R9EvE SDF.asset using Guid(984afd0df2a58864da675927bbc490bc) Importer(815301076,1909f56bfc062723c751e8b465ee728b)  -> (artifact id: 'd0a80236c9e61b2065cb126469b11efc') in 0.031272 seconds 
========================================================================
Received Prepare
Registering precompiled user dll's ...
Registered in 0.003496 seconds.
Begin MonoManager ReloadAssembly
Symbol file LoadedFromMemory doesn't match image C:\PetProjects\AzurTestTaskTA\Library\PackageCache\com.unity.visualscripting@1.8.0\Editor\VisualScripting.Core\Dependencies\YamlDotNet\Unity.VisualScripting.YamlDotNet.dll
Symbol file LoadedFromMemory doesn't match image C:\PetProjects\AzurTestTaskTA\Library\PackageCache\com.unity.visualscripting@1.8.0\Editor\VisualScripting.Core\Dependencies\DotNetZip\Unity.VisualScripting.IonicZip.dll
Native extension for WindowsStandalone target not found
Native extension for iOS target not found
Native extension for Android target not found
Native extension for WebGL target not found
Refreshing native plugins compatible for Editor in 0.67 ms, found 3 plugins.
Preloading 0 native plugins for Editor in 0.00 ms.
Mono: successfully reloaded assembly
- Completed reload, in  1.014 seconds
Domain Reload Profiling:
	ReloadAssembly (1015ms)
		BeginReloadAssembly (149ms)
			ExecutionOrderSort (0ms)
			DisableScriptedObjects (4ms)
			BackupInstance (0ms)
			ReleaseScriptingObjects (0ms)
			CreateAndSetChildDomain (35ms)
		EndReloadAssembly (747ms)
			LoadAssemblies (98ms)
			RebuildTransferFunctionScriptingTraits (0ms)
			SetupTypeCache (219ms)
			ReleaseScriptCaches (1ms)
			RebuildScriptCaches (36ms)
			SetupLoadedEditorAssemblies (360ms)
				LogAssemblyErrors (0ms)
				InitializePlatformSupportModulesInManaged (41ms)
				SetLoadedEditorAssemblies (0ms)
				RefreshPlugins (1ms)
				BeforeProcessingInitializeOnLoad (68ms)
				ProcessInitializeOnLoadAttributes (218ms)
				ProcessInitializeOnLoadMethodAttributes (24ms)
				AfterProcessingInitializeOnLoad (8ms)
				EditorAssembliesLoaded (0ms)
			ExecutionOrderSort2 (0ms)
			AwakeInstancesAfterBackupRestoration (7ms)
Platform modules already initialized, skipping
Refreshing native plugins compatible for Editor in 2.57 ms, found 3 plugins.
Preloading 0 native plugins for Editor in 0.00 ms.
Unloading 3085 Unused Serialized files (Serialized files now loaded: 0)
Unloading 15 unused Assets / (22.0 KB). Loaded Objects now: 3806.
Memory consumption went from 146.6 MB to 146.5 MB.
Total: 3.961300 ms (FindLiveObjects: 0.608000 ms CreateObjectMapping: 0.191700 ms MarkObjects: 3.096300 ms  DeleteObjects: 0.063800 ms)

AssetImportParameters requested are different than current active one (requested -> active):
  custom:video-decoder-ogg-theora: a1e56fd34408186e4bbccfd4996cb3dc -> 
  custom:container-muxer-webm: aa71ff27fc2769a1b78a27578f13a17b -> 
  custom:container-demuxer-webm: 4f35f7cbe854078d1ac9338744f61a02 -> 
  custom:video-encoder-webm-vp8: eb34c28f22e8b96e1ab97ce403110664 -> 
  custom:audio-encoder-webm-vorbis: bf7c407c2cedff20999df2af8eb42d56 -> 
  custom:framework-win-MediaFoundation: 216162199b28c13a410421893ffa2e32 -> 
  custom:SearchIndexIgnoredProperties: e643bd26f0fe6173181afceb89e7c659 -> 
  custom:container-demuxer-ogg: 62fdf1f143b41e24485cea50d1cbac27 -> 
  custom:video-decoder-webm-vp8: 9c59270c3fd7afecdb556c50c9e8de78 -> 
  custom:audio-decoder-ogg-vorbis: bf7c407c2cedff20999df2af8eb42d56 -> 
========================================================================
Received Prepare
Registering precompiled user dll's ...
Registered in 0.004750 seconds.
Begin MonoManager ReloadAssembly
Symbol file LoadedFromMemory doesn't match image C:\PetProjects\AzurTestTaskTA\Library\PackageCache\com.unity.visualscripting@1.8.0\Editor\VisualScripting.Core\Dependencies\YamlDotNet\Unity.VisualScripting.YamlDotNet.dll
Symbol file LoadedFromMemory doesn't match image C:\PetProjects\AzurTestTaskTA\Library\PackageCache\com.unity.visualscripting@1.8.0\Editor\VisualScripting.Core\Dependencies\DotNetZip\Unity.VisualScripting.IonicZip.dll
Native extension for WindowsStandalone target not found
Native extension for iOS target not found
Native extension for Android target not found
Native extension for WebGL target not found
Refreshing native plugins compatible for Editor in 0.80 ms, found 3 plugins.
Preloading 0 native plugins for Editor in 0.00 ms.
Mono: successfully reloaded assembly
- Completed reload, in  0.984 seconds
Domain Reload Profiling:
	ReloadAssembly (985ms)
		BeginReloadAssembly (132ms)
			ExecutionOrderSort (0ms)
			DisableScriptedObjects (5ms)
			BackupInstance (0ms)
			ReleaseScriptingObjects (0ms)
			CreateAndSetChildDomain (33ms)
		EndReloadAssembly (770ms)
			LoadAssemblies (82ms)
			RebuildTransferFunctionScriptingTraits (0ms)
			SetupTypeCache (235ms)
			ReleaseScriptCaches (1ms)
			RebuildScriptCaches (35ms)
			SetupLoadedEditorAssemblies (378ms)
				LogAssemblyErrors (0ms)
				InitializePlatformSupportModulesInManaged (33ms)
				SetLoadedEditorAssemblies (0ms)
				RefreshPlugins (1ms)
				BeforeProcessingInitializeOnLoad (73ms)
				ProcessInitializeOnLoadAttributes (235ms)
				ProcessInitializeOnLoadMethodAttributes (26ms)
				AfterProcessingInitializeOnLoad (9ms)
				EditorAssembliesLoaded (0ms)
			ExecutionOrderSort2 (0ms)
			AwakeInstancesAfterBackupRestoration (8ms)
Platform modules already initialized, skipping
Refreshing native plugins compatible for Editor in 2.45 ms, found 3 plugins.
Preloading 0 native plugins for Editor in 0.00 ms.
Unloading 3085 Unused Serialized files (Serialized files now loaded: 0)
Unloading 15 unused Assets / (22.0 KB). Loaded Objects now: 3809.
Memory consumption went from 146.6 MB to 146.5 MB.
Total: 4.315100 ms (FindLiveObjects: 0.579900 ms CreateObjectMapping: 0.242800 ms MarkObjects: 3.454700 ms  DeleteObjects: 0.036000 ms)

AssetImportParameters requested are different than current active one (requested -> active):
  custom:video-decoder-ogg-theora: a1e56fd34408186e4bbccfd4996cb3dc -> 
  custom:container-muxer-webm: aa71ff27fc2769a1b78a27578f13a17b -> 
  custom:container-demuxer-webm: 4f35f7cbe854078d1ac9338744f61a02 -> 
  custom:video-encoder-webm-vp8: eb34c28f22e8b96e1ab97ce403110664 -> 
  custom:audio-encoder-webm-vorbis: bf7c407c2cedff20999df2af8eb42d56 -> 
  custom:framework-win-MediaFoundation: 216162199b28c13a410421893ffa2e32 -> 
  custom:SearchIndexIgnoredProperties: e643bd26f0fe6173181afceb89e7c659 -> 
  custom:container-demuxer-ogg: 62fdf1f143b41e24485cea50d1cbac27 -> 
  custom:video-decoder-webm-vp8: 9c59270c3fd7afecdb556c50c9e8de78 -> 
  custom:audio-decoder-ogg-vorbis: bf7c407c2cedff20999df2af8eb42d56 -> 
========================================================================
Received Import Request.
  Time since last request: 260.836839 seconds.
  path: Assets/TextMesh Pro/Resources/Fonts & Materials/BreatheFireV-R9EvE SDF.asset
  artifactKey: Guid(984afd0df2a58864da675927bbc490bc) Importer(815301076,1909f56bfc062723c751e8b465ee728b)
Start importing Assets/TextMesh Pro/Resources/Fonts & Materials/BreatheFireV-R9EvE SDF.asset using Guid(984afd0df2a58864da675927bbc490bc) Importer(815301076,1909f56bfc062723c751e8b465ee728b)  -> (artifact id: 'eb0fc7e875a8aadf0ddf28dbe2468e74') in 0.088364 seconds 
========================================================================
Received Import Request.
  Time since last request: 31.444415 seconds.
  path: Assets/TextMesh Pro/Resources/TMP Settings.asset
  artifactKey: Guid(3f5b5dff67a942289a9defa416b206f3) Importer(815301076,1909f56bfc062723c751e8b465ee728b)
Start importing Assets/TextMesh Pro/Resources/TMP Settings.asset using Guid(3f5b5dff67a942289a9defa416b206f3) Importer(815301076,1909f56bfc062723c751e8b465ee728b)  -> (artifact id: '257075679765827136b9ba8d72519831') in 0.016796 seconds 
========================================================================
Received Import Request.
  Time since last request: 172.226352 seconds.
  path: Assets/TextMesh Pro/Resources/TMP Settings.asset
  artifactKey: Guid(3f5b5dff67a942289a9defa416b206f3) Importer(815301076,1909f56bfc062723c751e8b465ee728b)
Start importing Assets/TextMesh Pro/Resources/TMP Settings.asset using Guid(3f5b5dff67a942289a9defa416b206f3) Importer(815301076,1909f56bfc062723c751e8b465ee728b)  -> (artifact id: '3244779aacf1cf6849c512b40398bfe2') in 0.006641 seconds 
========================================================================
Received Prepare
Registering precompiled user dll's ...
Registered in 0.003448 seconds.
Begin MonoManager ReloadAssembly
Symbol file LoadedFromMemory doesn't match image C:\PetProjects\AzurTestTaskTA\Library\PackageCache\com.unity.visualscripting@1.8.0\Editor\VisualScripting.Core\Dependencies\YamlDotNet\Unity.VisualScripting.YamlDotNet.dll
Symbol file LoadedFromMemory doesn't match image C:\PetProjects\AzurTestTaskTA\Library\PackageCache\com.unity.visualscripting@1.8.0\Editor\VisualScripting.Core\Dependencies\DotNetZip\Unity.VisualScripting.IonicZip.dll
Native extension for WindowsStandalone target not found
Native extension for iOS target not found
Native extension for Android target not found
Native extension for WebGL target not found
Refreshing native plugins compatible for Editor in 0.97 ms, found 3 plugins.
Preloading 0 native plugins for Editor in 0.00 ms.
Mono: successfully reloaded assembly
- Completed reload, in  0.987 seconds
Domain Reload Profiling:
	ReloadAssembly (988ms)
		BeginReloadAssembly (135ms)
			ExecutionOrderSort (0ms)
			DisableScriptedObjects (4ms)
			BackupInstance (0ms)
			ReleaseScriptingObjects (0ms)
			CreateAndSetChildDomain (35ms)
		EndReloadAssembly (763ms)
			LoadAssemblies (83ms)
			RebuildTransferFunctionScriptingTraits (0ms)
			SetupTypeCache (226ms)
			ReleaseScriptCaches (1ms)
			RebuildScriptCaches (33ms)
			SetupLoadedEditorAssemblies (385ms)
				LogAssemblyErrors (0ms)
				InitializePlatformSupportModulesInManaged (37ms)
				SetLoadedEditorAssemblies (1ms)
				RefreshPlugins (1ms)
				BeforeProcessingInitializeOnLoad (74ms)
				ProcessInitializeOnLoadAttributes (242ms)
				ProcessInitializeOnLoadMethodAttributes (25ms)
				AfterProcessingInitializeOnLoad (7ms)
				EditorAssembliesLoaded (0ms)
			ExecutionOrderSort2 (0ms)
			AwakeInstancesAfterBackupRestoration (8ms)
Platform modules already initialized, skipping
Refreshing native plugins compatible for Editor in 2.60 ms, found 3 plugins.
Preloading 0 native plugins for Editor in 0.00 ms.
Unloading 3085 Unused Serialized files (Serialized files now loaded: 0)
Unloading 15 unused Assets / (22.1 KB). Loaded Objects now: 3812.
Memory consumption went from 146.6 MB to 146.5 MB.
Total: 4.731300 ms (FindLiveObjects: 0.392200 ms CreateObjectMapping: 0.208100 ms MarkObjects: 4.081000 ms  DeleteObjects: 0.048300 ms)

AssetImportParameters requested are different than current active one (requested -> active):
  custom:video-decoder-ogg-theora: a1e56fd34408186e4bbccfd4996cb3dc -> 
  custom:container-muxer-webm: aa71ff27fc2769a1b78a27578f13a17b -> 
  custom:container-demuxer-webm: 4f35f7cbe854078d1ac9338744f61a02 -> 
  custom:video-encoder-webm-vp8: eb34c28f22e8b96e1ab97ce403110664 -> 
  custom:audio-encoder-webm-vorbis: bf7c407c2cedff20999df2af8eb42d56 -> 
  custom:framework-win-MediaFoundation: 216162199b28c13a410421893ffa2e32 -> 
  custom:SearchIndexIgnoredProperties: e643bd26f0fe6173181afceb89e7c659 -> 
  custom:container-demuxer-ogg: 62fdf1f143b41e24485cea50d1cbac27 -> 
  custom:video-decoder-webm-vp8: 9c59270c3fd7afecdb556c50c9e8de78 -> 
  custom:audio-decoder-ogg-vorbis: bf7c407c2cedff20999df2af8eb42d56 -> 
========================================================================
Received Import Request.
  Time since last request: 199.677474 seconds.
  path: Assets/TextMesh Pro/Sprites/EmojiOne.png
  artifactKey: Guid(dffef66376be4fa480fb02b19edbe903) Importer(815301076,1909f56bfc062723c751e8b465ee728b)
Start importing Assets/TextMesh Pro/Sprites/EmojiOne.png using Guid(dffef66376be4fa480fb02b19edbe903) Importer(815301076,1909f56bfc062723c751e8b465ee728b)  -> (artifact id: 'bbb50b5f75443bf32d73c9af01eb4f30') in 0.051830 seconds 
========================================================================
Received Import Request.
  Time since last request: 1.683369 seconds.
  path: Assets/TextMesh Pro/Sprites/EmojiOne.json
  artifactKey: Guid(8f05276190cf498a8153f6cbe761d4e6) Importer(815301076,1909f56bfc062723c751e8b465ee728b)
Start importing Assets/TextMesh Pro/Sprites/EmojiOne.json using Guid(8f05276190cf498a8153f6cbe761d4e6) Importer(815301076,1909f56bfc062723c751e8b465ee728b)  -> (artifact id: '036dbd30c7d82b31d4c2f8acde9227e5') in 0.009252 seconds 
========================================================================
Received Import Request.
  Time since last request: 0.596708 seconds.
  path: Assets/TextMesh Pro/Sprites/EmojiOne Attribution.txt
  artifactKey: Guid(381dcb09d5029d14897e55f98031fca5) Importer(815301076,1909f56bfc062723c751e8b465ee728b)
Start importing Assets/TextMesh Pro/Sprites/EmojiOne Attribution.txt using Guid(381dcb09d5029d14897e55f98031fca5) Importer(815301076,1909f56bfc062723c751e8b465ee728b)  -> (artifact id: '0f71b2d21205dc6ff6abedf9e764a644') in 0.010501 seconds 
========================================================================
Received Import Request.
  Time since last request: 6.858663 seconds.
  path: Assets/TextMesh Pro/Fonts/BreatheFireV-R9EvE.ttf
  artifactKey: Guid(f57e2cd0aff4f664eb0696cfd64ae1ac) Importer(815301076,1909f56bfc062723c751e8b465ee728b)
Start importing Assets/TextMesh Pro/Fonts/BreatheFireV-R9EvE.ttf using Guid(f57e2cd0aff4f664eb0696cfd64ae1ac) Importer(815301076,1909f56bfc062723c751e8b465ee728b)  -> (artifact id: '27897eb4756f4abcdb58eb8e0584bc35') in 0.033734 seconds 
========================================================================
Received Prepare
Registering precompiled user dll's ...
Registered in 0.003395 seconds.
Begin MonoManager ReloadAssembly
Symbol file LoadedFromMemory doesn't match image C:\PetProjects\AzurTestTaskTA\Library\PackageCache\com.unity.visualscripting@1.8.0\Editor\VisualScripting.Core\Dependencies\YamlDotNet\Unity.VisualScripting.YamlDotNet.dll
Symbol file LoadedFromMemory doesn't match image C:\PetProjects\AzurTestTaskTA\Library\PackageCache\com.unity.visualscripting@1.8.0\Editor\VisualScripting.Core\Dependencies\DotNetZip\Unity.VisualScripting.IonicZip.dll
Native extension for WindowsStandalone target not found
Native extension for iOS target not found
Native extension for Android target not found
Native extension for WebGL target not found
Refreshing native plugins compatible for Editor in 1.00 ms, found 3 plugins.
Preloading 0 native plugins for Editor in 0.00 ms.
Mono: successfully reloaded assembly
- Completed reload, in  1.004 seconds
Domain Reload Profiling:
	ReloadAssembly (1005ms)
		BeginReloadAssembly (139ms)
			ExecutionOrderSort (0ms)
			DisableScriptedObjects (6ms)
			BackupInstance (0ms)
			ReleaseScriptingObjects (0ms)
			CreateAndSetChildDomain (34ms)
		EndReloadAssembly (765ms)
			LoadAssemblies (91ms)
			RebuildTransferFunctionScriptingTraits (0ms)
			SetupTypeCache (218ms)
			ReleaseScriptCaches (1ms)
			RebuildScriptCaches (35ms)
			SetupLoadedEditorAssemblies (381ms)
				LogAssemblyErrors (0ms)
				InitializePlatformSupportModulesInManaged (38ms)
				SetLoadedEditorAssemblies (0ms)
				RefreshPlugins (1ms)
				BeforeProcessingInitializeOnLoad (75ms)
				ProcessInitializeOnLoadAttributes (232ms)
				ProcessInitializeOnLoadMethodAttributes (27ms)
				AfterProcessingInitializeOnLoad (8ms)
				EditorAssembliesLoaded (1ms)
			ExecutionOrderSort2 (0ms)
			AwakeInstancesAfterBackupRestoration (8ms)
Platform modules already initialized, skipping
Refreshing native plugins compatible for Editor in 2.31 ms, found 3 plugins.
Preloading 0 native plugins for Editor in 0.00 ms.
Unloading 3085 Unused Serialized files (Serialized files now loaded: 0)
Unloading 15 unused Assets / (22.1 KB). Loaded Objects now: 3815.
Memory consumption went from 146.6 MB to 146.6 MB.
Total: 4.774500 ms (FindLiveObjects: 0.353500 ms CreateObjectMapping: 0.148500 ms MarkObjects: 4.223000 ms  DeleteObjects: 0.047800 ms)

AssetImportParameters requested are different than current active one (requested -> active):
  custom:video-decoder-ogg-theora: a1e56fd34408186e4bbccfd4996cb3dc -> 
  custom:container-muxer-webm: aa71ff27fc2769a1b78a27578f13a17b -> 
  custom:container-demuxer-webm: 4f35f7cbe854078d1ac9338744f61a02 -> 
  custom:video-encoder-webm-vp8: eb34c28f22e8b96e1ab97ce403110664 -> 
  custom:audio-encoder-webm-vorbis: bf7c407c2cedff20999df2af8eb42d56 -> 
  custom:framework-win-MediaFoundation: 216162199b28c13a410421893ffa2e32 -> 
  custom:SearchIndexIgnoredProperties: e643bd26f0fe6173181afceb89e7c659 -> 
  custom:container-demuxer-ogg: 62fdf1f143b41e24485cea50d1cbac27 -> 
  custom:video-decoder-webm-vp8: 9c59270c3fd7afecdb556c50c9e8de78 -> 
  custom:audio-decoder-ogg-vorbis: bf7c407c2cedff20999df2af8eb42d56 -> 
========================================================================
Received Import Request.
  Time since last request: 38.216930 seconds.
  path: Assets/AzurTestTask/level.png
  artifactKey: Guid(e27a1698c6d268240b9d89f6a6a507e9) Importer(815301076,1909f56bfc062723c751e8b465ee728b)
Start importing Assets/AzurTestTask/level.png using Guid(e27a1698c6d268240b9d89f6a6a507e9) Importer(815301076,1909f56bfc062723c751e8b465ee728b)  -> (artifact id: '3c97f0990e6f8e6fcf82f04698507dfd') in 0.515544 seconds 
========================================================================
Received Prepare
Registering precompiled user dll's ...
Registered in 0.003945 seconds.
Begin MonoManager ReloadAssembly
Symbol file LoadedFromMemory doesn't match image C:\PetProjects\AzurTestTaskTA\Library\PackageCache\com.unity.visualscripting@1.8.0\Editor\VisualScripting.Core\Dependencies\YamlDotNet\Unity.VisualScripting.YamlDotNet.dll
Symbol file LoadedFromMemory doesn't match image C:\PetProjects\AzurTestTaskTA\Library\PackageCache\com.unity.visualscripting@1.8.0\Editor\VisualScripting.Core\Dependencies\DotNetZip\Unity.VisualScripting.IonicZip.dll
Native extension for WindowsStandalone target not found
Native extension for iOS target not found
Native extension for Android target not found
Native extension for WebGL target not found
Refreshing native plugins compatible for Editor in 0.65 ms, found 3 plugins.
Preloading 0 native plugins for Editor in 0.00 ms.
Mono: successfully reloaded assembly
- Completed reload, in  0.927 seconds
Domain Reload Profiling:
	ReloadAssembly (928ms)
		BeginReloadAssembly (140ms)
			ExecutionOrderSort (0ms)
			DisableScriptedObjects (5ms)
			BackupInstance (0ms)
			ReleaseScriptingObjects (0ms)
			CreateAndSetChildDomain (42ms)
		EndReloadAssembly (706ms)
			LoadAssemblies (79ms)
			RebuildTransferFunctionScriptingTraits (0ms)
			SetupTypeCache (229ms)
			ReleaseScriptCaches (1ms)
			RebuildScriptCaches (42ms)
			SetupLoadedEditorAssemblies (308ms)
				LogAssemblyErrors (0ms)
				InitializePlatformSupportModulesInManaged (30ms)
				SetLoadedEditorAssemblies (0ms)
				RefreshPlugins (1ms)
				BeforeProcessingInitializeOnLoad (53ms)
				ProcessInitializeOnLoadAttributes (185ms)
				ProcessInitializeOnLoadMethodAttributes (30ms)
				AfterProcessingInitializeOnLoad (9ms)
				EditorAssembliesLoaded (0ms)
			ExecutionOrderSort2 (0ms)
			AwakeInstancesAfterBackupRestoration (7ms)
Platform modules already initialized, skipping
Refreshing native plugins compatible for Editor in 2.04 ms, found 3 plugins.
Preloading 0 native plugins for Editor in 0.00 ms.
Unloading 3085 Unused Serialized files (Serialized files now loaded: 0)
Unloading 15 unused Assets / (22.1 KB). Loaded Objects now: 3818.
Memory consumption went from 146.6 MB to 146.6 MB.
Total: 3.225900 ms (FindLiveObjects: 0.346300 ms CreateObjectMapping: 0.094200 ms MarkObjects: 2.755600 ms  DeleteObjects: 0.028700 ms)

AssetImportParameters requested are different than current active one (requested -> active):
  custom:video-decoder-ogg-theora: a1e56fd34408186e4bbccfd4996cb3dc -> 
  custom:container-muxer-webm: aa71ff27fc2769a1b78a27578f13a17b -> 
  custom:container-demuxer-webm: 4f35f7cbe854078d1ac9338744f61a02 -> 
  custom:video-encoder-webm-vp8: eb34c28f22e8b96e1ab97ce403110664 -> 
  custom:audio-encoder-webm-vorbis: bf7c407c2cedff20999df2af8eb42d56 -> 
  custom:framework-win-MediaFoundation: 216162199b28c13a410421893ffa2e32 -> 
  custom:SearchIndexIgnoredProperties: e643bd26f0fe6173181afceb89e7c659 -> 
  custom:container-demuxer-ogg: 62fdf1f143b41e24485cea50d1cbac27 -> 
  custom:video-decoder-webm-vp8: 9c59270c3fd7afecdb556c50c9e8de78 -> 
  custom:audio-decoder-ogg-vorbis: bf7c407c2cedff20999df2af8eb42d56 -> 
========================================================================
Received Prepare
Refreshing native plugins compatible for Editor in 3.17 ms, found 3 plugins.
Preloading 0 native plugins for Editor in 0.00 ms.
Unloading 15 Unused Serialized files (Serialized files now loaded: 0)
Unloading 15 unused Assets / (21.9 KB). Loaded Objects now: 3818.
Memory consumption went from 85.2 MB to 85.2 MB.
Total: 2.903900 ms (FindLiveObjects: 0.250100 ms CreateObjectMapping: 0.087100 ms MarkObjects: 2.542900 ms  DeleteObjects: 0.023100 ms)

AssetImportParameters requested are different than current active one (requested -> active):
  custom:video-decoder-ogg-theora: a1e56fd34408186e4bbccfd4996cb3dc -> 
  custom:container-muxer-webm: aa71ff27fc2769a1b78a27578f13a17b -> 
  custom:container-demuxer-webm: 4f35f7cbe854078d1ac9338744f61a02 -> 
  custom:video-encoder-webm-vp8: eb34c28f22e8b96e1ab97ce403110664 -> 
  custom:audio-encoder-webm-vorbis: bf7c407c2cedff20999df2af8eb42d56 -> 
  custom:framework-win-MediaFoundation: 216162199b28c13a410421893ffa2e32 -> 
  custom:SearchIndexIgnoredProperties: e643bd26f0fe6173181afceb89e7c659 -> 
  custom:container-demuxer-ogg: 62fdf1f143b41e24485cea50d1cbac27 -> 
  custom:video-decoder-webm-vp8: 9c59270c3fd7afecdb556c50c9e8de78 -> 
  custom:audio-decoder-ogg-vorbis: bf7c407c2cedff20999df2af8eb42d56 -> 
========================================================================
Received Import Request.
  Time since last request: 488.483676 seconds.
  path: Assets/AzurTestTask/Sprites/spider1.png
  artifactKey: Guid(99477cbcd25cb9e4eaf7303e7fd264be) Importer(815301076,1909f56bfc062723c751e8b465ee728b)
Start importing Assets/AzurTestTask/Sprites/spider1.png using Guid(99477cbcd25cb9e4eaf7303e7fd264be) Importer(815301076,1909f56bfc062723c751e8b465ee728b)  -> (artifact id: '6533089033856ed1b99c63d25be62085') in 0.070104 seconds 
========================================================================
Received Import Request.
  Time since last request: 0.939052 seconds.
  path: Assets/AzurTestTask/Sprites/Spider2.png
  artifactKey: Guid(f8a04cf529a405c4a9bd67cf24e9f7a5) Importer(815301076,1909f56bfc062723c751e8b465ee728b)
Start importing Assets/AzurTestTask/Sprites/Spider2.png using Guid(f8a04cf529a405c4a9bd67cf24e9f7a5) Importer(815301076,1909f56bfc062723c751e8b465ee728b)  -> (artifact id: '61265e6450f74416447ba34928d0b774') in 0.019575 seconds 
========================================================================
Received Import Request.
  Time since last request: 10.360868 seconds.
  path: Assets/AzurTestTask/Sprites/barrels_outline.png
  artifactKey: Guid(0d4cbb72115c526449ab5e38c03d5bbf) Importer(815301076,1909f56bfc062723c751e8b465ee728b)
Start importing Assets/AzurTestTask/Sprites/barrels_outline.png using Guid(0d4cbb72115c526449ab5e38c03d5bbf) Importer(815301076,1909f56bfc062723c751e8b465ee728b)  -> (artifact id: '68510083087551afa58e927b8e68c6bb') in 0.023652 seconds 
========================================================================
Received Import Request.
  Time since last request: 1.011052 seconds.
  path: Assets/AzurTestTask/Sprites/barrels.png
  artifactKey: Guid(cd12324e5e31c9d4c831488a90932451) Importer(815301076,1909f56bfc062723c751e8b465ee728b)
Start importing Assets/AzurTestTask/Sprites/barrels.png using Guid(cd12324e5e31c9d4c831488a90932451) Importer(815301076,1909f56bfc062723c751e8b465ee728b)  -> (artifact id: '7fe36c83ffac68042badbd3f7e2d8d93') in 0.019167 seconds 
========================================================================
Received Import Request.
  Time since last request: 1.579318 seconds.
  path: Assets/AzurTestTask/Sprites/barrels_shadow.png
  artifactKey: Guid(85092bcdb12c8dd49928d375404a0aaa) Importer(815301076,1909f56bfc062723c751e8b465ee728b)
Start importing Assets/AzurTestTask/Sprites/barrels_shadow.png using Guid(85092bcdb12c8dd49928d375404a0aaa) Importer(815301076,1909f56bfc062723c751e8b465ee728b)  -> (artifact id: '4b5c069ab5468416e7023092e53299cb') in 0.026289 seconds 
========================================================================
Received Import Request.
  Time since last request: 1.075512 seconds.
  path: Assets/AzurTestTask/Sprites/cloud.png
  artifactKey: Guid(d8c1c73f4315b9c4baa24f6fc70c45b7) Importer(815301076,1909f56bfc062723c751e8b465ee728b)
Start importing Assets/AzurTestTask/Sprites/cloud.png using Guid(d8c1c73f4315b9c4baa24f6fc70c45b7) Importer(815301076,1909f56bfc062723c751e8b465ee728b)  -> (artifact id: '7034f1d6159b685c93955f889da12db9') in 0.958971 seconds 
========================================================================
Received Import Request.
  Time since last request: 0.674560 seconds.
  path: Assets/AzurTestTask/Sprites/door1_arch.png
  artifactKey: Guid(6c71387d7e13bb04dbcd1deefb41d665) Importer(815301076,1909f56bfc062723c751e8b465ee728b)
Start importing Assets/AzurTestTask/Sprites/door1_arch.png using Guid(6c71387d7e13bb04dbcd1deefb41d665) Importer(815301076,1909f56bfc062723c751e8b465ee728b)  -> (artifact id: 'd5f5a8dacb51c778522c6c33c56e3f6c') in 0.021943 seconds 
========================================================================
Received Import Request.
  Time since last request: 5.771439 seconds.
  path: Assets/AzurTestTask/Sprites/door1_closed.png
  artifactKey: Guid(af1810d908dc78449a3e216031a43ffa) Importer(815301076,1909f56bfc062723c751e8b465ee728b)
Start importing Assets/AzurTestTask/Sprites/door1_closed.png using Guid(af1810d908dc78449a3e216031a43ffa) Importer(815301076,1909f56bfc062723c751e8b465ee728b)  -> (artifact id: 'ab9bb272766a8a3afe6d4fb20e608702') in 0.019358 seconds 
========================================================================
Received Import Request.
  Time since last request: 1.299981 seconds.
  path: Assets/AzurTestTask/Sprites/door1_open.png
  artifactKey: Guid(e869b8b11a67e0b428a8a92a534340fd) Importer(815301076,1909f56bfc062723c751e8b465ee728b)
Start importing Assets/AzurTestTask/Sprites/door1_open.png using Guid(e869b8b11a67e0b428a8a92a534340fd) Importer(815301076,1909f56bfc062723c751e8b465ee728b)  -> (artifact id: '890d017e52ca0fb4bd86aedc79387adc') in 0.016113 seconds 
========================================================================
Received Import Request.
  Time since last request: 0.519983 seconds.
  path: Assets/AzurTestTask/Sprites/door2_arch.png
  artifactKey: Guid(71e1436987e2b4448a4a7d9aad6a0593) Importer(815301076,1909f56bfc062723c751e8b465ee728b)
Start importing Assets/AzurTestTask/Sprites/door2_arch.png using Guid(71e1436987e2b4448a4a7d9aad6a0593) Importer(815301076,1909f56bfc062723c751e8b465ee728b)  -> (artifact id: '1d2d54e4803ccdc530e508c3add2ea91') in 0.031973 seconds 
========================================================================
Received Import Request.
  Time since last request: 0.408622 seconds.
  path: Assets/AzurTestTask/Sprites/door3_arch.png
  artifactKey: Guid(7b473f2ac96b00f479b6f02075e1cd83) Importer(815301076,1909f56bfc062723c751e8b465ee728b)
Start importing Assets/AzurTestTask/Sprites/door3_arch.png using Guid(7b473f2ac96b00f479b6f02075e1cd83) Importer(815301076,1909f56bfc062723c751e8b465ee728b)  -> (artifact id: '0217fca719f2e143bdef4a0999d590b8') in 0.022311 seconds 
========================================================================
Received Import Request.
  Time since last request: 0.384267 seconds.
  path: Assets/AzurTestTask/Sprites/fire.png
  artifactKey: Guid(c77ad56e97d2db04fb202395fb66087e) Importer(815301076,1909f56bfc062723c751e8b465ee728b)
Start importing Assets/AzurTestTask/Sprites/fire.png using Guid(c77ad56e97d2db04fb202395fb66087e) Importer(815301076,1909f56bfc062723c751e8b465ee728b)  -> (artifact id: 'b82c69e3a4e4eabaab219d83e1c16956') in 0.027369 seconds 
========================================================================
Received Import Request.
  Time since last request: 0.581440 seconds.
  path: Assets/AzurTestTask/Sprites/fireplace.png
  artifactKey: Guid(1ae017473d6bfe947a2fa82b893bbbd8) Importer(815301076,1909f56bfc062723c751e8b465ee728b)
Start importing Assets/AzurTestTask/Sprites/fireplace.png using Guid(1ae017473d6bfe947a2fa82b893bbbd8) Importer(815301076,1909f56bfc062723c751e8b465ee728b)  -> (artifact id: 'da4936ccea5f0e7f03777a3a29f45110') in 0.018786 seconds 
========================================================================
Received Import Request.
  Time since last request: 38.019765 seconds.
  path: Assets/AzurTestTask/Sprites/Hand.png
  artifactKey: Guid(03a99169b062df04d947efef250c706f) Importer(815301076,1909f56bfc062723c751e8b465ee728b)
Start importing Assets/AzurTestTask/Sprites/Hand.png using Guid(03a99169b062df04d947efef250c706f) Importer(815301076,1909f56bfc062723c751e8b465ee728b)  -> (artifact id: '2e80cdd23a7878b10c4b1b04af10524f') in 0.020532 seconds 
========================================================================
Received Import Request.
  Time since last request: 0.579924 seconds.
  path: Assets/AzurTestTask/Sprites/Heart_128.png
  artifactKey: Guid(0a34dfd0dc1d28e40b032d1be3460d8b) Importer(815301076,1909f56bfc062723c751e8b465ee728b)
Start importing Assets/AzurTestTask/Sprites/Heart_128.png using Guid(0a34dfd0dc1d28e40b032d1be3460d8b) Importer(815301076,1909f56bfc062723c751e8b465ee728b)  -> (artifact id: 'dfe9a1e7361607bdd292b56b00e4c2b6') in 0.017349 seconds 
========================================================================
Received Import Request.
  Time since last request: 0.439101 seconds.
  path: Assets/AzurTestTask/Sprites/Ladder.png
  artifactKey: Guid(8cdc47c3d3440a54e83ee96f480c1f28) Importer(815301076,1909f56bfc062723c751e8b465ee728b)
Start importing Assets/AzurTestTask/Sprites/Ladder.png using Guid(8cdc47c3d3440a54e83ee96f480c1f28) Importer(815301076,1909f56bfc062723c751e8b465ee728b)  -> (artifact id: '4cdd2b993460143193a0008c3181aaa4') in 0.084269 seconds 
========================================================================
Received Import Request.
  Time since last request: 0.028438 seconds.
  path: Assets/AzurTestTask/Sprites/smoke_1.png
  artifactKey: Guid(320da64be5f33b64d92bff789aef2ee8) Importer(815301076,1909f56bfc062723c751e8b465ee728b)
Start importing Assets/AzurTestTask/Sprites/smoke_1.png using Guid(320da64be5f33b64d92bff789aef2ee8) Importer(815301076,1909f56bfc062723c751e8b465ee728b)  -> (artifact id: '5fbff28d19e410f339653a494f94a2b8') in 0.032109 seconds 
========================================================================
Received Import Request.
  Time since last request: 0.013622 seconds.
  path: Assets/AzurTestTask/Sprites/smoke_2.png
  artifactKey: Guid(47b9f00b6e0149e4091c7f5d9e8fcf5a) Importer(815301076,1909f56bfc062723c751e8b465ee728b)
Start importing Assets/AzurTestTask/Sprites/smoke_2.png using Guid(47b9f00b6e0149e4091c7f5d9e8fcf5a) Importer(815301076,1909f56bfc062723c751e8b465ee728b)  -> (artifact id: 'f4644f9c90d7af614bf0fb819383f3e3') in 0.032097 seconds 
========================================================================
Received Import Request.
  Time since last request: 0.023782 seconds.
  path: Assets/AzurTestTask/Sprites/smoke_3.png
  artifactKey: Guid(eb3443a6fb6d48d42ae623f357e7b5e0) Importer(815301076,1909f56bfc062723c751e8b465ee728b)
Start importing Assets/AzurTestTask/Sprites/smoke_3.png using Guid(eb3443a6fb6d48d42ae623f357e7b5e0) Importer(815301076,1909f56bfc062723c751e8b465ee728b)  -> (artifact id: '411dfea65bba1de10212e1e739468e71') in 0.031325 seconds 
========================================================================
Received Import Request.
  Time since last request: 1.770016 seconds.
  path: Assets/AzurTestTask/Sprites/smoke.png
  artifactKey: Guid(c77bd059a6526844f8d89134a51df512) Importer(815301076,1909f56bfc062723c751e8b465ee728b)
Start importing Assets/AzurTestTask/Sprites/smoke.png using Guid(c77bd059a6526844f8d89134a51df512) Importer(815301076,1909f56bfc062723c751e8b465ee728b)  -> (artifact id: 'aa8f31df065960aa6d558905f3fac628') in 0.080667 seconds 
========================================================================
Received Import Request.
  Time since last request: 1125.248683 seconds.
  path: Assets/AzurTestTask/Sprites/Новый проект.png
  artifactKey: Guid(747fd739f19590c43bd873eb3cf23007) Importer(815301076,1909f56bfc062723c751e8b465ee728b)
Start importing Assets/AzurTestTask/Sprites/Новый проект.png using Guid(747fd739f19590c43bd873eb3cf23007) Importer(815301076,1909f56bfc062723c751e8b465ee728b)  -> (artifact id: '4de51e466c85eece33af425ce870b1cc') in 0.021539 seconds 
========================================================================
Received Import Request.
  Time since last request: 2359.204596 seconds.
  path: Assets/AzurTestTask/Sprites/Level.png
  artifactKey: Guid(9a756f6f4538d4d4fac9e97a25d641f1) Importer(815301076,1909f56bfc062723c751e8b465ee728b)
Start importing Assets/AzurTestTask/Sprites/Level.png using Guid(9a756f6f4538d4d4fac9e97a25d641f1) Importer(815301076,1909f56bfc062723c751e8b465ee728b)  -> (artifact id: '396c09497e0598fa10b02b40261a4b5b') in 0.026289 seconds 
========================================================================
Received Import Request.
  Time since last request: 11.670397 seconds.
  path: Assets/AzurTestTask/Sprites/Level.png
  artifactKey: Guid(9a756f6f4538d4d4fac9e97a25d641f1) Importer(815301076,1909f56bfc062723c751e8b465ee728b)
Start importing Assets/AzurTestTask/Sprites/Level.png using Guid(9a756f6f4538d4d4fac9e97a25d641f1) Importer(815301076,1909f56bfc062723c751e8b465ee728b)  -> (artifact id: '4b28d0739cf6cae79dc57d92add0dda2') in 0.097823 seconds 
========================================================================
Received Import Request.
  Time since last request: 3.566851 seconds.
  path: Assets/AzurTestTask/Sprites/Level.png
  artifactKey: Guid(9a756f6f4538d4d4fac9e97a25d641f1) Importer(815301076,1909f56bfc062723c751e8b465ee728b)
Start importing Assets/AzurTestTask/Sprites/Level.png using Guid(9a756f6f4538d4d4fac9e97a25d641f1) Importer(815301076,1909f56bfc062723c751e8b465ee728b)  -> (artifact id: '9bf0137715a76a0cffd591890b5cc62d') in 0.056970 seconds 
========================================================================
Received Import Request.
  Time since last request: 6.245071 seconds.
  path: Assets/AzurTestTask/Sprites/Level.png
  artifactKey: Guid(9a756f6f4538d4d4fac9e97a25d641f1) Importer(815301076,1909f56bfc062723c751e8b465ee728b)
Start importing Assets/AzurTestTask/Sprites/Level.png using Guid(9a756f6f4538d4d4fac9e97a25d641f1) Importer(815301076,1909f56bfc062723c751e8b465ee728b)  -> (artifact id: 'd02db4de777ac68bca5465b856a1777f') in 0.059014 seconds 
========================================================================
Received Import Request.
  Time since last request: 7.386964 seconds.
  path: Assets/AzurTestTask/Sprites/Level.png
  artifactKey: Guid(9a756f6f4538d4d4fac9e97a25d641f1) Importer(815301076,1909f56bfc062723c751e8b465ee728b)
Start importing Assets/AzurTestTask/Sprites/Level.png using Guid(9a756f6f4538d4d4fac9e97a25d641f1) Importer(815301076,1909f56bfc062723c751e8b465ee728b)  -> (artifact id: '7862896fd83e753d1e4d00b7fb9ac009') in 0.046596 seconds 
========================================================================
Received Import Request.
  Time since last request: 1132.360371 seconds.
  path: Assets/AzurTestTask/Sprites/Level.png
  artifactKey: Guid(9a756f6f4538d4d4fac9e97a25d641f1) Importer(815301076,1909f56bfc062723c751e8b465ee728b)
Start importing Assets/AzurTestTask/Sprites/Level.png using Guid(9a756f6f4538d4d4fac9e97a25d641f1) Importer(815301076,1909f56bfc062723c751e8b465ee728b)  -> (artifact id: '66437aabe71d806220efc4398cfc3275') in 0.079808 seconds 
========================================================================
Received Import Request.
  Time since last request: 208.972665 seconds.
  path: Assets/AzurTestTask/Sprites/level.png
  artifactKey: Guid(9a756f6f4538d4d4fac9e97a25d641f1) Importer(815301076,1909f56bfc062723c751e8b465ee728b)
Start importing Assets/AzurTestTask/Sprites/level.png using Guid(9a756f6f4538d4d4fac9e97a25d641f1) Importer(815301076,1909f56bfc062723c751e8b465ee728b)  -> (artifact id: 'a8f9a2731a23e143c2c53f5c672e7f61') in 0.077027 seconds 
========================================================================
Received Import Request.
  Time since last request: 12.029148 seconds.
  path: Assets/AzurTestTask/Sprites/level.png
  artifactKey: Guid(9a756f6f4538d4d4fac9e97a25d641f1) Importer(815301076,1909f56bfc062723c751e8b465ee728b)
Start importing Assets/AzurTestTask/Sprites/level.png using Guid(9a756f6f4538d4d4fac9e97a25d641f1) Importer(815301076,1909f56bfc062723c751e8b465ee728b)  -> (artifact id: '74ff02bdb2f57f537d1caa665f58a417') in 0.429686 seconds 
========================================================================
Received Import Request.
  Time since last request: 14.244559 seconds.
  path: Assets/AzurTestTask/Sprites/light.png
  artifactKey: Guid(3254b948c82c6274bbdb785485bfd662) Importer(815301076,1909f56bfc062723c751e8b465ee728b)
Start importing Assets/AzurTestTask/Sprites/light.png using Guid(3254b948c82c6274bbdb785485bfd662) Importer(815301076,1909f56bfc062723c751e8b465ee728b)  -> (artifact id: '41c669449bf03513a072e9c21e7e0655') in 0.021462 seconds 
========================================================================
Received Import Request.
  Time since last request: 8.824523 seconds.
  path: Assets/AzurTestTask/Sprites/Level.png
  artifactKey: Guid(9a756f6f4538d4d4fac9e97a25d641f1) Importer(815301076,1909f56bfc062723c751e8b465ee728b)
Start importing Assets/AzurTestTask/Sprites/Level.png using Guid(9a756f6f4538d4d4fac9e97a25d641f1) Importer(815301076,1909f56bfc062723c751e8b465ee728b)  -> (artifact id: '175d79daa19ce865990d83db29558d47') in 0.041273 seconds 
========================================================================
Received Import Request.
  Time since last request: 5.305777 seconds.
  path: Assets/AzurTestTask/Sprites/Level.png
  artifactKey: Guid(9a756f6f4538d4d4fac9e97a25d641f1) Importer(815301076,1909f56bfc062723c751e8b465ee728b)
Start importing Assets/AzurTestTask/Sprites/Level.png using Guid(9a756f6f4538d4d4fac9e97a25d641f1) Importer(815301076,1909f56bfc062723c751e8b465ee728b)  -> (artifact id: '268f6579e1af2c2e2ae170a419f8c207') in 0.179256 seconds 
========================================================================
Received Import Request.
  Time since last request: 13.247970 seconds.
  path: Assets/AzurTestTask/Sprites/Level.png
  artifactKey: Guid(9a756f6f4538d4d4fac9e97a25d641f1) Importer(815301076,1909f56bfc062723c751e8b465ee728b)
Start importing Assets/AzurTestTask/Sprites/Level.png using Guid(9a756f6f4538d4d4fac9e97a25d641f1) Importer(815301076,1909f56bfc062723c751e8b465ee728b)  -> (artifact id: '1ffa4117e8b1ea04f810dd7fe1fb0678') in 0.098657 seconds 
========================================================================
Received Import Request.
  Time since last request: 150.593366 seconds.
  path: Assets/AzurTestTask/OptSprites
  artifactKey: Guid(c585857fb3daf6e49ac9659944599e2e) Importer(815301076,1909f56bfc062723c751e8b465ee728b)
Start importing Assets/AzurTestTask/OptSprites using Guid(c585857fb3daf6e49ac9659944599e2e) Importer(815301076,1909f56bfc062723c751e8b465ee728b)  -> (artifact id: '86fd2759539531d46ea6a1097358c804') in 0.010242 seconds 
========================================================================
Received Import Request.
  Time since last request: 42.247431 seconds.
  path: Assets/AzurTestTask/OptSprites/Hand.png
  artifactKey: Guid(4c9763352c723da489dc4e5e344fc425) Importer(815301076,1909f56bfc062723c751e8b465ee728b)
Start importing Assets/AzurTestTask/OptSprites/Hand.png using Guid(4c9763352c723da489dc4e5e344fc425) Importer(815301076,1909f56bfc062723c751e8b465ee728b)  -> (artifact id: '4217491c038f0c0438b51fc17e06fda4') in 0.016406 seconds 
========================================================================
Received Import Request.
  Time since last request: 11.500765 seconds.
  path: Assets/AzurTestTask/OptSprites/Heart_128.png
  artifactKey: Guid(0a34dfd0dc1d28e40b032d1be3460d8b) Importer(815301076,1909f56bfc062723c751e8b465ee728b)
Start importing Assets/AzurTestTask/OptSprites/Heart_128.png using Guid(0a34dfd0dc1d28e40b032d1be3460d8b) Importer(815301076,1909f56bfc062723c751e8b465ee728b)  -> (artifact id: '2ee856de941bf5e30ad8ff4ec9520fcf') in 0.016677 seconds 
========================================================================
Received Import Request.
  Time since last request: 5.909029 seconds.
  path: Assets/AzurTestTask/OptSprites/Hand.png
  artifactKey: Guid(4c9763352c723da489dc4e5e344fc425) Importer(815301076,1909f56bfc062723c751e8b465ee728b)
Start importing Assets/AzurTestTask/OptSprites/Hand.png using Guid(4c9763352c723da489dc4e5e344fc425) Importer(815301076,1909f56bfc062723c751e8b465ee728b)  -> (artifact id: '935e32be13d4cea4ae3e6bf3a78df735') in 0.013985 seconds 
========================================================================
Received Import Request.
  Time since last request: 0.278304 seconds.
  path: Assets/AzurTestTask/OptSprites/Fire.png
  artifactKey: Guid(de0f8eba8626aeb43ae9567e1995a4de) Importer(815301076,1909f56bfc062723c751e8b465ee728b)
Start importing Assets/AzurTestTask/OptSprites/Fire.png using Guid(de0f8eba8626aeb43ae9567e1995a4de) Importer(815301076,1909f56bfc062723c751e8b465ee728b)  -> (artifact id: 'bd6346c7d76c9d2efc035f92876b595b') in 0.016619 seconds 
========================================================================
Received Import Request.
  Time since last request: 0.293923 seconds.
  path: Assets/AzurTestTask/OptSprites/Door1_open.png
  artifactKey: Guid(ec0e58593af58ec4a95bd8334a9e2f93) Importer(815301076,1909f56bfc062723c751e8b465ee728b)
Start importing Assets/AzurTestTask/OptSprites/Door1_open.png using Guid(ec0e58593af58ec4a95bd8334a9e2f93) Importer(815301076,1909f56bfc062723c751e8b465ee728b)  -> (artifact id: '96f40e42812fa6f401fadf3568e2698d') in 0.015853 seconds 
========================================================================
Received Import Request.
  Time since last request: 0.109273 seconds.
  path: Assets/AzurTestTask/OptSprites/Door1_closed.png
  artifactKey: Guid(e316d3113b97362458c3c7b8a34221c2) Importer(815301076,1909f56bfc062723c751e8b465ee728b)
Start importing Assets/AzurTestTask/OptSprites/Door1_closed.png using Guid(e316d3113b97362458c3c7b8a34221c2) Importer(815301076,1909f56bfc062723c751e8b465ee728b)  -> (artifact id: '94588daadd58cd4de094b1e8fc034f35') in 0.014470 seconds 
========================================================================
Received Import Request.
  Time since last request: 2.252632 seconds.
  path: Assets/AzurTestTask/OptSprites/Coin_128.png
  artifactKey: Guid(ed5819982e8bc0a48a21967c5dc95099) Importer(815301076,1909f56bfc062723c751e8b465ee728b)
Start importing Assets/AzurTestTask/OptSprites/Coin_128.png using Guid(ed5819982e8bc0a48a21967c5dc95099) Importer(815301076,1909f56bfc062723c751e8b465ee728b)  -> (artifact id: '49496be0a2217a6c049672b71ff33f71') in 0.016522 seconds 
========================================================================
Received Import Request.
  Time since last request: 2.250209 seconds.
  path: Assets/AzurTestTask/OptSprites/Level.png
  artifactKey: Guid(9a756f6f4538d4d4fac9e97a25d641f1) Importer(815301076,1909f56bfc062723c751e8b465ee728b)
Start importing Assets/AzurTestTask/OptSprites/Level.png using Guid(9a756f6f4538d4d4fac9e97a25d641f1) Importer(815301076,1909f56bfc062723c751e8b465ee728b)  -> (artifact id: '6d1db9612944d0fbd1fe055bc50f64cf') in 0.125712 seconds 
========================================================================
Received Import Request.
  Time since last request: 1.982976 seconds.
  path: Assets/AzurTestTask/OptSprites/Ladder.png
  artifactKey: Guid(27d0431bdf3e73848af694be16ad13f5) Importer(815301076,1909f56bfc062723c751e8b465ee728b)
Start importing Assets/AzurTestTask/OptSprites/Ladder.png using Guid(27d0431bdf3e73848af694be16ad13f5) Importer(815301076,1909f56bfc062723c751e8b465ee728b)  -> (artifact id: '2a2dc2394a646bbcf438d9b15383ed04') in 0.016470 seconds 
========================================================================
Received Import Request.
  Time since last request: 5.740404 seconds.
  path: Assets/AzurTestTask/OptSprites/Ladder.png
  artifactKey: Guid(27d0431bdf3e73848af694be16ad13f5) Importer(815301076,1909f56bfc062723c751e8b465ee728b)
Start importing Assets/AzurTestTask/OptSprites/Ladder.png using Guid(27d0431bdf3e73848af694be16ad13f5) Importer(815301076,1909f56bfc062723c751e8b465ee728b)  -> (artifact id: '47a6c94c71539c622cb8af1007199a21') in 0.025683 seconds 
========================================================================
Received Import Request.
  Time since last request: 136.977710 seconds.
  path: Assets/AzurTestTask/SpritesAtlas.spriteatlas
  artifactKey: Guid(ec35a52fd9e593d4b890eeacf4b5d0ea) Importer(815301076,1909f56bfc062723c751e8b465ee728b)
Start importing Assets/AzurTestTask/SpritesAtlas.spriteatlas using Guid(ec35a52fd9e593d4b890eeacf4b5d0ea) Importer(815301076,1909f56bfc062723c751e8b465ee728b)  -> (artifact id: '8817a40e85831ffec7a7887ba8f03742') in 0.011439 seconds 
========================================================================
Received Import Request.
  Time since last request: 23.571436 seconds.
  path: Assets/AzurTestTask/Materials/Fire_mat.mat
  artifactKey: Guid(71fd6757db4214a4a802a725bfe9cf99) Importer(815301076,1909f56bfc062723c751e8b465ee728b)
Start importing Assets/AzurTestTask/Materials/Fire_mat.mat using Guid(71fd6757db4214a4a802a725bfe9cf99) Importer(815301076,1909f56bfc062723c751e8b465ee728b)  -> (artifact id: 'b659ada71338442538bb87726919d80f') in 0.102931 seconds 
========================================================================
Received Import Request.
  Time since last request: 173.951875 seconds.
  path: Assets/AzurTestTask/Prefabs/Door_1.prefab
  artifactKey: Guid(d2fcb0a5f53cac246bdd0979b799a9ca) Importer(815301076,1909f56bfc062723c751e8b465ee728b)
Start importing Assets/AzurTestTask/Prefabs/Door_1.prefab using Guid(d2fcb0a5f53cac246bdd0979b799a9ca) Importer(815301076,1909f56bfc062723c751e8b465ee728b)  -> (artifact id: '26473ef234b4d610a95c98643db439a6') in 0.076709 seconds 
========================================================================
Received Import Request.
  Time since last request: 26.738261 seconds.
  path: Assets/AzurTestTask/Prefabs/Door_2.prefab
  artifactKey: Guid(6d3048fe3d5b03845ab0a499059cd475) Importer(815301076,1909f56bfc062723c751e8b465ee728b)
Start importing Assets/AzurTestTask/Prefabs/Door_2.prefab using Guid(6d3048fe3d5b03845ab0a499059cd475) Importer(815301076,1909f56bfc062723c751e8b465ee728b)  -> (artifact id: 'e99ad19d45b0b9f46864224ab660e1de') in 0.021204 seconds 
========================================================================
Received Import Request.
  Time since last request: 9.471983 seconds.
  path: Assets/AzurTestTask/Prefabs/Spider.prefab
  artifactKey: Guid(0a2543ded0d6df34586729d40977c270) Importer(815301076,1909f56bfc062723c751e8b465ee728b)
Start importing Assets/AzurTestTask/Prefabs/Spider.prefab using Guid(0a2543ded0d6df34586729d40977c270) Importer(815301076,1909f56bfc062723c751e8b465ee728b)  -> (artifact id: '45381ae207898e2b5b5425b051018aa3') in 0.017723 seconds 
========================================================================
Received Import Request.
  Time since last request: 678.588720 seconds.
  path: Assets/AzurTestTask/OptSprites/Cloud.png
  artifactKey: Guid(533ee3d8e562dbd4cb49416df90da9f9) Importer(815301076,1909f56bfc062723c751e8b465ee728b)
Start importing Assets/AzurTestTask/OptSprites/Cloud.png using Guid(533ee3d8e562dbd4cb49416df90da9f9) Importer(815301076,1909f56bfc062723c751e8b465ee728b)  -> (artifact id: 'e187e183ccabfeb4fc69124c507590d2') in 0.068423 seconds 
========================================================================
Received Import Request.
  Time since last request: 125.390115 seconds.
  path: Assets/AzurTestTask/OptSprites/Smoke.png
  artifactKey: Guid(266f0923ac62fc24288de2bc44d9b283) Importer(815301076,1909f56bfc062723c751e8b465ee728b)
Start importing Assets/AzurTestTask/OptSprites/Smoke.png using Guid(266f0923ac62fc24288de2bc44d9b283) Importer(815301076,1909f56bfc062723c751e8b465ee728b)  -> (artifact id: '72cc1f4358dd290113413a88ccab5038') in 0.056873 seconds 
========================================================================
Received Prepare
Registering precompiled user dll's ...
Registered in 0.003452 seconds.
Begin MonoManager ReloadAssembly
Symbol file LoadedFromMemory doesn't match image C:\PetProjects\AzurTestTaskTA\Library\PackageCache\com.unity.visualscripting@1.8.0\Editor\VisualScripting.Core\Dependencies\YamlDotNet\Unity.VisualScripting.YamlDotNet.dll
Symbol file LoadedFromMemory doesn't match image C:\PetProjects\AzurTestTaskTA\Library\PackageCache\com.unity.visualscripting@1.8.0\Editor\VisualScripting.Core\Dependencies\DotNetZip\Unity.VisualScripting.IonicZip.dll
Native extension for WindowsStandalone target not found
Native extension for iOS target not found
Native extension for Android target not found
Native extension for WebGL target not found
Refreshing native plugins compatible for Editor in 0.67 ms, found 3 plugins.
Preloading 0 native plugins for Editor in 0.00 ms.
Mono: successfully reloaded assembly
- Completed reload, in  1.182 seconds
Domain Reload Profiling:
	ReloadAssembly (1183ms)
		BeginReloadAssembly (236ms)
			ExecutionOrderSort (0ms)
			DisableScriptedObjects (7ms)
			BackupInstance (0ms)
			ReleaseScriptingObjects (0ms)
			CreateAndSetChildDomain (103ms)
		EndReloadAssembly (859ms)
			LoadAssemblies (106ms)
			RebuildTransferFunctionScriptingTraits (0ms)
			SetupTypeCache (249ms)
			ReleaseScriptCaches (2ms)
			RebuildScriptCaches (50ms)
			SetupLoadedEditorAssemblies (399ms)
				LogAssemblyErrors (0ms)
				InitializePlatformSupportModulesInManaged (48ms)
				SetLoadedEditorAssemblies (0ms)
				RefreshPlugins (1ms)
				BeforeProcessingInitializeOnLoad (79ms)
				ProcessInitializeOnLoadAttributes (234ms)
				ProcessInitializeOnLoadMethodAttributes (29ms)
				AfterProcessingInitializeOnLoad (8ms)
				EditorAssembliesLoaded (0ms)
			ExecutionOrderSort2 (0ms)
			AwakeInstancesAfterBackupRestoration (8ms)
Platform modules already initialized, skipping
Refreshing native plugins compatible for Editor in 2.45 ms, found 3 plugins.
Preloading 0 native plugins for Editor in 0.00 ms.
Unloading 3085 Unused Serialized files (Serialized files now loaded: 0)
Unloading 17 unused Assets / (22.6 KB). Loaded Objects now: 3842.
Memory consumption went from 146.7 MB to 146.7 MB.
Total: 4.412100 ms (FindLiveObjects: 0.427400 ms CreateObjectMapping: 0.159000 ms MarkObjects: 3.769600 ms  DeleteObjects: 0.054100 ms)

AssetImportParameters requested are different than current active one (requested -> active):
  custom:video-decoder-ogg-theora: a1e56fd34408186e4bbccfd4996cb3dc -> 
  custom:container-muxer-webm: aa71ff27fc2769a1b78a27578f13a17b -> 
  custom:container-demuxer-webm: 4f35f7cbe854078d1ac9338744f61a02 -> 
  custom:video-encoder-webm-vp8: eb34c28f22e8b96e1ab97ce403110664 -> 
  custom:audio-encoder-webm-vorbis: bf7c407c2cedff20999df2af8eb42d56 -> 
  custom:framework-win-MediaFoundation: 216162199b28c13a410421893ffa2e32 -> 
  custom:SearchIndexIgnoredProperties: e643bd26f0fe6173181afceb89e7c659 -> 
  custom:container-demuxer-ogg: 62fdf1f143b41e24485cea50d1cbac27 -> 
  custom:video-decoder-webm-vp8: 9c59270c3fd7afecdb556c50c9e8de78 -> 
  custom:audio-decoder-ogg-vorbis: bf7c407c2cedff20999df2af8eb42d56 -> 
========================================================================
Received Prepare
Registering precompiled user dll's ...
Registered in 0.004364 seconds.
Begin MonoManager ReloadAssembly
Symbol file LoadedFromMemory doesn't match image C:\PetProjects\AzurTestTaskTA\Library\PackageCache\com.unity.visualscripting@1.8.0\Editor\VisualScripting.Core\Dependencies\YamlDotNet\Unity.VisualScripting.YamlDotNet.dll
Symbol file LoadedFromMemory doesn't match image C:\PetProjects\AzurTestTaskTA\Library\PackageCache\com.unity.visualscripting@1.8.0\Editor\VisualScripting.Core\Dependencies\DotNetZip\Unity.VisualScripting.IonicZip.dll
Native extension for WindowsStandalone target not found
Native extension for iOS target not found
Native extension for Android target not found
Native extension for WebGL target not found
Refreshing native plugins compatible for Editor in 0.58 ms, found 3 plugins.
Preloading 0 native plugins for Editor in 0.00 ms.
Mono: successfully reloaded assembly
- Completed reload, in  0.918 seconds
Domain Reload Profiling:
	ReloadAssembly (918ms)
		BeginReloadAssembly (131ms)
			ExecutionOrderSort (0ms)
			DisableScriptedObjects (5ms)
			BackupInstance (0ms)
			ReleaseScriptingObjects (0ms)
			CreateAndSetChildDomain (33ms)
		EndReloadAssembly (707ms)
			LoadAssemblies (78ms)
			RebuildTransferFunctionScriptingTraits (0ms)
			SetupTypeCache (218ms)
			ReleaseScriptCaches (1ms)
			RebuildScriptCaches (43ms)
			SetupLoadedEditorAssemblies (323ms)
				LogAssemblyErrors (0ms)
				InitializePlatformSupportModulesInManaged (32ms)
				SetLoadedEditorAssemblies (0ms)
				RefreshPlugins (1ms)
				BeforeProcessingInitializeOnLoad (53ms)
				ProcessInitializeOnLoadAttributes (203ms)
				ProcessInitializeOnLoadMethodAttributes (25ms)
				AfterProcessingInitializeOnLoad (8ms)
				EditorAssembliesLoaded (0ms)
			ExecutionOrderSort2 (0ms)
			AwakeInstancesAfterBackupRestoration (7ms)
Platform modules already initialized, skipping
Refreshing native plugins compatible for Editor in 2.09 ms, found 3 plugins.
Preloading 0 native plugins for Editor in 0.00 ms.
Unloading 3085 Unused Serialized files (Serialized files now loaded: 0)
Unloading 15 unused Assets / (22.0 KB). Loaded Objects now: 3845.
Memory consumption went from 146.7 MB to 146.7 MB.
Total: 4.690800 ms (FindLiveObjects: 0.381200 ms CreateObjectMapping: 0.134000 ms MarkObjects: 4.116200 ms  DeleteObjects: 0.057700 ms)

AssetImportParameters requested are different than current active one (requested -> active):
  custom:video-decoder-ogg-theora: a1e56fd34408186e4bbccfd4996cb3dc -> 
  custom:container-muxer-webm: aa71ff27fc2769a1b78a27578f13a17b -> 
  custom:container-demuxer-webm: 4f35f7cbe854078d1ac9338744f61a02 -> 
  custom:video-encoder-webm-vp8: eb34c28f22e8b96e1ab97ce403110664 -> 
  custom:audio-encoder-webm-vorbis: bf7c407c2cedff20999df2af8eb42d56 -> 
  custom:framework-win-MediaFoundation: 216162199b28c13a410421893ffa2e32 -> 
  custom:SearchIndexIgnoredProperties: e643bd26f0fe6173181afceb89e7c659 -> 
  custom:container-demuxer-ogg: 62fdf1f143b41e24485cea50d1cbac27 -> 
  custom:video-decoder-webm-vp8: 9c59270c3fd7afecdb556c50c9e8de78 -> 
  custom:audio-decoder-ogg-vorbis: bf7c407c2cedff20999df2af8eb42d56 -> 
========================================================================
Received Import Request.
  Time since last request: 456.300824 seconds.
  path: Assets/AzurTestTask/SpritesAtlas.spriteatlas
  artifactKey: Guid(ec35a52fd9e593d4b890eeacf4b5d0ea) Importer(815301076,1909f56bfc062723c751e8b465ee728b)
Start importing Assets/AzurTestTask/SpritesAtlas.spriteatlas using Guid(ec35a52fd9e593d4b890eeacf4b5d0ea) Importer(815301076,1909f56bfc062723c751e8b465ee728b)  -> (artifact id: '1d1ca2c5592d06186c10b14f27d9d2af') in 0.020960 seconds 
========================================================================
Received Import Request.
  Time since last request: 5.818238 seconds.
  path: Assets/AzurTestTask/Sprites
  artifactKey: Guid(c585857fb3daf6e49ac9659944599e2e) Importer(815301076,1909f56bfc062723c751e8b465ee728b)
Start importing Assets/AzurTestTask/Sprites using Guid(c585857fb3daf6e49ac9659944599e2e) Importer(815301076,1909f56bfc062723c751e8b465ee728b)  -> (artifact id: '96729ebd4211dedcaf5ef2e8fcd30ce7') in 0.011332 seconds 
========================================================================
Received Import Request.
  Time since last request: 7.148346 seconds.
  path: Assets/AzurTestTask/SpritesAtlas.spriteatlas
  artifactKey: Guid(ec35a52fd9e593d4b890eeacf4b5d0ea) Importer(815301076,1909f56bfc062723c751e8b465ee728b)
Start importing Assets/AzurTestTask/SpritesAtlas.spriteatlas using Guid(ec35a52fd9e593d4b890eeacf4b5d0ea) Importer(815301076,1909f56bfc062723c751e8b465ee728b)  -> (artifact id: '276822763eaec9a21d51944002a59ad6') in 0.003161 seconds 
========================================================================
Received Import Request.
  Time since last request: 19.461422 seconds.
  path: Assets/AzurTestTask/Sprites/Ladder.png
  artifactKey: Guid(27d0431bdf3e73848af694be16ad13f5) Importer(815301076,1909f56bfc062723c751e8b465ee728b)
Start importing Assets/AzurTestTask/Sprites/Ladder.png using Guid(27d0431bdf3e73848af694be16ad13f5) Importer(815301076,1909f56bfc062723c751e8b465ee728b)  -> (artifact id: '892f08745cc9b2e7d9e97e87ddd6e198') in 0.056013 seconds 
========================================================================
Received Import Request.
  Time since last request: 5.119842 seconds.
  path: Assets/AzurTestTask/Sprites/Level.png
  artifactKey: Guid(9a756f6f4538d4d4fac9e97a25d641f1) Importer(815301076,1909f56bfc062723c751e8b465ee728b)
Start importing Assets/AzurTestTask/Sprites/Level.png using Guid(9a756f6f4538d4d4fac9e97a25d641f1) Importer(815301076,1909f56bfc062723c751e8b465ee728b)  -> (artifact id: '9546de40fd8558161a62be8cfbf434f5') in 0.180719 seconds 
========================================================================
Received Import Request.
  Time since last request: 5.937281 seconds.
  path: Assets/AzurTestTask/Sprites/Level.png
  artifactKey: Guid(9a756f6f4538d4d4fac9e97a25d641f1) Importer(815301076,1909f56bfc062723c751e8b465ee728b)
Start importing Assets/AzurTestTask/Sprites/Level.png using Guid(9a756f6f4538d4d4fac9e97a25d641f1) Importer(815301076,1909f56bfc062723c751e8b465ee728b)  -> (artifact id: '8b6ea6853c09b5d7cfcdfd2c42156918') in 0.174832 seconds 
========================================================================
Received Import Request.
  Time since last request: 4.423833 seconds.
  path: Assets/AzurTestTask/Sprites/Door1_open.png
  artifactKey: Guid(ec0e58593af58ec4a95bd8334a9e2f93) Importer(815301076,1909f56bfc062723c751e8b465ee728b)
Start importing Assets/AzurTestTask/Sprites/Door1_open.png using Guid(ec0e58593af58ec4a95bd8334a9e2f93) Importer(815301076,1909f56bfc062723c751e8b465ee728b)  -> (artifact id: '98e9c7029d525061b5da11699872ff3d') in 0.017409 seconds 
========================================================================
Received Import Request.
  Time since last request: 141.503103 seconds.
  path: Assets/AzurTestTask/Level.png
  artifactKey: Guid(9a756f6f4538d4d4fac9e97a25d641f1) Importer(815301076,1909f56bfc062723c751e8b465ee728b)
Start importing Assets/AzurTestTask/Level.png using Guid(9a756f6f4538d4d4fac9e97a25d641f1) Importer(815301076,1909f56bfc062723c751e8b465ee728b)  -> (artifact id: 'ece36df32ccf30dcf26f2127598474c4') in 0.129052 seconds 
========================================================================
Received Prepare
Registering precompiled user dll's ...
Registered in 0.004333 seconds.
Begin MonoManager ReloadAssembly
Symbol file LoadedFromMemory doesn't match image C:\PetProjects\AzurTestTaskTA\Library\PackageCache\com.unity.visualscripting@1.8.0\Editor\VisualScripting.Core\Dependencies\YamlDotNet\Unity.VisualScripting.YamlDotNet.dll
Symbol file LoadedFromMemory doesn't match image C:\PetProjects\AzurTestTaskTA\Library\PackageCache\com.unity.visualscripting@1.8.0\Editor\VisualScripting.Core\Dependencies\DotNetZip\Unity.VisualScripting.IonicZip.dll
Native extension for WindowsStandalone target not found
Native extension for iOS target not found
Native extension for Android target not found
Native extension for WebGL target not found
Refreshing native plugins compatible for Editor in 0.57 ms, found 3 plugins.
Preloading 0 native plugins for Editor in 0.00 ms.
Mono: successfully reloaded assembly
- Completed reload, in  0.939 seconds
Domain Reload Profiling:
	ReloadAssembly (940ms)
		BeginReloadAssembly (133ms)
			ExecutionOrderSort (0ms)
			DisableScriptedObjects (5ms)
			BackupInstance (0ms)
			ReleaseScriptingObjects (0ms)
			CreateAndSetChildDomain (35ms)
		EndReloadAssembly (722ms)
			LoadAssemblies (87ms)
			RebuildTransferFunctionScriptingTraits (0ms)
			SetupTypeCache (233ms)
			ReleaseScriptCaches (1ms)
			RebuildScriptCaches (34ms)
			SetupLoadedEditorAssemblies (330ms)
				LogAssemblyErrors (0ms)
				InitializePlatformSupportModulesInManaged (31ms)
				SetLoadedEditorAssemblies (0ms)
				RefreshPlugins (1ms)
				BeforeProcessingInitializeOnLoad (57ms)
				ProcessInitializeOnLoadAttributes (207ms)
				ProcessInitializeOnLoadMethodAttributes (25ms)
				AfterProcessingInitializeOnLoad (8ms)
				EditorAssembliesLoaded (0ms)
			ExecutionOrderSort2 (0ms)
			AwakeInstancesAfterBackupRestoration (7ms)
Platform modules already initialized, skipping
Refreshing native plugins compatible for Editor in 2.70 ms, found 3 plugins.
Preloading 0 native plugins for Editor in 0.00 ms.
Unloading 3085 Unused Serialized files (Serialized files now loaded: 0)
Unloading 16 unused Assets / (22.0 KB). Loaded Objects now: 3848.
Memory consumption went from 146.8 MB to 146.7 MB.
Total: 4.589800 ms (FindLiveObjects: 0.510100 ms CreateObjectMapping: 0.114500 ms MarkObjects: 3.909500 ms  DeleteObjects: 0.054000 ms)

AssetImportParameters requested are different than current active one (requested -> active):
  custom:video-decoder-ogg-theora: a1e56fd34408186e4bbccfd4996cb3dc -> 
  custom:container-muxer-webm: aa71ff27fc2769a1b78a27578f13a17b -> 
  custom:container-demuxer-webm: 4f35f7cbe854078d1ac9338744f61a02 -> 
  custom:video-encoder-webm-vp8: eb34c28f22e8b96e1ab97ce403110664 -> 
  custom:audio-encoder-webm-vorbis: bf7c407c2cedff20999df2af8eb42d56 -> 
  custom:framework-win-MediaFoundation: 216162199b28c13a410421893ffa2e32 -> 
  custom:SearchIndexIgnoredProperties: e643bd26f0fe6173181afceb89e7c659 -> 
  custom:container-demuxer-ogg: 62fdf1f143b41e24485cea50d1cbac27 -> 
  custom:video-decoder-webm-vp8: 9c59270c3fd7afecdb556c50c9e8de78 -> 
  custom:audio-decoder-ogg-vorbis: bf7c407c2cedff20999df2af8eb42d56 -> 
========================================================================
Received Import Request.
  Time since last request: 72.076500 seconds.
  path: Assets/AzurTestTask/SpritesAtlas.spriteatlas
  artifactKey: Guid(ec35a52fd9e593d4b890eeacf4b5d0ea) Importer(815301076,1909f56bfc062723c751e8b465ee728b)
Start importing Assets/AzurTestTask/SpritesAtlas.spriteatlas using Guid(ec35a52fd9e593d4b890eeacf4b5d0ea) Importer(815301076,1909f56bfc062723c751e8b465ee728b)  -> (artifact id: 'ed9d22f5dc308648b5972e19f30920bf') in 0.016938 seconds 
========================================================================
Received Import Request.
  Time since last request: 13.451696 seconds.
  path: Assets/AzurTestTask/SpritesAtlas.spriteatlas
  artifactKey: Guid(ec35a52fd9e593d4b890eeacf4b5d0ea) Importer(815301076,1909f56bfc062723c751e8b465ee728b)
Start importing Assets/AzurTestTask/SpritesAtlas.spriteatlas using Guid(ec35a52fd9e593d4b890eeacf4b5d0ea) Importer(815301076,1909f56bfc062723c751e8b465ee728b)  -> (artifact id: 'b571c56bccae2bf382cf8947e651040c') in 0.003275 seconds 
========================================================================
Received Prepare
Registering precompiled user dll's ...
Registered in 0.003529 seconds.
Begin MonoManager ReloadAssembly
Symbol file LoadedFromMemory doesn't match image C:\PetProjects\AzurTestTaskTA\Library\PackageCache\com.unity.visualscripting@1.8.0\Editor\VisualScripting.Core\Dependencies\YamlDotNet\Unity.VisualScripting.YamlDotNet.dll
Symbol file LoadedFromMemory doesn't match image C:\PetProjects\AzurTestTaskTA\Library\PackageCache\com.unity.visualscripting@1.8.0\Editor\VisualScripting.Core\Dependencies\DotNetZip\Unity.VisualScripting.IonicZip.dll
Native extension for WindowsStandalone target not found
Native extension for iOS target not found
Native extension for Android target not found
Native extension for WebGL target not found
Refreshing native plugins compatible for Editor in 0.57 ms, found 3 plugins.
Preloading 0 native plugins for Editor in 0.00 ms.
Mono: successfully reloaded assembly
- Completed reload, in  0.908 seconds
Domain Reload Profiling:
	ReloadAssembly (909ms)
		BeginReloadAssembly (134ms)
			ExecutionOrderSort (0ms)
			DisableScriptedObjects (6ms)
			BackupInstance (0ms)
			ReleaseScriptingObjects (0ms)
			CreateAndSetChildDomain (33ms)
		EndReloadAssembly (694ms)
			LoadAssemblies (83ms)
			RebuildTransferFunctionScriptingTraits (0ms)
			SetupTypeCache (223ms)
			ReleaseScriptCaches (1ms)
			RebuildScriptCaches (34ms)
			SetupLoadedEditorAssemblies (319ms)
				LogAssemblyErrors (0ms)
				InitializePlatformSupportModulesInManaged (29ms)
				SetLoadedEditorAssemblies (0ms)
				RefreshPlugins (1ms)
				BeforeProcessingInitializeOnLoad (52ms)
				ProcessInitializeOnLoadAttributes (204ms)
				ProcessInitializeOnLoadMethodAttributes (25ms)
				AfterProcessingInitializeOnLoad (8ms)
				EditorAssembliesLoaded (0ms)
			ExecutionOrderSort2 (0ms)
			AwakeInstancesAfterBackupRestoration (7ms)
Platform modules already initialized, skipping
Refreshing native plugins compatible for Editor in 1.83 ms, found 3 plugins.
Preloading 0 native plugins for Editor in 0.00 ms.
Unloading 3085 Unused Serialized files (Serialized files now loaded: 0)
Unloading 16 unused Assets / (22.0 KB). Loaded Objects now: 3851.
Memory consumption went from 146.8 MB to 146.7 MB.
Total: 3.994800 ms (FindLiveObjects: 0.394800 ms CreateObjectMapping: 0.142400 ms MarkObjects: 3.420900 ms  DeleteObjects: 0.034500 ms)

AssetImportParameters requested are different than current active one (requested -> active):
  custom:video-decoder-ogg-theora: a1e56fd34408186e4bbccfd4996cb3dc -> 
  custom:container-muxer-webm: aa71ff27fc2769a1b78a27578f13a17b -> 
  custom:container-demuxer-webm: 4f35f7cbe854078d1ac9338744f61a02 -> 
  custom:video-encoder-webm-vp8: eb34c28f22e8b96e1ab97ce403110664 -> 
  custom:audio-encoder-webm-vorbis: bf7c407c2cedff20999df2af8eb42d56 -> 
  custom:framework-win-MediaFoundation: 216162199b28c13a410421893ffa2e32 -> 
  custom:SearchIndexIgnoredProperties: e643bd26f0fe6173181afceb89e7c659 -> 
  custom:container-demuxer-ogg: 62fdf1f143b41e24485cea50d1cbac27 -> 
  custom:video-decoder-webm-vp8: 9c59270c3fd7afecdb556c50c9e8de78 -> 
  custom:audio-decoder-ogg-vorbis: bf7c407c2cedff20999df2af8eb42d56 -> 
========================================================================
Received Prepare
Registering precompiled user dll's ...
Registered in 0.003826 seconds.
Begin MonoManager ReloadAssembly
Symbol file LoadedFromMemory doesn't match image C:\PetProjects\AzurTestTaskTA\Library\PackageCache\com.unity.visualscripting@1.8.0\Editor\VisualScripting.Core\Dependencies\YamlDotNet\Unity.VisualScripting.YamlDotNet.dll
Symbol file LoadedFromMemory doesn't match image C:\PetProjects\AzurTestTaskTA\Library\PackageCache\com.unity.visualscripting@1.8.0\Editor\VisualScripting.Core\Dependencies\DotNetZip\Unity.VisualScripting.IonicZip.dll
Native extension for WindowsStandalone target not found
Native extension for iOS target not found
Native extension for Android target not found
Native extension for WebGL target not found
Refreshing native plugins compatible for Editor in 0.59 ms, found 3 plugins.
Preloading 0 native plugins for Editor in 0.00 ms.
Mono: successfully reloaded assembly
- Completed reload, in  0.924 seconds
Domain Reload Profiling:
	ReloadAssembly (925ms)
		BeginReloadAssembly (135ms)
			ExecutionOrderSort (0ms)
			DisableScriptedObjects (8ms)
			BackupInstance (0ms)
			ReleaseScriptingObjects (0ms)
			CreateAndSetChildDomain (36ms)
		EndReloadAssembly (708ms)
			LoadAssemblies (84ms)
			RebuildTransferFunctionScriptingTraits (0ms)
			SetupTypeCache (218ms)
			ReleaseScriptCaches (1ms)
			RebuildScriptCaches (35ms)
			SetupLoadedEditorAssemblies (321ms)
				LogAssemblyErrors (0ms)
				InitializePlatformSupportModulesInManaged (30ms)
				SetLoadedEditorAssemblies (0ms)
				RefreshPlugins (1ms)
				BeforeProcessingInitializeOnLoad (54ms)
				ProcessInitializeOnLoadAttributes (208ms)
				ProcessInitializeOnLoadMethodAttributes (22ms)
				AfterProcessingInitializeOnLoad (7ms)
				EditorAssembliesLoaded (0ms)
			ExecutionOrderSort2 (0ms)
			AwakeInstancesAfterBackupRestoration (8ms)
Platform modules already initialized, skipping
Refreshing native plugins compatible for Editor in 2.55 ms, found 3 plugins.
Preloading 0 native plugins for Editor in 0.00 ms.
Unloading 3085 Unused Serialized files (Serialized files now loaded: 0)
Unloading 15 unused Assets / (22.1 KB). Loaded Objects now: 3854.
Memory consumption went from 146.8 MB to 146.7 MB.
Total: 4.647300 ms (FindLiveObjects: 0.579200 ms CreateObjectMapping: 0.294400 ms MarkObjects: 3.736800 ms  DeleteObjects: 0.035600 ms)

AssetImportParameters requested are different than current active one (requested -> active):
  custom:video-decoder-ogg-theora: a1e56fd34408186e4bbccfd4996cb3dc -> 
  custom:container-muxer-webm: aa71ff27fc2769a1b78a27578f13a17b -> 
  custom:container-demuxer-webm: 4f35f7cbe854078d1ac9338744f61a02 -> 
  custom:video-encoder-webm-vp8: eb34c28f22e8b96e1ab97ce403110664 -> 
  custom:audio-encoder-webm-vorbis: bf7c407c2cedff20999df2af8eb42d56 -> 
  custom:framework-win-MediaFoundation: 216162199b28c13a410421893ffa2e32 -> 
  custom:SearchIndexIgnoredProperties: e643bd26f0fe6173181afceb89e7c659 -> 
  custom:container-demuxer-ogg: 62fdf1f143b41e24485cea50d1cbac27 -> 
  custom:video-decoder-webm-vp8: 9c59270c3fd7afecdb556c50c9e8de78 -> 
  custom:audio-decoder-ogg-vorbis: bf7c407c2cedff20999df2af8eb42d56 -> 
========================================================================
Received Import Request.
  Time since last request: 119.857380 seconds.
  path: Assets/AzurTestTask/Orc/Orc_Orc_Albedo.png
  artifactKey: Guid(f42edd9675f886544bbdaa7f4d364c11) Importer(815301076,1909f56bfc062723c751e8b465ee728b)
Start importing Assets/AzurTestTask/Orc/Orc_Orc_Albedo.png using Guid(f42edd9675f886544bbdaa7f4d364c11) Importer(815301076,1909f56bfc062723c751e8b465ee728b)  -> (artifact id: 'd55ba870aa26932a7e68230ffd747f54') in 0.050006 seconds 
========================================================================
Received Prepare
Registering precompiled user dll's ...
Registered in 0.003433 seconds.
Begin MonoManager ReloadAssembly
Symbol file LoadedFromMemory doesn't match image C:\PetProjects\AzurTestTaskTA\Library\PackageCache\com.unity.visualscripting@1.8.0\Editor\VisualScripting.Core\Dependencies\YamlDotNet\Unity.VisualScripting.YamlDotNet.dll
Symbol file LoadedFromMemory doesn't match image C:\PetProjects\AzurTestTaskTA\Library\PackageCache\com.unity.visualscripting@1.8.0\Editor\VisualScripting.Core\Dependencies\DotNetZip\Unity.VisualScripting.IonicZip.dll
Native extension for WindowsStandalone target not found
Native extension for iOS target not found
Native extension for Android target not found
Native extension for WebGL target not found
Refreshing native plugins compatible for Editor in 0.58 ms, found 3 plugins.
Preloading 0 native plugins for Editor in 0.00 ms.
Mono: successfully reloaded assembly
- Completed reload, in  0.908 seconds
Domain Reload Profiling:
	ReloadAssembly (909ms)
		BeginReloadAssembly (131ms)
			ExecutionOrderSort (0ms)
			DisableScriptedObjects (5ms)
			BackupInstance (0ms)
			ReleaseScriptingObjects (0ms)
			CreateAndSetChildDomain (35ms)
		EndReloadAssembly (694ms)
			LoadAssemblies (80ms)
			RebuildTransferFunctionScriptingTraits (0ms)
			SetupTypeCache (221ms)
			ReleaseScriptCaches (1ms)
			RebuildScriptCaches (36ms)
			SetupLoadedEditorAssemblies (308ms)
				LogAssemblyErrors (0ms)
				InitializePlatformSupportModulesInManaged (30ms)
				SetLoadedEditorAssemblies (0ms)
				RefreshPlugins (1ms)
				BeforeProcessingInitializeOnLoad (52ms)
				ProcessInitializeOnLoadAttributes (192ms)
				ProcessInitializeOnLoadMethodAttributes (24ms)
				AfterProcessingInitializeOnLoad (8ms)
				EditorAssembliesLoaded (0ms)
			ExecutionOrderSort2 (0ms)
			AwakeInstancesAfterBackupRestoration (8ms)
Platform modules already initialized, skipping
Refreshing native plugins compatible for Editor in 2.30 ms, found 3 plugins.
Preloading 0 native plugins for Editor in 0.00 ms.
Unloading 3085 Unused Serialized files (Serialized files now loaded: 0)
Unloading 15 unused Assets / (22.0 KB). Loaded Objects now: 3857.
Memory consumption went from 146.8 MB to 146.8 MB.
Total: 4.291100 ms (FindLiveObjects: 0.480400 ms CreateObjectMapping: 0.126400 ms MarkObjects: 3.606400 ms  DeleteObjects: 0.076000 ms)

AssetImportParameters requested are different than current active one (requested -> active):
  custom:video-decoder-ogg-theora: a1e56fd34408186e4bbccfd4996cb3dc -> 
  custom:container-muxer-webm: aa71ff27fc2769a1b78a27578f13a17b -> 
  custom:container-demuxer-webm: 4f35f7cbe854078d1ac9338744f61a02 -> 
  custom:video-encoder-webm-vp8: eb34c28f22e8b96e1ab97ce403110664 -> 
  custom:audio-encoder-webm-vorbis: bf7c407c2cedff20999df2af8eb42d56 -> 
  custom:framework-win-MediaFoundation: 216162199b28c13a410421893ffa2e32 -> 
  custom:SearchIndexIgnoredProperties: e643bd26f0fe6173181afceb89e7c659 -> 
  custom:container-demuxer-ogg: 62fdf1f143b41e24485cea50d1cbac27 -> 
  custom:video-decoder-webm-vp8: 9c59270c3fd7afecdb556c50c9e8de78 -> 
  custom:audio-decoder-ogg-vorbis: bf7c407c2cedff20999df2af8eb42d56 -> 
========================================================================
Received Import Request.
  Time since last request: 17.766481 seconds.
  path: Assets/AzurTestTask/Orc/Orc_Orc_Albedo.png
  artifactKey: Guid(f42edd9675f886544bbdaa7f4d364c11) Importer(815301076,1909f56bfc062723c751e8b465ee728b)
Start importing Assets/AzurTestTask/Orc/Orc_Orc_Albedo.png using Guid(f42edd9675f886544bbdaa7f4d364c11) Importer(815301076,1909f56bfc062723c751e8b465ee728b)  -> (artifact id: 'a6f73aa4462777b3b63bb8292afc978b') in 0.047459 seconds 
========================================================================
Received Prepare
Refreshing native plugins compatible for Editor in 3.18 ms, found 3 plugins.
Preloading 0 native plugins for Editor in 0.00 ms.
Unloading 15 Unused Serialized files (Serialized files now loaded: 0)
Unloading 15 unused Assets / (21.9 KB). Loaded Objects now: 3857.
Memory consumption went from 85.1 MB to 85.0 MB.
Total: 3.022800 ms (FindLiveObjects: 0.260300 ms CreateObjectMapping: 0.080400 ms MarkObjects: 2.658900 ms  DeleteObjects: 0.022500 ms)

AssetImportParameters requested are different than current active one (requested -> active):
  custom:video-decoder-ogg-theora: a1e56fd34408186e4bbccfd4996cb3dc -> 
  custom:container-muxer-webm: aa71ff27fc2769a1b78a27578f13a17b -> 
  custom:container-demuxer-webm: 4f35f7cbe854078d1ac9338744f61a02 -> 
  custom:video-encoder-webm-vp8: eb34c28f22e8b96e1ab97ce403110664 -> 
  custom:audio-encoder-webm-vorbis: bf7c407c2cedff20999df2af8eb42d56 -> 
  custom:framework-win-MediaFoundation: 216162199b28c13a410421893ffa2e32 -> 
  custom:SearchIndexIgnoredProperties: e643bd26f0fe6173181afceb89e7c659 -> 
  custom:container-demuxer-ogg: 62fdf1f143b41e24485cea50d1cbac27 -> 
  custom:video-decoder-webm-vp8: 9c59270c3fd7afecdb556c50c9e8de78 -> 
  custom:audio-decoder-ogg-vorbis: bf7c407c2cedff20999df2af8eb42d56 -> 
========================================================================
Received Prepare
Refreshing native plugins compatible for Editor in 3.11 ms, found 3 plugins.
Preloading 0 native plugins for Editor in 0.00 ms.
Unloading 15 Unused Serialized files (Serialized files now loaded: 0)
Unloading 15 unused Assets / (21.9 KB). Loaded Objects now: 3857.
Memory consumption went from 85.1 MB to 85.1 MB.
Total: 3.749400 ms (FindLiveObjects: 0.328100 ms CreateObjectMapping: 0.102900 ms MarkObjects: 3.283900 ms  DeleteObjects: 0.033700 ms)

AssetImportParameters requested are different than current active one (requested -> active):
  custom:video-decoder-ogg-theora: a1e56fd34408186e4bbccfd4996cb3dc -> 
  custom:container-muxer-webm: aa71ff27fc2769a1b78a27578f13a17b -> 
  custom:container-demuxer-webm: 4f35f7cbe854078d1ac9338744f61a02 -> 
  custom:video-encoder-webm-vp8: eb34c28f22e8b96e1ab97ce403110664 -> 
  custom:audio-encoder-webm-vorbis: bf7c407c2cedff20999df2af8eb42d56 -> 
  custom:framework-win-MediaFoundation: 216162199b28c13a410421893ffa2e32 -> 
  custom:SearchIndexIgnoredProperties: e643bd26f0fe6173181afceb89e7c659 -> 
  custom:container-demuxer-ogg: 62fdf1f143b41e24485cea50d1cbac27 -> 
  custom:video-decoder-webm-vp8: 9c59270c3fd7afecdb556c50c9e8de78 -> 
  custom:audio-decoder-ogg-vorbis: bf7c407c2cedff20999df2af8eb42d56 -> 
========================================================================
Received Prepare
Refreshing native plugins compatible for Editor in 3.56 ms, found 3 plugins.
Preloading 0 native plugins for Editor in 0.00 ms.
Unloading 15 Unused Serialized files (Serialized files now loaded: 0)
Unloading 15 unused Assets / (21.9 KB). Loaded Objects now: 3857.
Memory consumption went from 85.1 MB to 85.1 MB.
Total: 3.732900 ms (FindLiveObjects: 0.273200 ms CreateObjectMapping: 0.097600 ms MarkObjects: 3.331100 ms  DeleteObjects: 0.030100 ms)

AssetImportParameters requested are different than current active one (requested -> active):
  custom:video-decoder-ogg-theora: a1e56fd34408186e4bbccfd4996cb3dc -> 
  custom:container-muxer-webm: aa71ff27fc2769a1b78a27578f13a17b -> 
  custom:container-demuxer-webm: 4f35f7cbe854078d1ac9338744f61a02 -> 
  custom:video-encoder-webm-vp8: eb34c28f22e8b96e1ab97ce403110664 -> 
  custom:audio-encoder-webm-vorbis: bf7c407c2cedff20999df2af8eb42d56 -> 
  custom:framework-win-MediaFoundation: 216162199b28c13a410421893ffa2e32 -> 
  custom:SearchIndexIgnoredProperties: e643bd26f0fe6173181afceb89e7c659 -> 
  custom:container-demuxer-ogg: 62fdf1f143b41e24485cea50d1cbac27 -> 
  custom:video-decoder-webm-vp8: 9c59270c3fd7afecdb556c50c9e8de78 -> 
  custom:audio-decoder-ogg-vorbis: bf7c407c2cedff20999df2af8eb42d56 -> 
========================================================================
Received Prepare
Refreshing native plugins compatible for Editor in 3.23 ms, found 3 plugins.
Preloading 0 native plugins for Editor in 0.00 ms.
Unloading 15 Unused Serialized files (Serialized files now loaded: 0)
Unloading 15 unused Assets / (21.9 KB). Loaded Objects now: 3857.
Memory consumption went from 85.1 MB to 85.0 MB.
Total: 3.871900 ms (FindLiveObjects: 0.280800 ms CreateObjectMapping: 0.233600 ms MarkObjects: 3.326400 ms  DeleteObjects: 0.030500 ms)

AssetImportParameters requested are different than current active one (requested -> active):
  custom:video-decoder-ogg-theora: a1e56fd34408186e4bbccfd4996cb3dc -> 
  custom:container-muxer-webm: aa71ff27fc2769a1b78a27578f13a17b -> 
  custom:container-demuxer-webm: 4f35f7cbe854078d1ac9338744f61a02 -> 
  custom:video-encoder-webm-vp8: eb34c28f22e8b96e1ab97ce403110664 -> 
  custom:audio-encoder-webm-vorbis: bf7c407c2cedff20999df2af8eb42d56 -> 
  custom:framework-win-MediaFoundation: 216162199b28c13a410421893ffa2e32 -> 
  custom:SearchIndexIgnoredProperties: e643bd26f0fe6173181afceb89e7c659 -> 
  custom:container-demuxer-ogg: 62fdf1f143b41e24485cea50d1cbac27 -> 
  custom:video-decoder-webm-vp8: 9c59270c3fd7afecdb556c50c9e8de78 -> 
  custom:audio-decoder-ogg-vorbis: bf7c407c2cedff20999df2af8eb42d56 -> 
